Customer_ID,Age,Gender,Region,Income,Total_Purchases,Avg_Order_Value,Total_Spend,Signup_Date,Churn,Row_Notes
CUST100000,39.0,Female,North,45199.51,5,1385.33,6068.32,2022-02-20,Yes,auto-generated record
CUST100001,27.0,Female,West,67096.45,9,3076.44,27820.68,2023-05-29,Yes,auto-generated record
CUST100002,35.0,Female,South,84041.1,10,3482.34,31038.17,2022-10-20,Yes,auto-generated record
CUST100003,33.0,Male,West,60503.1,10,2360.35,23789.71,2022-04-02,Yes,auto-generated record
CUST100004,35.0,Female,Central,70827.27,9,2174.78,18746.8,2023-04-08,Yes,auto-generated record
CUST100005,60.0,Male,East,73777.73,11,1845.27,18292.44,2023-11-18,No,auto-generated record
CUST100006,43.0,Male,East,72193.17,10,1294.85,11823.01,2023-01-17,No,auto-generated record
CUST100007,18.0,Female,North,35619.74,7,1663.9,10859.73,2023-03-19,No,auto-generated record
CUST100008,60.0,Other,South,87354.75,17,2888.57,38504.55,2023-11-28,No,auto-generated record
CUST100009,42.0,Male,East,68314.34,11,1163.29,10479.07,2023-02-13,No,auto-generated record
CUST100010,49.0,Female,West,95187.49,12,1343.41,12586.21,2023-05-07,Yes,auto-generated record
CUST100011,57.0,Female,West,79321.6,12,1381.53,13844.77,2024-06-06,No,auto-generated record
CUST100012,28.0,Female,South,40076.31,9,1848.3,15501.17,2022-08-04,No,auto-generated record
CUST100013,42.0,Male,North,81185.79,17,2119.12,27898.05,2023-12-10,No,auto-generated record
CUST100014,36.0,Male,South,83161.65,10,1820.89,16154.36,2022-11-25,Yes,auto-generated record
CUST100015,34.0,Male,Central,76857.04,12,2568.94,24552.91,2023-03-31,No,auto-generated record
CUST100016,34.0,Female,North,52434.16,6,1120.93,4980.75,2022-03-16,Yes,auto-generated record
CUST100017,39.0,Male,East,51832.39,10,2057.54,19286.06,2022-01-31,No,auto-generated record
CUST100018,52.0,Female,Central,87582.39,11,1095.25,9370.82,2022-02-28,Yes,auto-generated record
CUST100019,,Male,North,47745.92,9,1526.14,10155.6,2023-03-18,No,auto-generated record
CUST100020,41.0,Female,East,75728.49,10,1372.19,12969.77,2024-02-25,No,auto-generated record
CUST100021,52.0,Female,Central,65670.56,9,2140.48,17992.03,2022-12-03,No,auto-generated record
CUST100022,18.0,Male,South,41158.43,8,1714.44,14184.79,2022-08-17,No,auto-generated record
CUST100023,38.0,Female,East,52339.71,14,1131.42,16440.89,2022-09-04,No,auto-generated record
CUST100024,42.0,Female,Central,50599.87,8,1607.3,11124.95,2022-10-12,Yes,auto-generated record
CUST100025,42.0,Female,North,69406.11,12,1246.89,15063.18,2023-05-17,No,auto-generated record
CUST100026,55.0,Male,East,52170.27,8,219.77,1622.79,2023-03-02,Yes,auto-generated record
CUST100027,40.0,Male,West,58154.82,12,2278.44,28853.21,2024-04-21,Yes,auto-generated record
CUST100028,55.0,Female,West,59873.09,11,1055.59,12660.01,2022-10-15,No,auto-generated record
CUST100029,36.0,Male,East,65482.07,11,1014.13,9529.72,2024-02-14,Yes,auto-generated record
CUST100030,46.0,Female,North,79678.39,13,2856.49,35779.02,2022-04-11,Yes,auto-generated record
CUST100031,39.0,Female,East,32641.28,7,1483.02,8677.34,2022-01-24,Yes,auto-generated record
CUST100032,,Female,South,65625.37,7,699.28,3868.46,2022-04-06,No,auto-generated record
CUST100033,44.0,Female,East,48294.47,9,1199.73,11338.8,2022-03-08,Yes,auto-generated record
CUST100034,45.0,Male,South,57495.11,11,1720.95,19246.94,2023-06-03,No,auto-generated record
CUST100035,27.0,Male,Central,53296.44,11,2335.19,20917.05,2023-10-13,No,auto-generated record
CUST100036,50.0,Female,West,90922.38,11,1662.41,19984.94,2023-05-17,No,auto-generated record
CUST100037,35.0,Male,South,85407.58,9,2221.95,14190.91,2022-05-25,No,auto-generated record
CUST100038,39.0,Female,East,54999.26,9,2775.77,18095.42,2023-01-03,No,auto-generated record
CUST100039,18.0,Female,South,48682.99,10,2740.1,24761.54,2023-11-14,Yes,auto-generated record
CUST100040,38.0,Male,East,85046.14,10,1784.75,16768.12,2024-03-16,Yes,auto-generated record
CUST100041,18.0,Female,South,62251.27,13,1452.27,17367.85,2022-08-19,Yes,auto-generated record
CUST100042,49.0,Male,West,96108.16,13,2657.48,35584.92,2022-06-18,Yes,auto-generated record
CUST100043,29.0,Female,South,43793.68,10,3516.34,31364.08,2022-12-27,No,auto-generated record
CUST100044,33.0,Male,East,78143.24,9,1001.49,9761.52,2022-11-25,No,auto-generated record
CUST100045,36.0,Female,West,49582.82,6,1961.73,12679.49,2023-06-11,No,auto-generated record
CUST100046,22.0,Male,South,15000.0,9,2068.85,17220.08,2022-12-02,No,auto-generated record
CUST100047,38.0,Male,Central,72672.97,11,2938.76,29298.6,2024-06-03,No,auto-generated record
CUST100048,23.0,Male,North,37412.46,12,2589.34,33215.72,2023-03-13,No,auto-generated record
CUST100049,36.0,Female,West,71292.23,12,2466.39,24758.06,2022-12-08,Yes,auto-generated record
CUST100050,48.0,Male,South,56584.52,10,2488.6,19645.0,2024-05-27,Yes,auto-generated record
CUST100051,54.0,Female,South,86311.54,10,2159.69,20417.85,2022-03-23,Yes,auto-generated record
CUST100052,55.0,Female,East,39511.13,8,2465.54,16035.74,2022-02-22,No,auto-generated record
CUST100053,35.0,Male,East,29823.28,10,1517.92,10644.71,2022-02-19,No,auto-generated record
CUST100054,27.0,Female,South,82648.11,15,1416.29,22625.51,2023-06-17,No,auto-generated record
CUST100055,44.0,Other,North,80440.33,15,2223.53,36262.1,2023-07-24,No,auto-generated record
CUST100056,57.0,Female,North,66552.76,11,1706.83,19775.62,2022-08-16,No,auto-generated record
CUST100057,28.0,Male,West,26700.05,8,1977.2,15690.62,2024-02-23,No,auto-generated record
CUST100058,54.0,Female,East,79129.06,11,1300.61,13367.14,2022-09-22,No,auto-generated record
CUST100059,36.0,Female,West,102622.99,20,2129.34,40012.47,2022-12-02,No,auto-generated record
CUST100060,18.0,Female,Central,46336.94,13,2312.05,22541.5,2024-06-03,Yes,auto-generated record
CUST100061,39.0,Male,West,52025.0,6,1609.7,9665.45,2023-04-25,No,auto-generated record
CUST100062,61.0,Male,North,50612.22,8,1224.77,8559.27,2022-05-27,No,auto-generated record
CUST100063,47.0,Male,South,69671.03,15,1136.95,13696.03,2023-05-21,Yes,auto-generated record
CUST100064,51.0,Male,East,61295.64,9,1349.58,8630.99,2022-12-20,Yes,auto-generated record
CUST100065,43.0,Female,South,32570.14,8,2431.89,14856.98,2023-07-04,No,auto-generated record
CUST100066,18.0,Male,Central,39623.08,8,2219.41,12977.37,2022-10-11,No,auto-generated record
CUST100067,18.0,Female,Central,69788.36,13,2283.63,28839.36,2023-04-05,Yes,auto-generated record
CUST100068,25.0,Male,Central,34294.31,12,1209.11,10170.91,2023-02-05,No,auto-generated record
CUST100069,33.0,Male,East,61586.68,12,1057.17,13924.33,2024-04-21,No,auto-generated record
CUST100070,26.0,Male,Central,73372.05,17,1061.93,17294.18,2023-05-05,Yes,auto-generated record
CUST100071,28.0,Female,North,69050.6,12,2228.16,21592.75,2022-07-26,No,auto-generated record
CUST100072,47.0,Female,South,28977.14,9,1279.08,9503.22,2023-04-04,Yes,auto-generated record
CUST100073,56.0,Male,East,74193.75,11,1718.23,16747.48,2022-06-28,Yes,auto-generated record
CUST100074,18.0,Male,West,32260.02,5,1291.56,6947.28,2022-06-10,No,auto-generated record
CUST100075,25.0,Male,East,18064.48,9,1885.63,12120.58,2022-11-11,No,auto-generated record
CUST100076,37.0,Male,North,63347.88,15,1772.57,19501.94,2024-06-04,No,auto-generated record
CUST100077,36.0,Female,South,28221.46,9,1602.55,10104.63,2022-03-04,No,auto-generated record
CUST100078,18.0,Female,South,47805.77,11,1921.96,22979.98,2022-01-30,Yes,auto-generated record
CUST100079,73.0,Male,South,90886.24,12,778.39,8041.06,2022-01-06,Yes,auto-generated record
CUST100080,47.0,Female,North,70742.97,15,2809.7,34748.89,2024-02-21,No,auto-generated record
CUST100081,42.0,Female,South,56784.94,6,955.07,6226.97,2022-05-12,Yes,auto-generated record
CUST100082,18.0,Female,East,68785.0,13,1520.23,15896.43,2023-05-31,No,auto-generated record
CUST100083,42.0,Female,West,60253.08,13,3293.64,40760.54,2023-01-11,Yes,auto-generated record
CUST100084,24.0,Male,West,68174.68,9,2091.8,15848.15,2023-04-05,No,auto-generated record
CUST100085,44.0,Female,East,80047.69,17,1891.86,25441.4,2023-01-18,No,auto-generated record
CUST100086,42.0,Other,East,41099.66,11,1913.26,15052.71,2022-11-10,Yes,auto-generated record
CUST100087,39.0,Female,West,88013.05,11,2016.46,15727.04,2022-01-08,Yes,auto-generated record
CUST100088,43.0,Female,Central,56925.24,10,2300.74,16473.5,2022-06-08,No,auto-generated record
CUST100089,31.0,Female,West,56919.14,10,2858.23,23525.36,2023-06-03,Yes,auto-generated record
CUST100090,40.0,Male,West,61813.91,9,2179.57,20647.91,2022-06-26,No,auto-generated record
CUST100091,18.0,Male,Central,46797.99,8,1279.77,10058.53,2022-09-07,Yes,auto-generated record
CUST100092,47.0,Male,North,,11,1727.34,13627.59,2023-08-12,No,auto-generated record
CUST100093,36.0,Male,Central,66855.45,8,1227.93,10550.86,2022-08-15,No,auto-generated record
CUST100094,69.0,Male,South,56145.11,9,1373.77,13073.0,2023-07-31,Yes,auto-generated record
CUST100095,39.0,Female,East,66634.75,11,1530.85,13116.52,2022-03-03,No,auto-generated record
CUST100096,18.0,Female,West,65071.39,10,679.19,5148.49,2023-05-28,No,auto-generated record
CUST100097,57.0,Female,West,53148.46,6,2501.19,13456.29,2024-01-12,No,auto-generated record
CUST100098,29.0,Female,North,49182.16,11,1936.41,16471.12,2022-06-29,No,auto-generated record
CUST100099,24.0,Female,West,63072.28,13,1202.98,13873.92,2023-08-28,No,auto-generated record
CUST100100,38.0,Female,North,57196.63,11,100.0,1118.7,2024-01-01,No,auto-generated record
CUST100101,54.0,Female,South,73870.75,9,1811.03,13715.38,2024-06-12,Yes,auto-generated record
CUST100102,62.0,Female,West,63868.48,17,1540.47,24953.12,2022-10-07,Yes,auto-generated record
CUST100103,33.0,Female,South,50256.86,11,2752.45,31044.45,2023-04-04,No,auto-generated record
CUST100104,41.0,Male,East,54650.1,14,3666.48,44525.84,2022-02-28,No,auto-generated record
CUST100105,41.0,Female,West,64232.11,6,1635.44,8971.38,2024-05-12,No,auto-generated record
CUST100106,30.0,Male,Central,76414.41,9,2100.84,14257.26,2024-03-25,No,auto-generated record
CUST100107,32.0,Male,West,25645.86,11,2923.26,35064.6,2022-04-20,No,auto-generated record
CUST100108,36.0,Female,North,48413.3,11,1924.42,15648.03,2023-07-18,Yes,auto-generated record
CUST100109,37.0,Male,South,50386.32,8,1721.47,11832.4,2022-05-16,Yes,auto-generated record
CUST100110,51.0,Female,East,47257.74,13,2555.87,24041.9,2022-08-07,No,auto-generated record
CUST100111,18.0,Male,North,43156.15,15,1845.92,26579.96,2023-09-26,No,auto-generated record
CUST100112,44.0,Male,East,80533.1,14,2439.88,25906.54,2023-06-24,Yes,auto-generated record
CUST100113,43.0,Female,East,77454.71,14,1614.11,17466.59,2023-05-01,No,auto-generated record
CUST100114,55.0,Female,Central,52037.69,9,541.2,4802.35,2022-01-29,Yes,auto-generated record
CUST100115,33.0,Male,Central,30274.08,10,2052.38,20348.97,2022-01-08,No,auto-generated record
CUST100116,33.0,Female,North,63648.79,9,2284.53,18393.31,2022-02-14,No,auto-generated record
CUST100117,39.0,Male,South,66614.17,11,2581.27,26393.59,2024-04-16,Yes,auto-generated record
CUST100118,31.0,Female,West,34405.74,13,3109.06,28720.89,2022-05-30,No,auto-generated record
CUST100119,31.0,Female,North,59224.94,12,2524.3,29607.11,2023-06-27,No,auto-generated record
CUST100120,30.0,Female,South,62947.92,14,2331.89,29579.07,2023-07-02,Yes,auto-generated record
CUST100121,30.0,Female,East,67189.54,11,1919.27,22549.43,2023-04-15,No,auto-generated record
CUST100122,26.0,Female,North,45103.35,9,824.03,6722.03,2022-09-30,No,auto-generated record
CUST100123,31.0,Female,West,64668.44,12,1765.06,21878.63,2024-05-26,Yes,auto-generated record
CUST100124,29.0,Male,Central,,12,2035.53,23440.43,2023-04-01,No,auto-generated record
CUST100125,29.0,Other,North,70313.64,8,677.67,5185.32,2023-05-06,No,auto-generated record
CUST100126,22.0,Female,East,57449.44,8,2765.15,16853.35,2023-06-13,Yes,auto-generated record
CUST100127,49.0,Male,West,72293.43,7,1332.62,7981.66,2023-02-23,Yes,auto-generated record
CUST100128,42.0,Male,Central,59208.17,10,2207.46,19275.73,2022-07-17,No,auto-generated record
CUST100129,37.0,Male,South,52912.54,10,1509.34,11550.49,2022-02-27,Yes,auto-generated record
CUST100130,25.0,Female,North,58025.55,15,2235.05,30209.31,2023-01-16,No,auto-generated record
CUST100131,,Female,Central,75613.13,11,2595.56,25390.12,2022-07-14,No,auto-generated record
CUST100132,35.0,Male,Central,50206.01,10,2009.65,19864.58,2023-06-16,No,auto-generated record
CUST100133,37.0,Male,North,,14,2282.23,28031.66,2023-06-07,Yes,auto-generated record
CUST100134,39.0,Male,East,,9,2424.89,22830.93,2023-04-24,No,auto-generated record
CUST100135,36.0,Female,West,45645.97,11,1652.13,18912.15,2022-01-10,No,auto-generated record
CUST100136,50.0,Male,Central,37750.12,6,2004.51,12965.33,2024-05-09,Yes,auto-generated record
CUST100137,28.0,Female,North,37800.0,6,2391.41,13182.46,2022-12-03,No,auto-generated record
CUST100138,30.0,Female,West,50249.44,11,2172.0,21685.16,2023-08-07,No,auto-generated record
CUST100139,40.0,Female,West,58394.78,13,1935.15,27068.95,2022-08-29,No,auto-generated record
CUST100140,35.0,Male,East,16993.61,6,1581.01,6880.5,2023-03-09,Yes,auto-generated record
CUST100141,44.0,Male,North,24167.05,5,2872.19,15468.31,2022-06-04,No,auto-generated record
CUST100142,49.0,Male,North,75028.81,12,2087.39,23010.36,2022-10-11,No,auto-generated record
CUST100143,54.0,Male,South,37479.03,15,2376.57,38331.27,2023-07-27,Yes,auto-generated record
CUST100144,49.0,F,West,73243.34,13,319.24,4352.15,2022-03-22,No,auto-generated record
CUST100145,35.0,Male,North,78730.38,8,1403.57,11909.59,2023-03-28,Yes,auto-generated record
CUST100146,36.0,Female,North,15000.0,6,853.66,5230.99,2022-08-03,No,auto-generated record
CUST100147,33.0,Male,South,,11,1547.85,13076.73,2022-06-25,No,auto-generated record
CUST100148,52.0,Male,North,62659.66,13,2548.26,28390.86,2024-02-10,No,auto-generated record
CUST100149,35.0,Male,North,50853.62,10,2716.57,22742.44,2023-10-02,Yes,auto-generated record
CUST100150,28.0,Other,North,61674.36,18,2303.15,40611.91,2024-06-05,No,auto-generated record
CUST100151,25.0,Male,East,52868.71,16,768.35,8877.2,2023-04-23,No,auto-generated record
CUST100152,47.0,,West,70135.71,15,1959.23,27277.2,2022-08-23,No,auto-generated record
CUST100153,27.0,Female,South,87311.47,13,1418.44,18069.62,2022-11-18,No,auto-generated record
CUST100154,18.0,Male,North,57260.8,9,2395.17,21062.7,2023-07-20,No,auto-generated record
CUST100155,46.0,Male,South,38492.63,11,2346.95,21560.82,2024-05-01,No,auto-generated record
CUST100156,42.0,Male,East,83917.95,8,1172.16,8327.53,2024-02-15,Yes,auto-generated record
CUST100157,47.0,Female,Central,80560.9,11,,27287.18,2023-08-12,No,auto-generated record
CUST100158,50.0,Male,Central,87294.2,10,1700.06,17473.53,2023-09-10,No,auto-generated record
CUST100159,44.0,Male,South,66578.05,11,2301.31,21386.76,2023-01-16,No,auto-generated record
CUST100160,43.0,Female,North,75281.43,14,2621.05,39362.65,2022-05-11,No,auto-generated record
CUST100161,39.0,Male,Central,93393.6,10,1252.32,12223.79,2022-05-21,Yes,auto-generated record
CUST100162,29.0,Male,Central,54032.43,11,,22725.41,2023-06-10,No,auto-generated record
CUST100163,18.0,Male,East,40952.95,9,1628.8,14651.19,2024-05-15,No,auto-generated record
CUST100164,18.0,Female,West,77789.34,10,2429.88,26223.79,2024-04-01,Yes,auto-generated record
CUST100165,43.0,Female,Central,53406.72,9,384.79,2875.1,2023-01-28,Yes,auto-generated record
CUST100166,48.0,Female,East,81538.23,12,2298.77,20071.98,2022-12-01,Yes,auto-generated record
CUST100167,38.0,Male,Central,48594.75,14,1616.12,21138.57,2023-04-03,No,auto-generated record
CUST100168,29.0,Female,North,46940.01,9,1705.1,12687.17,2024-03-22,No,auto-generated record
CUST100169,46.0,Male,South,65852.68,8,1137.61,9558.02,2024-03-04,No,auto-generated record
CUST100170,38.0,Female,South,63835.77,11,2253.65,18601.34,2022-02-11,Yes,auto-generated record
CUST100171,38.0,Female,North,44559.51,8,1501.68,8544.21,2022-07-20,No,auto-generated record
CUST100172,34.0,Male,Central,85994.31,10,960.09,9514.6,2024-04-24,No,auto-generated record
CUST100173,24.0,Other,North,46437.09,10,3077.8,27450.59,2022-08-28,No,auto-generated record
CUST100174,26.0,Female,West,67159.03,8,1597.56,13012.81,2023-05-19,Yes,auto-generated record
CUST100175,43.0,Female,North,43564.96,11,1216.45,10024.58,2023-10-13,Yes,auto-generated record
CUST100176,58.0,Female,South,53490.95,11,2090.62,17383.61,2023-05-16,Yes,auto-generated record
CUST100177,59.0,Female,South,54466.13,11,2365.54,23055.6,2023-09-10,Yes,auto-generated record
CUST100178,36.0,Male,North,60536.92,12,1712.17,14565.29,2022-04-13,No,auto-generated record
CUST100179,44.0,Male,East,62950.41,14,2425.66,32432.72,2023-10-20,Yes,auto-generated record
CUST100180,37.0,Male,East,61833.36,12,1274.32,11165.78,2023-07-21,Yes,auto-generated record
CUST100181,40.0,Female,South,59230.43,8,1556.2,11715.77,2022-03-12,Yes,auto-generated record
CUST100182,43.0,Female,West,76228.37,12,1797.74,22792.02,2023-12-21,No,auto-generated record
CUST100183,49.0,Male,North,77816.69,13,1557.71,17012.92,2023-06-10,Yes,auto-generated record
CUST100184,24.0,Other,North,,9,2111.33,17896.42,2024-01-01,No,auto-generated record
CUST100185,59.0,Male,South,67187.02,12,2439.41,24752.43,2023-11-19,No,auto-generated record
CUST100186,37.0,Male,South,66194.93,12,1431.21,16077.42,2024-05-12,No,auto-generated record
CUST100187,26.0,Male,North,67590.95,10,1274.55,11853.81,2022-05-03,No,auto-generated record
CUST100188,66.0,Female,Central,75916.95,9,1793.15,17276.88,2023-08-29,Yes,auto-generated record
CUST100189,27.0,Female,Central,49165.31,14,1216.27,18043.57,2023-08-16,No,auto-generated record
CUST100190,38.0,Female,North,52671.06,10,1692.43,14408.34,2023-03-09,No,auto-generated record
CUST100191,29.0,Male,South,57011.35,12,,15892.9,2024-04-01,Yes,auto-generated record
CUST100192,52.0,Male,South,71386.23,9,2663.66,18774.25,2023-03-12,No,auto-generated record
CUST100193,18.0,Female,East,33652.58,9,680.07,4731.43,2022-07-20,Yes,auto-generated record
CUST100194,42.0,Male,South,42044.63,10,1182.33,9562.65,2023-03-18,No,auto-generated record
CUST100195,19.0,Female,East,45620.92,10,1421.32,10193.43,2022-06-20,Yes,auto-generated record
CUST100196,57.0,Female,Central,65670.19,7,1793.05,13763.1,2024-04-09,Yes,auto-generated record
CUST100197,63.0,Female,South,54318.48,7,1299.16,9040.28,2022-09-20,Yes,auto-generated record
CUST100198,49.0,F,West,54023.4,11,2116.79,25266.17,2022-06-11,No,auto-generated record
CUST100199,29.0,Female,East,41366.6,10,2112.9,15433.0,2023-07-13,Yes,auto-generated record
CUST100200,52.0,Male,West,71640.04,12,1185.91,10119.87,2024-04-25,Yes,auto-generated record
CUST100201,65.0,Female,North,31166.93,7,1147.02,8059.65,2022-12-27,No,auto-generated record
CUST100202,41.0,Female,West,59052.85,5,1018.97,5210.9,2023-07-29,Yes,auto-generated record
CUST100203,34.0,Female,Central,45317.77,14,2566.73,36481.47,2024-03-27,No,auto-generated record
CUST100204,56.0,Male,East,64156.06,7,2084.23,13322.64,2022-08-29,No,auto-generated record
CUST100205,22.0,Male,South,56801.4,11,2138.87,22640.0,2024-05-05,Yes,auto-generated record
CUST100206,35.0,Female,West,15000.0,7,3373.79,19739.41,2023-12-29,No,auto-generated record
CUST100207,38.0,Female,West,78062.7,12,1927.92,21449.22,2023-03-02,Yes,auto-generated record
CUST100208,40.0,Male,West,71692.25,10,1604.0,12623.2,2022-07-12,No,auto-generated record
CUST100209,51.0,Female,North,90107.51,12,841.86,7498.31,2024-06-09,Yes,auto-generated record
CUST100210,36.0,Male,Central,71533.73,14,2341.16,27532.65,2023-10-29,No,auto-generated record
CUST100211,25.0,Male,Central,70537.63,7,1796.05,9398.35,2023-08-15,Yes,auto-generated record
CUST100212,21.0,Female,South,62888.77,9,1808.15,13011.62,2023-05-11,Yes,auto-generated record
CUST100213,36.0,Other,East,85887.11,13,3466.74,48801.3,2024-01-25,No,auto-generated record
CUST100214,,Male,North,36499.73,10,2003.89,18123.88,2024-02-17,Yes,auto-generated record
CUST100215,50.0,Male,Central,60167.21,6,1531.87,7323.26,2024-04-17,No,auto-generated record
CUST100216,46.0,,West,44430.68,7,1764.42,12083.99,2022-04-09,No,auto-generated record
CUST100217,22.0,Female,East,69059.78,14,2136.98,31581.85,2022-05-16,No,auto-generated record
CUST100218,45.0,Male,West,65021.91,10,1876.51,14868.91,2023-12-24,No,auto-generated record
CUST100219,30.0,Male,North,84766.06,11,2632.58,31293.02,2022-03-15,No,auto-generated record
CUST100220,54.0,Female,South,65677.88,5,2320.32,10380.93,2024-04-05,Yes,auto-generated record
CUST100221,34.0,Male,South,54045.83,8,1512.36,13280.6,2023-11-10,No,auto-generated record
CUST100222,35.0,Female,East,54380.93,10,2143.88,16159.14,2023-08-05,Yes,auto-generated record
CUST100223,31.0,Female,North,43016.42,10,1791.43,15296.37,2023-03-19,Yes,auto-generated record
CUST100224,50.0,Female,Central,25880.1,10,3452.95,31834.49,2023-04-22,No,auto-generated record
CUST100225,37.0,Female,East,57445.08,10,1026.69,9548.06,2022-04-01,No,auto-generated record
CUST100226,71.0,Female,East,60557.62,11,1394.05,16705.44,2024-01-10,No,auto-generated record
CUST100227,52.0,Male,North,54600.49,8,721.05,4757.73,2023-08-03,No,auto-generated record
CUST100228,24.0,Female,West,33828.55,13,1676.07,21405.26,2022-06-07,No,auto-generated record
CUST100229,38.0,Female,West,59977.13,13,1680.65,19448.69,2022-07-06,No,auto-generated record
CUST100230,51.0,Male,East,43714.36,9,1151.51,10618.21,2023-05-25,No,auto-generated record
CUST100231,48.0,Female,South,66063.07,11,2313.01,27331.22,2024-05-05,No,auto-generated record
CUST100232,46.0,Female,West,56470.27,13,1481.06,13814.94,2024-02-06,No,auto-generated record
CUST100233,41.0,Other,North,53449.87,9,2424.65,22079.37,2022-08-18,No,auto-generated record
CUST100234,20.0,Female,Central,24784.32,15,1683.16,26157.42,2022-09-15,Yes,auto-generated record
CUST100235,20.0,Female,East,58715.15,10,1475.97,15830.89,2022-09-24,No,auto-generated record
CUST100236,48.0,Female,South,76625.02,12,1763.54,15391.33,2024-05-18,No,auto-generated record
CUST100237,31.0,Female,East,53778.84,5,1479.41,6025.85,2023-06-01,Yes,auto-generated record
CUST100238,38.0,Female,East,47855.87,9,2976.63,28606.42,2022-08-09,Yes,auto-generated record
CUST100239,,Female,South,71515.01,9,2331.74,15301.97,2022-11-15,No,auto-generated record
CUST100240,18.0,Female,Central,66112.42,13,2474.39,25154.57,2024-02-06,No,auto-generated record
CUST100241,,Other,South,44522.95,9,2413.03,21366.54,2023-12-12,No,auto-generated record
CUST100242,45.0,Female,Central,108788.77,11,1816.75,19147.73,2022-12-28,No,auto-generated record
CUST100243,31.0,Female,Central,78060.96,13,1870.97,26076.45,2023-06-17,No,auto-generated record
CUST100244,34.0,Other,North,83679.64,12,2394.66,25635.15,2024-03-18,No,auto-generated record
CUST100245,52.0,Female,West,69847.82,13,2127.9,24641.72,2022-08-26,No,auto-generated record
CUST100246,35.0,Male,South,64448.34,16,2308.37,32027.68,2022-10-27,No,auto-generated record
CUST100247,37.0,Female,West,40461.19,6,1523.36,9093.16,2024-05-17,Yes,auto-generated record
CUST100248,,Female,East,54855.13,5,842.64,3518.37,2022-03-09,Yes,auto-generated record
CUST100249,18.0,Female,East,53210.0,5,1923.58,7550.34,2022-09-10,Yes,auto-generated record
CUST100250,59.0,Other,Central,76874.11,8,2381.45,16124.64,2022-03-15,Yes,auto-generated record
CUST100251,43.0,Female,North,50781.94,14,2449.66,32078.94,2023-09-19,No,auto-generated record
CUST100252,32.0,Other,East,41402.27,11,2914.86,24232.69,2023-07-10,No,auto-generated record
CUST100253,52.0,Female,South,83182.18,10,736.82,6538.96,2022-07-09,Yes,auto-generated record
CUST100254,27.0,Other,North,56862.6,9,1405.9,12105.54,2022-03-07,No,auto-generated record
CUST100255,30.0,Male,West,72634.9,9,100.0,681.46,2022-12-28,Yes,auto-generated record
CUST100256,23.0,Male,East,55639.01,8,2136.91,14858.84,2024-03-31,No,auto-generated record
CUST100257,35.0,Female,Central,46484.62,11,1020.62,10240.16,2023-04-02,No,auto-generated record
CUST100258,29.0,Female,East,55181.12,14,1386.55,21191.9,2022-01-29,Yes,auto-generated record
CUST100259,41.0,F,South,15517.17,2,1729.53,2939.39,2022-08-03,Yes,auto-generated record
CUST100260,30.0,Female,Central,73193.8,9,1336.83,10786.1,2022-02-03,No,auto-generated record
CUST100261,41.0,Male,North,69020.82,8,2114.02,12043.97,2024-02-19,No,auto-generated record
CUST100262,43.0,,North,80530.09,11,1210.68,9958.73,2022-12-14,Yes,auto-generated record
CUST100263,43.0,Male,West,55805.33,8,2280.79,19250.36,2022-07-04,Yes,auto-generated record
CUST100264,43.0,Male,South,94835.77,16,1966.04,25005.12,2022-10-19,No,auto-generated record
CUST100265,39.0,Female,South,80270.33,14,2154.98,32197.31,2022-06-01,No,auto-generated record
CUST100266,28.0,Other,Central,23976.62,7,1422.2,10072.27,2022-10-07,Yes,auto-generated record
CUST100267,18.0,Female,South,20662.33,11,179.31,1590.81,2022-11-10,Yes,auto-generated record
CUST100268,42.0,Female,Central,63954.05,13,331.02,3785.65,2024-04-28,No,auto-generated record
CUST100269,21.0,Male,West,28426.63,10,1698.36,13262.19,2023-06-03,Yes,auto-generated record
CUST100270,42.0,Male,South,56717.44,12,2481.46,32741.15,2024-06-16,No,auto-generated record
CUST100271,37.0,Male,North,54717.64,9,1396.9,12655.46,2023-10-13,No,auto-generated record
CUST100272,37.0,Female,South,52287.3,7,1871.87,10050.35,2022-10-22,No,auto-generated record
CUST100273,38.0,Female,Central,84857.05,9,2614.9,23601.81,2022-10-15,Yes,auto-generated record
CUST100274,45.0,Female,South,70382.25,6,1310.42,8263.2,2023-01-04,No,auto-generated record
CUST100275,26.0,Female,North,65936.85,14,1766.86,24098.81,2023-04-26,Yes,auto-generated record
CUST100276,42.0,Female,South,63525.47,11,2654.07,29150.73,2022-02-27,No,auto-generated record
CUST100277,51.0,Female,Central,114985.68,13,1348.25,13252.08,2024-04-27,No,auto-generated record
CUST100278,47.0,Female,North,84427.62,14,,30028.86,2023-06-25,No,auto-generated record
CUST100279,51.0,Male,West,49755.44,12,1854.28,21122.45,2023-10-21,No,auto-generated record
CUST100280,35.0,Female,North,67224.88,15,196.29,2731.08,2023-08-16,No,auto-generated record
CUST100281,37.0,Female,Central,44688.85,10,2883.11,21758.5,2023-07-28,Yes,auto-generated record
CUST100282,60.0,F,East,61651.52,9,1684.93,13300.71,2023-10-20,Yes,auto-generated record
CUST100283,44.0,Male,North,58406.44,13,2025.96,21301.13,2024-02-13,No,auto-generated record
CUST100284,41.0,Female,Central,34308.24,10,2473.22,24371.2,2023-12-20,No,auto-generated record
CUST100285,50.0,Female,South,28589.21,11,2211.22,17061.73,2022-08-15,No,auto-generated record
CUST100286,28.0,Male,West,33481.6,6,1651.0,9845.37,2023-03-30,No,auto-generated record
CUST100287,36.0,Female,East,,14,1890.89,26219.03,2022-10-10,Yes,auto-generated record
CUST100288,43.0,Male,North,15000.0,6,2338.82,15060.35,2022-09-23,No,auto-generated record
CUST100289,37.0,Male,North,68540.38,11,3683.08,28586.74,2023-12-21,No,auto-generated record
CUST100290,56.0,Female,North,25603.0,8,1585.05,13155.38,2023-04-25,No,auto-generated record
CUST100291,43.0,Female,North,45426.38,10,862.11,9279.47,2022-09-27,No,auto-generated record
CUST100292,49.0,Female,North,51783.53,7,1849.61,11872.0,2023-04-05,Yes,auto-generated record
CUST100293,28.0,Male,North,68254.82,8,1768.49,12540.35,2023-03-17,No,auto-generated record
CUST100294,38.0,Male,Central,58060.25,14,2638.84,33418.16,2023-04-13,No,auto-generated record
CUST100295,38.0,Male,North,38482.53,3,3036.4,7372.54,2022-07-22,Yes,auto-generated record
CUST100296,44.0,Male,East,,15,1612.94,19224.69,2024-01-16,No,auto-generated record
CUST100297,44.0,Male,North,64235.11,9,1901.36,18193.11,2023-11-22,No,auto-generated record
CUST100298,38.0,Female,North,77361.35,11,2992.14,23982.19,2023-05-24,Yes,auto-generated record
CUST100299,45.0,Female,West,64990.87,14,1306.53,19835.22,2023-08-13,Yes,auto-generated record
CUST100300,63.0,Female,Central,63529.02,17,100.0,1798.99,2022-12-30,No,auto-generated record
CUST100301,38.0,Female,East,53318.23,8,2287.97,13937.62,2022-07-31,No,auto-generated record
CUST100302,30.0,Male,North,83670.08,16,2461.58,40502.51,2022-09-08,No,auto-generated record
CUST100303,53.0,,Central,47903.92,10,2317.45,23716.72,2022-10-25,Yes,auto-generated record
CUST100304,56.0,Female,North,55192.9,14,1167.77,15213.8,2023-11-07,Yes,auto-generated record
CUST100305,40.0,Male,South,64894.24,14,898.91,11971.77,2023-03-02,No,auto-generated record
CUST100306,50.0,Female,East,84437.48,13,2315.35,28226.32,2023-05-26,Yes,auto-generated record
CUST100307,18.0,Male,Central,21240.67,9,1418.99,12990.38,2023-03-01,Yes,auto-generated record
CUST100308,44.0,Female,Central,77163.42,11,1009.82,10678.51,2023-12-23,No,auto-generated record
CUST100309,36.0,Female,East,78068.64,6,1705.39,8798.32,2022-09-17,Yes,auto-generated record
CUST100310,65.0,Male,South,70664.75,13,1432.35,14248.49,2022-01-04,No,auto-generated record
CUST100311,41.0,Female,Central,24995.34,13,1478.57,16499.68,2022-09-14,No,auto-generated record
CUST100312,60.0,Male,Central,51737.17,12,1562.48,18056.86,2023-12-13,Yes,auto-generated record
CUST100313,36.0,Female,Central,54768.21,12,796.01,9662.18,2023-03-24,No,auto-generated record
CUST100314,35.0,Female,West,62136.73,10,2140.6,19025.26,2022-08-24,No,auto-generated record
CUST100315,32.0,,North,33890.82,6,127.37,787.8,2023-02-26,Yes,auto-generated record
CUST100316,24.0,Female,South,49305.66,11,1388.91,14990.71,2022-10-03,No,auto-generated record
CUST100317,31.0,Male,East,68587.88,11,2647.66,29947.31,2023-04-16,Yes,auto-generated record
CUST100318,51.0,Male,East,52007.19,11,2105.05,16583.08,2023-06-19,No,auto-generated record
CUST100319,20.0,Female,Central,47086.14,7,2467.03,18357.93,2023-08-29,No,auto-generated record
CUST100320,39.0,Female,South,49886.03,5,336.25,1793.37,2024-06-12,Yes,auto-generated record
CUST100321,52.0,Male,West,36676.16,8,1456.56,10545.85,2022-11-09,No,auto-generated record
CUST100322,41.0,Male,South,52347.0,10,3041.89,23049.12,2022-04-24,Yes,auto-generated record
CUST100323,44.0,Male,West,55782.97,7,1803.04,9157.7,2022-05-27,Yes,auto-generated record
CUST100324,42.0,Female,North,72494.04,12,640.15,8274.83,2023-07-03,No,auto-generated record
CUST100325,44.0,Female,East,45402.41,12,1485.41,16979.55,2022-06-19,No,auto-generated record
CUST100326,18.0,Female,North,28405.98,7,2100.33,14741.03,2024-01-11,Yes,auto-generated record
CUST100327,56.0,Male,North,54461.87,6,1353.29,6890.4,2022-10-25,No,auto-generated record
CUST100328,43.0,Male,Central,43507.87,8,1972.05,13784.78,2024-06-07,Yes,auto-generated record
CUST100329,,Male,South,66101.09,11,1403.81,14040.93,2023-08-23,No,auto-generated record
CUST100330,35.0,Female,Central,46909.81,10,3149.97,33527.06,2022-11-12,Yes,auto-generated record
CUST100331,37.0,Male,East,29544.56,8,2102.4,18464.6,2024-05-25,No,auto-generated record
CUST100332,46.0,Female,North,71106.78,13,1702.21,24181.67,2023-02-16,No,auto-generated record
CUST100333,24.0,Male,West,52311.32,15,2320.13,25633.97,2023-08-25,Yes,auto-generated record
CUST100334,23.0,Male,North,56563.72,10,1698.37,15461.25,2023-09-02,No,auto-generated record
CUST100335,23.0,Female,Central,60506.78,12,1877.87,24148.87,2023-03-07,No,auto-generated record
CUST100336,49.0,Female,North,80150.82,13,1099.98,12000.91,2023-07-27,No,auto-generated record
CUST100337,27.0,Male,West,38103.72,9,2208.89,21401.75,2024-06-01,Yes,auto-generated record
CUST100338,40.0,Male,North,,13,2546.98,34518.14,2023-12-12,No,auto-generated record
CUST100339,25.0,Male,South,55248.64,11,2108.68,19992.75,2022-10-15,No,auto-generated record
CUST100340,38.0,Male,Central,58885.29,14,821.9,11959.73,2023-08-31,Yes,auto-generated record
CUST100341,32.0,Male,East,54288.72,12,1380.97,14862.69,2023-11-22,No,auto-generated record
CUST100342,30.0,Female,West,47093.05,13,1369.4,16196.48,2024-01-29,No,auto-generated record
CUST100343,52.0,Male,West,65877.98,7,2075.29,10618.73,2024-01-22,No,auto-generated record
CUST100344,40.0,Male,North,58972.19,7,1869.75,10885.19,2023-04-01,Yes,auto-generated record
CUST100345,27.0,Female,Central,66767.1,11,1989.37,19709.97,2023-02-13,No,auto-generated record
CUST100346,67.0,Female,Central,93223.06,11,1439.42,13115.38,2024-02-03,No,auto-generated record
CUST100347,27.0,Female,North,36863.05,9,1312.77,12776.4,2023-09-12,No,auto-generated record
CUST100348,24.0,Male,East,88529.43,15,2200.66,33967.54,2024-02-27,No,auto-generated record
CUST100349,18.0,Female,South,71308.3,11,1815.8,16069.16,2022-10-27,No,auto-generated record
CUST100350,58.0,Female,West,43387.5,10,1853.28,17355.31,2023-01-14,No,auto-generated record
CUST100351,41.0,Male,North,56418.43,9,908.31,5782.88,2023-01-11,No,auto-generated record
CUST100352,42.0,Female,East,59023.06,8,2143.17,12152.69,2023-08-29,No,auto-generated record
CUST100353,52.0,Male,West,83051.52,19,1306.05,19383.88,2024-06-06,Yes,auto-generated record
CUST100354,40.0,Female,West,41107.71,11,1594.43,17096.36,2022-09-09,Yes,auto-generated record
CUST100355,47.0,Female,North,91228.95,14,1264.04,15560.06,2022-12-07,Yes,auto-generated record
CUST100356,59.0,Other,Central,44790.92,11,2020.83,24292.23,2022-06-07,No,auto-generated record
CUST100357,42.0,Male,South,52600.03,13,1497.29,19901.32,2024-01-28,No,auto-generated record
CUST100358,48.0,Female,West,49883.94,8,2600.66,17805.82,2023-09-03,Yes,auto-generated record
CUST100359,,Male,East,36558.86,7,2224.62,13871.31,2022-06-12,Yes,auto-generated record
CUST100360,40.0,Female,North,38233.34,10,1902.69,17624.19,2023-02-19,Yes,auto-generated record
CUST100361,56.0,Female,West,52735.91,10,599.37,4656.17,2022-06-03,No,auto-generated record
CUST100362,46.0,Female,West,55513.65,7,2130.89,16325.18,2023-02-17,Yes,auto-generated record
CUST100363,42.0,Male,West,48037.32,8,1475.2,12478.92,2023-04-25,Yes,auto-generated record
CUST100364,18.0,Female,Central,35260.59,11,1499.96,12080.59,2023-02-20,No,auto-generated record
CUST100365,28.0,Male,South,15000.0,6,2090.8,11896.52,2024-05-10,Yes,auto-generated record
CUST100366,30.0,Female,South,50489.84,12,2431.81,24995.73,2022-06-21,Yes,auto-generated record
CUST100367,38.0,Male,North,91557.69,14,2036.53,26241.25,2022-05-28,No,auto-generated record
CUST100368,43.0,Male,East,89093.59,12,1875.88,21952.0,2024-05-31,Yes,auto-generated record
CUST100369,41.0,Male,South,79513.08,12,2563.59,27234.71,2023-04-23,No,auto-generated record
CUST100370,37.0,Female,South,50523.95,9,1947.96,18564.78,2024-01-31,Yes,auto-generated record
CUST100371,43.0,Female,East,68599.84,8,1335.91,8545.41,2024-01-03,Yes,auto-generated record
CUST100372,43.0,Female,South,49818.52,7,2127.04,15533.35,2023-11-29,Yes,auto-generated record
CUST100373,49.0,Male,North,52762.3,12,1742.74,17709.16,2022-09-11,No,auto-generated record
CUST100374,18.0,Female,East,54724.27,8,1421.98,10537.57,2024-06-09,No,auto-generated record
CUST100375,51.0,Female,South,80083.78,12,402.34,3750.34,2022-08-17,Yes,auto-generated record
CUST100376,62.0,Male,East,56254.37,17,2094.84,36985.61,2022-03-02,No,auto-generated record
CUST100377,52.0,Female,Central,50314.24,8,1773.2,11544.27,2024-05-11,Yes,auto-generated record
CUST100378,33.0,Male,North,55791.64,16,2689.88,31011.89,2022-06-09,Yes,auto-generated record
CUST100379,28.0,Female,East,28344.37,12,1811.31,23218.79,2022-07-09,Yes,auto-generated record
CUST100380,38.0,Male,West,73264.61,12,1385.51,13865.37,2023-04-30,Yes,auto-generated record
CUST100381,55.0,Male,South,81306.95,10,1503.67,16297.84,2022-02-09,No,auto-generated record
CUST100382,42.0,Male,East,80329.47,18,1042.99,17577.92,2022-10-29,No,auto-generated record
CUST100383,18.0,Male,Central,65788.16,10,1329.24,11075.16,2022-05-11,Yes,auto-generated record
CUST100384,18.0,Female,South,41352.35,9,1844.44,16173.07,2023-09-08,Yes,auto-generated record
CUST100385,41.0,Female,West,54615.95,9,1575.8,13497.18,2023-10-30,No,auto-generated record
CUST100386,67.0,M,Central,49879.0,13,1892.82,20004.91,2023-10-27,No,auto-generated record
CUST100387,19.0,Female,South,57801.62,7,1664.04,10969.85,2022-11-01,Yes,auto-generated record
CUST100388,31.0,Male,Central,94893.65,13,1931.28,18727.67,2024-06-01,No,auto-generated record
CUST100389,39.0,Female,East,40715.1,11,1663.0,14859.83,2023-05-11,No,auto-generated record
CUST100390,42.0,Female,East,70919.55,14,1525.14,17411.27,2022-01-28,No,auto-generated record
CUST100391,49.0,Male,West,85916.54,10,802.7,7966.73,2023-01-15,No,auto-generated record
CUST100392,19.0,Female,South,33657.01,10,3567.13,35229.83,2024-02-06,No,auto-generated record
CUST100393,40.0,Female,West,96734.28,9,634.48,4845.49,2024-02-15,No,auto-generated record
CUST100394,30.0,Male,South,43681.98,11,2027.21,23674.92,2022-07-19,Yes,auto-generated record
CUST100395,48.0,Female,Central,59129.02,15,1863.17,24782.91,2024-02-25,No,auto-generated record
CUST100396,43.0,Female,East,66999.3,11,2148.67,18293.79,2022-05-29,Yes,auto-generated record
CUST100397,51.0,Female,South,78585.16,11,2054.79,17785.91,2024-05-16,Yes,auto-generated record
CUST100398,23.0,Male,South,67799.82,10,961.22,7019.91,2024-02-05,No,auto-generated record
CUST100399,25.0,Male,Central,49703.82,12,1311.05,13661.5,2023-11-06,Yes,auto-generated record
CUST100400,30.0,Female,West,43893.29,11,1132.46,8966.47,2024-03-18,No,auto-generated record
CUST100401,32.0,Female,East,15000.0,8,2324.69,16738.71,2023-01-28,No,auto-generated record
CUST100402,29.0,Male,South,46287.62,6,3098.74,13321.61,2022-01-23,No,auto-generated record
CUST100403,23.0,Female,South,76156.63,12,1643.28,20739.33,2023-08-26,Yes,auto-generated record
CUST100404,31.0,Male,Central,41803.3,14,1609.06,24439.16,2022-09-21,No,auto-generated record
CUST100405,18.0,Male,North,63062.13,13,2344.69,30602.64,2023-10-14,No,auto-generated record
CUST100406,50.0,Female,Central,74347.97,5,2444.45,9291.95,2023-08-09,Yes,auto-generated record
CUST100407,32.0,M,Central,59288.19,12,2043.46,24833.28,2024-01-29,Yes,auto-generated record
CUST100408,23.0,Female,South,43609.88,8,1677.46,10357.14,2023-04-20,Yes,auto-generated record
CUST100409,40.0,Female,South,48750.21,6,2011.77,12486.43,2024-03-25,No,auto-generated record
CUST100410,19.0,Male,East,51520.99,7,1854.53,13756.79,2022-07-15,No,auto-generated record
CUST100411,42.0,Male,West,27762.48,9,1890.23,17132.44,2022-12-10,No,auto-generated record
CUST100412,34.0,Female,Central,81921.99,13,1784.34,23126.71,2023-10-27,No,auto-generated record
CUST100413,,Male,Central,45290.12,12,1660.31,17123.62,2023-06-25,Yes,auto-generated record
CUST100414,44.0,Female,South,48611.28,14,967.36,10610.83,2022-11-20,No,auto-generated record
CUST100415,28.0,Female,North,43933.75,10,854.82,6225.94,2023-01-09,Yes,auto-generated record
CUST100416,48.0,Male,East,55836.94,13,1835.95,22801.21,2023-08-01,No,auto-generated record
CUST100417,39.0,Female,East,65194.19,14,2361.94,33644.54,2024-02-22,Yes,auto-generated record
CUST100418,46.0,Female,West,82133.11,13,1294.27,14118.02,2023-02-17,Yes,auto-generated record
CUST100419,18.0,Male,North,56129.53,11,2055.35,20021.57,2023-03-31,No,auto-generated record
CUST100420,32.0,Female,West,84512.56,14,2523.25,24879.44,2023-03-05,No,auto-generated record
CUST100421,32.0,Male,Central,49681.06,9,806.77,6228.65,2022-01-01,No,auto-generated record
CUST100422,53.0,Male,Central,75039.72,11,2202.57,26615.78,2024-02-12,No,auto-generated record
CUST100423,25.0,Male,Central,68503.65,10,1106.15,12066.06,2022-07-05,No,auto-generated record
CUST100424,42.0,Female,Central,61975.71,8,1231.78,8841.57,2023-09-28,No,auto-generated record
CUST100425,36.0,Male,Central,69549.16,8,1366.28,9417.32,2022-08-07,Yes,auto-generated record
CUST100426,21.0,Female,North,34806.56,12,2175.84,24517.1,2024-01-13,No,auto-generated record
CUST100427,31.0,Male,Central,79884.96,9,2764.17,24067.57,2024-02-19,Yes,auto-generated record
CUST100428,44.0,Male,South,74580.06,12,2178.08,27734.0,2023-11-30,Yes,auto-generated record
CUST100429,35.0,Female,South,60318.65,10,2091.49,18011.75,2022-06-26,Yes,auto-generated record
CUST100430,36.0,Male,East,51296.3,9,1277.94,8586.52,2022-05-26,No,auto-generated record
CUST100431,37.0,Female,Central,73057.16,14,753.26,9821.75,2023-05-21,No,auto-generated record
CUST100432,39.0,Male,East,38954.63,15,1954.28,25631.54,2024-04-27,No,auto-generated record
CUST100433,41.0,Other,South,72355.57,10,2388.61,22472.07,2022-07-28,Yes,auto-generated record
CUST100434,37.0,Other,South,74644.8,11,2988.28,28850.49,2022-01-11,Yes,auto-generated record
CUST100435,20.0,Male,Central,97881.31,8,3297.82,25637.66,2022-08-24,No,auto-generated record
CUST100436,35.0,Female,Central,55778.9,7,1286.24,8161.93,2022-07-20,No,auto-generated record
CUST100437,39.0,Female,North,82982.82,10,2669.6,20276.35,2022-06-02,No,auto-generated record
CUST100438,57.0,Male,South,75144.55,9,2260.07,17338.43,2023-09-13,Yes,auto-generated record
CUST100439,26.0,Male,South,25864.18,12,1868.87,16795.06,2023-07-02,No,auto-generated record
CUST100440,56.0,Male,North,40534.62,8,2106.13,15991.88,2024-02-16,No,auto-generated record
CUST100441,31.0,Male,East,46627.66,11,3333.38,27955.3,2022-11-14,Yes,auto-generated record
CUST100442,57.0,Female,South,84894.01,9,703.76,5348.98,2023-08-17,Yes,auto-generated record
CUST100443,18.0,Female,East,78389.49,19,676.31,13691.47,2024-02-14,No,auto-generated record
CUST100444,34.0,Male,Central,52665.14,13,1405.42,14587.2,2024-03-11,Yes,auto-generated record
CUST100445,18.0,Male,Central,60121.21,10,1297.86,12814.87,2022-03-24,Yes,auto-generated record
CUST100446,20.0,Female,North,56939.82,13,2099.34,20148.45,2022-05-26,Yes,auto-generated record
CUST100447,32.0,Female,North,15000.0,11,1804.19,14046.11,2022-07-08,No,auto-generated record
CUST100448,43.0,Male,South,79500.98,13,377.51,5111.42,2022-11-06,Yes,auto-generated record
CUST100449,28.0,Female,West,80721.48,9,401.67,3475.22,2024-04-20,Yes,auto-generated record
CUST100450,40.0,Male,South,18713.35,7,1510.71,8328.32,2023-04-10,Yes,auto-generated record
CUST100451,28.0,Female,South,38449.38,9,1826.63,16720.79,2022-09-12,Yes,auto-generated record
CUST100452,57.0,Female,South,62468.24,11,2850.83,26648.59,2024-01-21,Yes,auto-generated record
CUST100453,30.0,Female,North,54368.19,11,1246.44,14138.72,2024-03-06,No,auto-generated record
CUST100454,61.0,Male,Central,84089.74,15,,23086.84,2024-06-03,No,auto-generated record
CUST100455,59.0,Female,West,85635.41,10,909.2,6435.8,2024-02-14,Yes,auto-generated record
CUST100456,26.0,Male,South,44747.77,12,3244.94,41522.85,2023-07-08,Yes,auto-generated record
CUST100457,44.0,Male,West,72289.05,9,1033.86,6518.3,2022-01-13,Yes,auto-generated record
CUST100458,32.0,Male,East,44897.23,12,1474.22,15322.71,2022-10-05,No,auto-generated record
CUST100459,55.0,Female,East,57798.64,8,1629.8,14247.78,2023-09-08,Yes,auto-generated record
CUST100460,41.0,Male,South,63452.44,13,1698.3,21575.16,2022-09-30,No,auto-generated record
CUST100461,59.0,Female,East,74400.95,8,,16449.03,2024-01-20,Yes,auto-generated record
CUST100462,35.0,M,Central,46115.97,10,1416.34,10313.1,2023-09-26,No,auto-generated record
CUST100463,34.0,Other,West,91384.41,18,2329.58,34646.42,2023-07-22,No,auto-generated record
CUST100464,28.0,Female,Central,58970.9,14,1939.75,24933.0,2022-02-14,No,auto-generated record
CUST100465,39.0,Female,North,,8,1268.08,7835.73,2024-02-08,No,auto-generated record
CUST100466,42.0,Female,East,,17,1442.67,20871.08,2023-01-16,Yes,auto-generated record
CUST100467,38.0,Male,South,46944.06,5,1569.96,5776.95,2024-03-20,Yes,auto-generated record
CUST100468,41.0,Male,North,64806.97,13,1870.8,26608.11,2024-06-06,No,auto-generated record
CUST100469,46.0,Female,South,16637.14,8,2379.14,19062.89,2023-02-02,Yes,auto-generated record
CUST100470,36.0,Female,North,26840.28,13,2302.11,27996.03,2023-10-21,Yes,auto-generated record
CUST100471,30.0,Female,South,49293.71,8,185.76,1507.93,2023-04-03,Yes,auto-generated record
CUST100472,25.0,Male,West,45943.47,7,2772.49,15399.72,2022-10-05,No,auto-generated record
CUST100473,31.0,,West,49726.51,9,1270.85,8856.82,2022-12-16,No,auto-generated record
CUST100474,33.0,Male,West,45082.05,7,1244.21,9015.45,2022-07-26,Yes,auto-generated record
CUST100475,50.0,Male,North,72351.6,8,1964.76,16180.25,2022-04-29,No,auto-generated record
CUST100476,48.0,Male,North,83097.55,11,610.65,5836.17,2023-09-24,Yes,auto-generated record
CUST100477,29.0,Male,North,46476.32,11,,25117.66,2023-09-20,No,auto-generated record
CUST100478,45.0,Female,North,79044.25,11,1961.01,15982.2,2022-11-01,Yes,auto-generated record
CUST100479,27.0,Female,North,61851.07,8,899.28,6182.94,2023-02-19,No,auto-generated record
CUST100480,47.0,Female,Central,39290.31,8,2448.07,16887.42,2023-08-09,Yes,auto-generated record
CUST100481,,Male,Central,27996.9,7,617.17,3799.72,2024-05-03,Yes,auto-generated record
CUST100482,,Male,North,62534.77,16,1730.75,26442.96,2023-06-30,No,auto-generated record
CUST100483,35.0,Male,South,76790.74,11,2166.4,19392.24,2023-06-05,Yes,auto-generated record
CUST100484,40.0,Female,Central,42317.71,6,1552.23,7831.2,2022-12-07,Yes,auto-generated record
CUST100485,36.0,Male,East,20037.4,11,2490.04,26762.12,2023-08-05,Yes,auto-generated record
CUST100486,25.0,Female,South,71840.29,9,1870.71,12329.91,2023-06-25,Yes,auto-generated record
CUST100487,39.0,M,East,79374.9,11,460.09,3905.02,2024-03-09,Yes,auto-generated record
CUST100488,38.0,Female,South,54210.55,10,,11457.96,2022-01-18,Yes,auto-generated record
CUST100489,47.0,Female,East,80607.99,10,2823.42,27346.66,2022-10-15,Yes,auto-generated record
CUST100490,45.0,Male,West,96957.93,7,1859.68,10587.89,2023-07-28,No,auto-generated record
CUST100491,52.0,Male,East,47260.71,17,2181.16,38814.77,2023-12-04,No,auto-generated record
CUST100492,44.0,Female,Central,53207.45,9,1668.48,15781.82,2023-12-22,Yes,auto-generated record
CUST100493,24.0,Female,North,47337.0,11,,14105.86,2022-12-13,Yes,auto-generated record
CUST100494,47.0,Female,East,80579.43,10,1846.25,19181.13,2023-05-20,No,auto-generated record
CUST100495,23.0,Female,Central,38556.02,13,2555.3,31174.76,2023-02-20,Yes,auto-generated record
CUST100496,29.0,Male,North,49996.11,11,1513.41,16686.95,2024-01-22,Yes,auto-generated record
CUST100497,38.0,Male,East,81282.55,13,1969.19,21631.1,2023-05-29,No,auto-generated record
CUST100498,28.0,Female,East,73631.69,8,2020.15,13707.81,2022-11-14,No,auto-generated record
CUST100499,33.0,Male,South,76001.86,8,905.1,6700.57,2023-06-01,Yes,auto-generated record
CUST100500,50.0,Female,Central,45502.16,7,1740.24,9064.41,2023-11-11,Yes,auto-generated record
CUST100501,30.0,Female,East,64043.31,11,2109.46,18145.03,2023-06-21,Yes,auto-generated record
CUST100502,27.0,Male,East,44793.55,13,2991.21,41167.56,2023-04-14,No,auto-generated record
CUST100503,22.0,Male,Central,70294.21,8,3703.2,30245.95,2024-03-01,Yes,auto-generated record
CUST100504,72.0,Female,North,77812.12,12,1362.52,12030.26,2023-05-11,Yes,auto-generated record
CUST100505,32.0,Female,Central,69512.09,10,2477.24,23176.03,2023-12-17,No,auto-generated record
CUST100506,38.0,Male,North,55548.59,14,2465.24,25482.57,2022-06-26,No,auto-generated record
CUST100507,38.0,Male,South,61245.05,10,2904.63,29882.95,2022-07-17,No,auto-generated record
CUST100508,51.0,Male,East,69322.77,10,2085.67,15758.55,2023-05-14,No,auto-generated record
CUST100509,31.0,Male,East,52761.7,12,3713.54,48129.09,2022-09-10,No,auto-generated record
CUST100510,27.0,Female,North,61134.92,12,2060.73,24264.85,2023-05-05,No,auto-generated record
CUST100511,33.0,Male,South,39806.14,9,1664.43,11573.38,2023-10-12,Yes,auto-generated record
CUST100512,28.0,Female,South,34499.75,7,377.38,2298.02,2024-04-26,Yes,auto-generated record
CUST100513,21.0,Female,Central,22921.65,9,1380.39,10750.67,2023-09-08,No,auto-generated record
CUST100514,18.0,Male,Central,50053.04,14,1259.54,18032.35,2023-02-14,No,auto-generated record
CUST100515,38.0,Female,East,73725.85,9,1968.22,14418.6,2023-02-17,No,auto-generated record
CUST100516,33.0,Male,Central,64909.65,14,1712.96,16832.37,2023-07-05,Yes,auto-generated record
CUST100517,54.0,Female,Central,,6,2724.9,11548.4,2022-12-13,No,auto-generated record
CUST100518,32.0,Male,South,64089.31,10,2496.92,20700.34,2023-03-26,No,auto-generated record
CUST100519,33.0,Female,North,57948.49,9,2330.93,18403.11,2022-05-24,No,auto-generated record
CUST100520,52.0,Male,East,60081.16,13,1003.72,12458.92,2023-06-25,No,auto-generated record
CUST100521,18.0,Female,South,56781.41,13,1534.82,15859.62,2023-02-03,No,auto-generated record
CUST100522,47.0,Female,North,71735.72,13,2998.94,34073.47,2022-10-18,Yes,auto-generated record
CUST100523,28.0,Female,Central,80136.83,13,2409.67,27014.71,2022-10-12,No,auto-generated record
CUST100524,24.0,Male,Central,76795.07,10,1954.36,16872.21,2024-06-15,No,auto-generated record
CUST100525,42.0,Male,East,94115.84,14,741.72,9274.46,2022-08-29,No,auto-generated record
CUST100526,39.0,Other,East,69580.59,8,2244.9,13503.76,2023-07-25,No,auto-generated record
CUST100527,24.0,Male,West,44157.51,13,2281.95,28629.82,2022-09-10,No,auto-generated record
CUST100528,41.0,Female,Central,83533.72,12,1076.31,11859.84,2024-01-02,Yes,auto-generated record
CUST100529,56.0,Female,East,42695.07,9,100.0,893.7,2023-06-21,Yes,auto-generated record
CUST100530,48.0,Female,East,76817.99,6,2315.19,10295.13,2024-03-20,No,auto-generated record
CUST100531,39.0,Male,South,40994.04,9,1132.97,9159.78,2023-04-24,Yes,auto-generated record
CUST100532,31.0,Female,South,46564.67,8,2542.6,15518.01,2022-12-16,Yes,auto-generated record
CUST100533,37.0,Female,East,80380.14,10,1885.19,16150.31,2022-02-13,Yes,auto-generated record
CUST100534,43.0,Male,South,49450.01,12,2510.05,23676.03,2023-07-03,No,auto-generated record
CUST100535,35.0,Female,North,77034.94,5,2090.05,9948.89,2023-06-18,Yes,auto-generated record
CUST100536,43.0,Female,South,71695.73,9,794.26,5575.92,2023-06-28,Yes,auto-generated record
CUST100537,,Female,West,59800.29,4,3198.81,11605.7,2022-09-17,Yes,auto-generated record
CUST100538,20.0,Male,South,66817.46,16,1894.11,32122.2,2024-03-20,Yes,auto-generated record
CUST100539,40.0,Female,Central,70375.97,9,,7536.84,2022-01-14,Yes,auto-generated record
CUST100540,44.0,Female,West,,10,450.91,3726.47,2022-07-16,Yes,auto-generated record
CUST100541,35.0,Male,West,46823.46,9,2517.55,22098.88,2023-06-30,Yes,auto-generated record
CUST100542,30.0,Female,Central,71456.63,11,2706.14,24158.72,2023-10-27,No,auto-generated record
CUST100543,56.0,Male,North,58651.83,11,2835.55,31067.39,2024-04-21,Yes,auto-generated record
CUST100544,37.0,Male,North,57721.06,7,1788.21,9402.94,2023-04-17,Yes,auto-generated record
CUST100545,37.0,Male,Central,66622.6,12,1918.01,16852.37,2022-07-29,Yes,auto-generated record
CUST100546,31.0,Female,Central,55193.8,8,1040.14,7646.56,2023-05-03,Yes,auto-generated record
CUST100547,34.0,Male,North,62387.37,16,245.05,3230.7,2023-09-08,No,auto-generated record
CUST100548,34.0,Female,West,63216.39,12,1258.16,14749.99,2022-05-05,No,auto-generated record
CUST100549,37.0,Female,North,63731.77,7,1331.08,7882.1,2023-12-01,No,auto-generated record
CUST100550,20.0,Male,North,56063.15,12,2374.18,29176.85,2024-06-07,Yes,auto-generated record
CUST100551,19.0,Other,North,77859.72,11,2147.23,21411.71,2023-04-29,Yes,auto-generated record
CUST100552,30.0,Male,South,48170.76,16,1663.58,21972.54,2023-03-30,No,auto-generated record
CUST100553,34.0,Male,South,50264.02,8,1094.2,8718.08,2024-01-01,Yes,auto-generated record
CUST100554,31.0,Female,Central,34766.24,11,2102.05,21946.55,2023-08-11,No,auto-generated record
CUST100555,46.0,Male,South,20082.83,15,1965.35,23653.84,2024-03-01,No,auto-generated record
CUST100556,37.0,Male,North,70556.23,13,2043.56,19809.49,2023-04-24,Yes,auto-generated record
CUST100557,46.0,Male,South,69903.33,9,4157.68,38974.0,2023-05-22,Yes,auto-generated record
CUST100558,40.0,Male,North,85041.55,16,1873.59,26973.38,2022-09-04,No,auto-generated record
CUST100559,18.0,Male,North,27430.02,6,2115.83,9805.3,2022-09-26,Yes,auto-generated record
CUST100560,43.0,Female,South,46914.97,9,2329.93,18730.86,2024-02-17,Yes,auto-generated record
CUST100561,55.0,Male,East,54039.38,9,1766.15,13053.12,2024-03-30,No,auto-generated record
CUST100562,,Male,South,93763.19,14,1121.39,11619.66,2023-05-02,Yes,auto-generated record
CUST100563,37.0,Female,South,74999.83,10,2217.93,16157.34,2022-05-21,No,auto-generated record
CUST100564,24.0,Female,North,51629.37,10,1953.41,15215.78,2023-07-28,Yes,auto-generated record
CUST100565,41.0,Male,West,59438.97,12,1496.08,16807.37,2023-01-29,No,auto-generated record
CUST100566,25.0,Male,South,60518.12,12,2218.26,20634.18,2022-08-30,Yes,auto-generated record
CUST100567,18.0,F,North,33041.87,12,2215.33,19360.49,2023-08-10,Yes,auto-generated record
CUST100568,40.0,Male,East,65500.19,13,1903.4,18163.66,2022-10-09,No,auto-generated record
CUST100569,48.0,Female,North,42849.21,7,1757.05,10185.97,2022-12-22,Yes,auto-generated record
CUST100570,34.0,Male,South,59364.15,6,2293.58,14354.92,2023-08-09,Yes,auto-generated record
CUST100571,36.0,Female,North,70355.6,9,643.05,4273.85,2022-11-13,No,auto-generated record
CUST100572,30.0,Female,West,61329.12,12,1427.31,13274.28,2023-06-26,No,auto-generated record
CUST100573,57.0,Female,South,52112.67,8,1089.05,8722.81,2022-02-22,No,auto-generated record
CUST100574,42.0,Female,Central,54919.36,16,1495.2,18622.17,2023-11-15,No,auto-generated record
CUST100575,34.0,Female,South,71595.38,11,2448.15,24088.3,2023-08-13,Yes,auto-generated record
CUST100576,34.0,Female,North,48467.78,7,1877.71,12811.84,2022-03-21,No,auto-generated record
CUST100577,39.0,Female,West,35050.45,2,1735.08,3092.78,2023-12-18,Yes,auto-generated record
CUST100578,51.0,Female,West,57629.26,15,2785.09,43296.03,2022-07-18,No,auto-generated record
CUST100579,31.0,Female,Central,47369.26,8,1816.03,11495.47,2023-01-17,No,auto-generated record
CUST100580,27.0,Female,North,51626.84,5,2500.33,12519.03,2023-09-02,Yes,auto-generated record
CUST100581,41.0,Female,West,59325.21,9,2472.5,21802.92,2023-01-12,No,auto-generated record
CUST100582,36.0,Male,Central,51734.19,12,1255.18,15567.33,2022-12-18,Yes,auto-generated record
CUST100583,20.0,Female,South,46810.38,8,553.86,4021.79,2024-05-15,No,auto-generated record
CUST100584,36.0,Female,East,,11,1457.65,15694.09,2024-03-11,No,auto-generated record
CUST100585,34.0,Male,East,67407.36,9,,2022.88,2024-03-26,No,auto-generated record
CUST100586,33.0,Female,South,73690.02,9,2521.08,20290.9,2023-01-21,No,auto-generated record
CUST100587,39.0,Male,Central,59926.23,8,2492.95,15854.17,2023-10-24,No,auto-generated record
CUST100588,40.0,Male,West,52136.31,8,3345.58,21202.91,2022-01-05,Yes,auto-generated record
CUST100589,58.0,Female,Central,69660.55,9,1801.27,17040.72,2024-03-04,Yes,auto-generated record
CUST100590,,Other,East,34710.63,11,1407.52,16429.24,2022-10-27,Yes,auto-generated record
CUST100591,48.0,Male,East,41300.59,7,2810.3,16842.22,2022-10-19,Yes,auto-generated record
CUST100592,32.0,Male,North,71167.67,9,2055.26,17866.77,2023-12-29,Yes,auto-generated record
CUST100593,38.0,Male,South,49609.48,9,1934.32,13031.14,2023-04-15,Yes,auto-generated record
CUST100594,30.0,Female,West,44005.95,15,1272.62,20619.6,2023-11-08,No,auto-generated record
CUST100595,29.0,Male,Central,36225.46,12,2596.14,30524.84,2023-07-27,No,auto-generated record
CUST100596,48.0,Female,North,68899.4,13,2688.75,32567.07,2022-12-03,Yes,auto-generated record
CUST100597,63.0,Female,North,44479.09,11,1858.75,18253.68,2023-02-23,Yes,auto-generated record
CUST100598,46.0,Male,North,81873.69,15,2724.88,28687.69,2024-04-18,No,auto-generated record
CUST100599,42.0,Female,South,62752.14,12,991.74,10548.23,2022-08-22,Yes,auto-generated record
CUST100600,44.0,Male,West,28939.69,9,1334.73,9774.62,2022-06-09,Yes,auto-generated record
CUST100601,47.0,Female,South,51686.78,14,1948.63,25481.59,2022-09-21,No,auto-generated record
CUST100602,37.0,Male,East,39789.68,16,1919.99,29906.29,2022-05-17,Yes,auto-generated record
CUST100603,37.0,Female,East,67228.71,9,1881.98,16844.41,2022-02-27,Yes,auto-generated record
CUST100604,45.0,Female,Central,69221.33,18,1790.55,31605.52,2023-08-22,No,auto-generated record
CUST100605,57.0,Male,North,55011.17,14,1047.14,13117.09,2022-09-25,Yes,auto-generated record
CUST100606,39.0,Female,North,46865.5,8,1180.51,8094.78,2022-11-11,Yes,auto-generated record
CUST100607,18.0,Female,East,59545.31,10,1828.31,16290.46,2023-07-03,No,auto-generated record
CUST100608,47.0,Male,South,49495.85,12,1468.56,13909.02,2022-11-14,No,auto-generated record
CUST100609,40.0,Female,South,81813.61,12,1502.17,13551.56,2022-07-22,No,auto-generated record
CUST100610,28.0,Male,West,43161.48,10,1988.91,16162.34,2024-03-24,Yes,auto-generated record
CUST100611,28.0,Male,West,60870.8,10,1759.87,12842.25,2023-02-18,No,auto-generated record
CUST100612,18.0,Female,North,17024.66,8,1275.52,8140.4,2022-06-30,No,auto-generated record
CUST100613,28.0,Male,East,61344.04,15,726.92,11936.7,2022-06-28,No,auto-generated record
CUST100614,35.0,Other,West,45858.13,8,2531.9,22089.43,2023-09-25,No,auto-generated record
CUST100615,44.0,Male,Central,64206.86,12,1934.08,22373.15,2022-03-31,Yes,auto-generated record
CUST100616,37.0,,North,76907.66,11,2087.97,24056.26,2023-10-31,No,auto-generated record
CUST100617,26.0,Male,West,50937.3,13,1812.35,17696.87,2023-02-21,Yes,auto-generated record
CUST100618,33.0,Male,North,15000.0,7,1363.56,7733.12,2022-06-29,No,auto-generated record
CUST100619,38.0,Female,West,21525.11,10,658.47,5072.22,2022-10-31,Yes,auto-generated record
CUST100620,45.0,Male,East,61124.19,10,2186.22,22621.72,2022-08-29,Yes,auto-generated record
CUST100621,41.0,Female,Central,42624.03,7,1334.02,7532.39,2023-05-08,Yes,auto-generated record
CUST100622,48.0,Female,East,40140.22,12,1958.41,22645.54,2023-07-21,No,auto-generated record
CUST100623,,Male,North,69426.58,8,1484.25,11765.51,2023-05-23,Yes,auto-generated record
CUST100624,40.0,Male,West,53973.28,10,2393.71,19631.94,2022-01-13,No,auto-generated record
CUST100625,41.0,Female,South,74673.34,12,2534.89,28875.53,2024-03-08,Yes,auto-generated record
CUST100626,26.0,Female,Central,69832.52,12,2456.23,25473.39,2024-02-17,No,auto-generated record
CUST100627,40.0,Male,North,50938.5,9,2655.14,18489.6,2023-04-02,No,auto-generated record
CUST100628,32.0,Male,South,57724.17,12,2571.72,23787.52,2022-04-08,Yes,auto-generated record
CUST100629,23.0,Female,West,31886.61,9,2107.31,19778.99,2022-12-10,No,auto-generated record
CUST100630,22.0,Female,North,59423.09,7,1932.3,13484.59,2023-05-26,Yes,auto-generated record
CUST100631,44.0,Male,West,58307.76,11,1317.82,13486.24,2023-02-07,Yes,auto-generated record
CUST100632,45.0,Male,West,86939.49,10,2612.55,18473.83,2022-03-02,No,auto-generated record
CUST100633,51.0,Female,West,75703.24,11,1493.93,16452.32,2023-12-25,No,auto-generated record
CUST100634,47.0,Female,Central,56803.62,11,2804.96,31579.63,2023-02-03,No,auto-generated record
CUST100635,,Male,South,46723.22,10,524.15,4877.37,2023-08-11,Yes,auto-generated record
CUST100636,25.0,Female,North,49162.87,9,1493.97,14701.97,2023-08-06,No,auto-generated record
CUST100637,35.0,Male,South,56015.49,11,1827.37,14431.58,2022-09-09,No,auto-generated record
CUST100638,35.0,Female,South,69254.8,14,2170.96,31095.36,2024-05-26,No,auto-generated record
CUST100639,62.0,Male,North,82042.4,7,2181.29,14451.87,2023-05-27,No,auto-generated record
CUST100640,27.0,Female,West,32427.45,8,1886.28,11965.72,2023-06-21,No,auto-generated record
CUST100641,22.0,Male,North,33701.3,10,752.58,6282.05,2024-02-26,Yes,auto-generated record
CUST100642,26.0,Female,North,59088.89,13,2273.49,22490.25,2024-05-03,Yes,auto-generated record
CUST100643,50.0,Other,Central,39131.35,10,2909.62,31908.22,2022-05-05,Yes,auto-generated record
CUST100644,30.0,Female,West,52736.78,11,2965.55,33271.29,2023-02-27,No,auto-generated record
CUST100645,47.0,Male,South,28243.18,9,2442.84,22058.37,2023-05-18,Yes,auto-generated record
CUST100646,32.0,Female,South,49174.55,9,469.9,3626.22,2023-02-14,No,auto-generated record
CUST100647,50.0,Male,Central,52369.16,11,2720.95,28877.99,2024-04-05,Yes,auto-generated record
CUST100648,20.0,Male,East,45677.92,12,2148.48,20043.76,2023-03-19,Yes,auto-generated record
CUST100649,33.0,Female,South,43838.9,6,1595.88,8865.35,2022-09-06,No,auto-generated record
CUST100650,45.0,Female,East,67338.9,10,1577.05,13813.08,2023-10-01,Yes,auto-generated record
CUST100651,35.0,Female,Central,71385.45,9,1459.97,13366.24,2023-12-31,No,auto-generated record
CUST100652,27.0,Male,North,66151.92,13,1633.34,18075.7,2023-11-29,Yes,auto-generated record
CUST100653,55.0,Female,Central,56997.86,10,1450.12,15170.26,2022-08-24,Yes,auto-generated record
CUST100654,21.0,Female,East,46116.47,11,1586.88,12615.75,2022-05-01,Yes,auto-generated record
CUST100655,28.0,Male,North,42008.09,10,3130.29,22713.52,2022-04-17,No,auto-generated record
CUST100656,51.0,Female,West,47883.06,10,2500.9,21170.55,2022-03-01,No,auto-generated record
CUST100657,58.0,Other,North,59699.19,9,2202.19,16013.12,2023-10-14,Yes,auto-generated record
CUST100658,38.0,Male,South,53621.54,16,1739.49,23753.86,2022-03-04,Yes,auto-generated record
CUST100659,23.0,Female,East,48423.38,10,2446.46,17806.82,2022-10-26,No,auto-generated record
CUST100660,23.0,Female,South,56265.41,11,3214.81,33908.25,2023-07-11,No,auto-generated record
CUST100661,28.0,Female,Central,68556.34,11,1283.98,13847.39,2023-03-04,No,auto-generated record
CUST100662,37.0,Female,West,,6,1244.03,7373.03,2022-05-26,No,auto-generated record
CUST100663,54.0,Male,North,57352.15,9,2109.15,19101.51,2022-08-08,Yes,auto-generated record
CUST100664,49.0,Male,North,69660.55,12,1159.91,14457.97,2022-02-10,No,auto-generated record
CUST100665,49.0,Female,North,63554.75,7,858.62,5647.17,2023-12-06,Yes,auto-generated record
CUST100666,32.0,Male,East,40913.17,9,1289.59,10613.16,2023-12-25,Yes,auto-generated record
CUST100667,47.0,Female,North,38865.2,10,1956.86,18981.91,2024-02-25,No,auto-generated record
CUST100668,47.0,Female,East,70859.18,14,2114.65,25502.07,2022-08-12,No,auto-generated record
CUST100669,48.0,Female,West,41243.79,14,1650.94,23814.28,2024-04-28,No,auto-generated record
CUST100670,38.0,Female,Central,64038.34,6,2200.56,10498.31,2022-11-04,No,auto-generated record
CUST100671,33.0,Female,North,37897.89,8,1614.75,12519.7,2023-11-20,No,auto-generated record
CUST100672,51.0,Female,South,91453.44,15,1281.88,20882.14,2024-01-09,No,auto-generated record
CUST100673,57.0,Female,South,44263.24,12,3264.35,29475.77,2023-12-29,Yes,auto-generated record
CUST100674,35.0,Female,South,87812.82,11,1840.65,15208.54,2022-10-11,No,auto-generated record
CUST100675,42.0,Male,South,71347.88,11,2118.38,20756.14,2022-07-31,No,auto-generated record
CUST100676,51.0,Male,East,85285.22,18,884.49,16922.15,2022-10-19,No,auto-generated record
CUST100677,56.0,Female,West,84187.36,10,2234.16,18607.97,2023-11-18,Yes,auto-generated record
CUST100678,59.0,Male,South,72811.98,8,423.47,3375.87,2024-02-14,No,auto-generated record
CUST100679,38.0,,South,52148.87,13,2481.42,30389.95,2023-01-06,Yes,auto-generated record
CUST100680,53.0,Male,South,104708.11,13,3422.13,35975.83,2023-05-10,No,auto-generated record
CUST100681,24.0,Male,North,,9,1229.58,9653.16,2023-04-19,Yes,auto-generated record
CUST100682,18.0,Female,East,54837.21,10,1469.22,10992.62,2024-01-11,Yes,auto-generated record
CUST100683,33.0,Male,South,32618.78,9,2430.26,15858.53,2024-04-02,Yes,auto-generated record
CUST100684,42.0,Male,Central,58649.52,13,1015.81,13796.63,2023-05-26,Yes,auto-generated record
CUST100685,20.0,Female,Central,62491.81,13,1129.15,13247.09,2022-03-11,Yes,auto-generated record
CUST100686,36.0,Male,South,44814.7,5,1609.48,6096.96,2023-12-01,Yes,auto-generated record
CUST100687,40.0,Female,South,60694.98,11,2051.41,24680.05,2024-02-14,No,auto-generated record
CUST100688,38.0,Female,West,52670.97,5,2831.91,11585.95,2022-05-25,No,auto-generated record
CUST100689,41.0,Male,East,52609.64,8,1337.46,10221.38,2022-01-31,Yes,auto-generated record
CUST100690,51.0,Female,North,72510.42,8,2211.32,17065.72,2024-06-13,Yes,auto-generated record
CUST100691,35.0,Female,East,72015.65,10,1762.81,14487.35,2023-05-29,No,auto-generated record
CUST100692,33.0,Female,South,43282.97,6,1358.11,6740.04,2022-01-08,No,auto-generated record
CUST100693,45.0,Other,West,29716.31,10,2771.52,26370.42,2022-09-13,No,auto-generated record
CUST100694,51.0,Male,West,69746.65,9,794.53,7444.43,2023-03-26,Yes,auto-generated record
CUST100695,33.0,Male,Central,37230.19,9,1712.06,13011.64,2022-06-18,No,auto-generated record
CUST100696,54.0,Female,West,54571.07,13,2522.93,35040.97,2023-04-07,No,auto-generated record
CUST100697,47.0,Male,Central,46054.92,11,1221.4,10105.6,2024-02-24,Yes,auto-generated record
CUST100698,34.0,Female,South,73947.03,15,2564.25,32224.25,2023-05-22,No,auto-generated record
CUST100699,38.0,Male,South,95823.31,18,1689.84,31650.97,2022-12-03,No,auto-generated record
CUST100700,29.0,Male,North,44814.93,9,1862.84,11775.34,2022-10-24,No,auto-generated record
CUST100701,46.0,Female,Central,,16,1419.04,18267.7,2023-05-02,No,auto-generated record
CUST100702,39.0,Female,North,60819.94,13,1364.18,16501.44,2022-11-08,Yes,auto-generated record
CUST100703,62.0,Female,East,59051.12,9,1918.32,14009.33,2022-07-01,Yes,auto-generated record
CUST100704,18.0,Other,East,71207.9,11,2626.22,29128.35,2023-03-05,No,auto-generated record
CUST100705,24.0,Male,West,87067.59,11,2306.12,20504.44,2022-03-19,No,auto-generated record
CUST100706,32.0,Male,South,51854.85,8,1691.74,9570.69,2023-03-09,Yes,auto-generated record
CUST100707,44.0,Female,North,53813.2,10,1803.66,18986.49,2023-10-12,No,auto-generated record
CUST100708,34.0,Male,South,88956.79,6,2056.64,11418.39,2023-12-05,No,auto-generated record
CUST100709,30.0,Female,North,70680.06,12,2410.46,30501.8,2022-09-05,No,auto-generated record
CUST100710,43.0,Male,South,15000.0,14,1498.98,18956.73,2023-04-04,Yes,auto-generated record
CUST100711,33.0,Female,East,53260.28,7,2770.48,13802.55,2022-12-24,Yes,auto-generated record
CUST100712,41.0,Male,North,44469.83,9,1816.14,13764.15,2022-02-18,Yes,auto-generated record
CUST100713,49.0,Male,Central,,9,915.34,9002.11,2023-02-01,Yes,auto-generated record
CUST100714,50.0,Male,East,63303.46,8,1956.56,14436.7,2023-03-14,No,auto-generated record
CUST100715,20.0,Female,South,43811.46,13,867.57,11906.2,2023-07-10,No,auto-generated record
CUST100716,29.0,Male,Central,47767.45,8,2581.77,15511.9,2024-05-17,Yes,auto-generated record
CUST100717,43.0,Other,North,95392.33,9,1534.07,12802.02,2023-08-09,No,auto-generated record
CUST100718,36.0,Male,South,28473.56,9,2621.93,24365.68,2023-12-20,No,auto-generated record
CUST100719,29.0,Male,Central,57724.95,11,1341.85,12435.14,2022-11-11,No,auto-generated record
CUST100720,45.0,Male,South,70033.79,7,2652.57,17995.59,2022-06-22,No,auto-generated record
CUST100721,39.0,Female,West,32492.4,9,1252.0,9426.11,2022-07-25,Yes,auto-generated record
CUST100722,43.0,Male,North,39103.26,14,2394.13,26864.38,2022-04-01,Yes,auto-generated record
CUST100723,49.0,Female,East,40954.12,7,3121.68,22729.61,2022-02-06,Yes,auto-generated record
CUST100724,34.0,Female,West,71233.68,9,2678.11,17755.75,2024-04-04,Yes,auto-generated record
CUST100725,50.0,F,North,42117.17,7,100.0,753.82,2022-09-19,No,auto-generated record
CUST100726,40.0,Female,South,66863.48,9,,14730.54,2022-08-21,No,auto-generated record
CUST100727,41.0,Female,East,37430.12,7,2570.65,14734.24,2023-04-23,Yes,auto-generated record
CUST100728,50.0,Male,East,39047.45,12,2723.9,28693.55,2023-07-14,No,auto-generated record
CUST100729,19.0,,North,59586.76,11,2320.38,27818.12,2023-11-13,No,auto-generated record
CUST100730,19.0,Female,South,66231.01,14,1560.8,20488.87,2022-09-22,No,auto-generated record
CUST100731,25.0,Male,Central,29895.44,10,888.56,8845.32,2023-05-27,Yes,auto-generated record
CUST100732,48.0,Male,South,42488.07,6,1247.72,7108.09,2023-10-16,No,auto-generated record
CUST100733,40.0,Female,West,62318.33,13,571.81,7951.08,2022-05-30,No,auto-generated record
CUST100734,32.0,Female,North,38433.83,3,1921.41,4492.96,2022-05-27,Yes,auto-generated record
CUST100735,26.0,F,East,33270.9,6,592.84,3486.02,2023-01-18,Yes,auto-generated record
CUST100736,18.0,Female,East,32250.35,13,2080.81,23563.5,2022-05-02,No,auto-generated record
CUST100737,42.0,Female,East,63659.14,12,2190.26,23881.93,2022-12-21,No,auto-generated record
CUST100738,38.0,Male,West,15000.0,8,2257.8,19525.09,2023-02-23,No,auto-generated record
CUST100739,43.0,Other,West,89504.29,14,1936.89,21647.84,2023-06-20,No,auto-generated record
CUST100740,49.0,Male,West,88522.6,11,2513.21,27770.72,2024-01-25,No,auto-generated record
CUST100741,41.0,Male,West,80092.81,16,1786.0,28294.93,2022-12-06,No,auto-generated record
CUST100742,54.0,Male,Central,58213.37,8,2227.27,15445.39,2024-04-16,No,auto-generated record
CUST100743,33.0,Female,South,43728.72,9,1420.46,12404.66,2024-02-07,No,auto-generated record
CUST100744,56.0,Female,Central,71856.18,10,1414.58,11829.01,2022-01-06,Yes,auto-generated record
CUST100745,,Male,East,39118.55,10,2125.65,19699.14,2023-11-27,No,auto-generated record
CUST100746,32.0,Female,South,93140.26,10,1852.25,19673.44,2024-03-15,Yes,auto-generated record
CUST100747,40.0,Male,North,46919.15,15,1503.36,20988.45,2023-08-21,No,auto-generated record
CUST100748,64.0,Female,West,85817.41,13,1904.35,22467.75,2024-01-24,No,auto-generated record
CUST100749,23.0,Female,East,66810.42,8,1199.01,7662.74,2022-11-11,Yes,auto-generated record
CUST100750,31.0,Male,North,47165.0,10,2001.31,19400.54,2022-09-15,No,auto-generated record
CUST100751,33.0,Male,East,51468.08,10,2043.18,20299.23,2024-04-29,Yes,auto-generated record
CUST100752,40.0,Male,North,43049.2,16,1920.37,24712.59,2023-12-20,Yes,auto-generated record
CUST100753,39.0,Female,South,59140.24,8,1982.02,14147.55,2022-02-01,No,auto-generated record
CUST100754,60.0,Male,East,74188.15,10,1402.34,14478.27,2022-07-27,Yes,auto-generated record
CUST100755,36.0,Other,West,56715.99,11,1211.13,12409.56,2023-09-15,No,auto-generated record
CUST100756,46.0,Male,North,53401.44,12,1071.37,9474.88,2023-09-20,No,auto-generated record
CUST100757,32.0,Female,North,55773.71,5,1552.54,6196.03,2024-03-16,Yes,auto-generated record
CUST100758,25.0,Male,East,75104.89,11,1225.35,11692.51,2024-02-27,Yes,auto-generated record
CUST100759,36.0,Male,West,72364.85,13,1995.3,25020.57,2022-04-29,No,auto-generated record
CUST100760,35.0,Female,West,65027.25,17,1692.39,28107.8,2023-05-13,Yes,auto-generated record
CUST100761,46.0,Female,South,48471.84,14,503.2,5219.39,2022-11-10,Yes,auto-generated record
CUST100762,53.0,Male,East,53315.54,10,2210.42,20031.05,2024-05-29,Yes,auto-generated record
CUST100763,33.0,Male,West,64290.13,11,100.0,914.12,2023-12-27,Yes,auto-generated record
CUST100764,51.0,Male,Central,54123.36,7,2342.86,11779.28,2023-05-28,Yes,auto-generated record
CUST100765,26.0,Male,East,41370.07,9,1594.99,11725.43,2024-03-21,No,auto-generated record
CUST100766,58.0,Female,Central,87235.49,16,991.03,13011.68,2022-02-06,No,auto-generated record
CUST100767,21.0,Female,South,,14,1289.34,18867.67,2023-05-01,No,auto-generated record
CUST100768,32.0,Male,North,59392.35,12,2151.05,20996.31,2023-10-08,No,auto-generated record
CUST100769,41.0,Male,South,47634.81,10,1602.51,13397.5,2022-01-10,No,auto-generated record
CUST100770,34.0,Other,West,60856.19,10,3018.71,23866.71,2022-11-07,No,auto-generated record
CUST100771,25.0,Male,Central,67499.1,10,1839.38,12947.44,2022-02-25,No,auto-generated record
CUST100772,46.0,Female,East,64280.13,10,891.83,7962.65,2023-07-07,No,auto-generated record
CUST100773,26.0,Male,West,27391.47,8,2102.33,13947.46,2024-06-14,No,auto-generated record
CUST100774,49.0,Male,North,,9,2031.08,19402.49,2022-02-27,Yes,auto-generated record
CUST100775,21.0,Female,East,61405.19,10,3030.48,27247.83,2023-04-20,Yes,auto-generated record
CUST100776,50.0,Male,South,64661.84,12,667.0,6999.74,2024-06-04,Yes,auto-generated record
CUST100777,48.0,Female,South,77643.36,13,1653.74,21414.51,2022-03-17,No,auto-generated record
CUST100778,44.0,Male,North,53423.11,9,956.32,6388.79,2022-02-28,Yes,auto-generated record
CUST100779,50.0,Male,East,59540.16,15,2023.52,32401.5,2022-10-25,No,auto-generated record
CUST100780,35.0,Female,West,72032.58,10,853.5,9192.83,2023-08-15,No,auto-generated record
CUST100781,37.0,Female,East,55682.18,12,1413.11,17054.95,2024-05-03,Yes,auto-generated record
CUST100782,51.0,Male,West,75907.96,12,2133.29,26588.59,2023-05-05,Yes,auto-generated record
CUST100783,26.0,Female,East,22291.23,11,2427.09,27469.66,2022-01-14,Yes,auto-generated record
CUST100784,35.0,Female,Central,38991.24,13,1477.72,17650.85,2023-02-06,Yes,auto-generated record
CUST100785,35.0,Female,East,72168.29,11,740.97,8268.18,2023-12-09,No,auto-generated record
CUST100786,35.0,Female,Central,70109.12,8,1121.71,6372.3,2023-02-01,Yes,auto-generated record
CUST100787,34.0,Female,South,69040.11,11,894.6,10230.41,2024-05-30,No,auto-generated record
CUST100788,18.0,Male,West,66925.64,12,1711.24,19991.19,2022-02-15,No,auto-generated record
CUST100789,37.0,Male,North,72796.17,11,1533.11,15611.16,2023-06-30,Yes,auto-generated record
CUST100790,41.0,Male,North,37930.3,12,1545.03,17872.1,2022-12-10,Yes,auto-generated record
CUST100791,52.0,Male,Central,89063.09,10,1246.39,9257.34,2023-09-07,No,auto-generated record
CUST100792,47.0,Male,South,74680.39,9,1453.94,14158.41,2022-06-05,No,auto-generated record
CUST100793,31.0,Male,North,33737.89,10,2211.8,17238.12,2024-03-24,No,auto-generated record
CUST100794,34.0,Male,East,32179.7,6,1536.3,8580.43,2024-04-12,Yes,auto-generated record
CUST100795,27.0,Male,Central,60445.58,5,2148.66,11402.01,2023-03-09,Yes,auto-generated record
CUST100796,33.0,Male,West,43091.14,7,2070.22,10770.06,2023-03-22,Yes,auto-generated record
CUST100797,30.0,Male,Central,63204.66,10,2566.34,20541.59,2022-08-24,No,auto-generated record
CUST100798,50.0,Female,Central,54949.27,11,2087.21,16189.28,2023-02-10,No,auto-generated record
CUST100799,42.0,Female,East,31228.41,6,975.16,5814.93,2023-07-19,No,auto-generated record
CUST100800,45.0,Male,South,43687.92,8,839.08,5357.1,2022-11-27,Yes,auto-generated record
CUST100801,33.0,Male,North,48242.6,17,1495.14,25477.1,2024-01-19,No,auto-generated record
CUST100802,36.0,Female,South,55645.2,9,1614.64,14503.62,2023-06-20,Yes,auto-generated record
CUST100803,44.0,Male,East,72193.87,13,928.93,10006.34,2022-11-26,Yes,auto-generated record
CUST100804,28.0,Female,Central,41814.87,8,1735.43,13676.21,2022-11-14,No,auto-generated record
CUST100805,44.0,Female,North,66498.66,9,1896.88,11992.53,2023-03-05,Yes,auto-generated record
CUST100806,48.0,Male,West,55452.04,6,,11029.45,2024-03-20,Yes,auto-generated record
CUST100807,31.0,Female,West,52084.24,12,1685.71,22107.78,2022-01-20,Yes,auto-generated record
CUST100808,38.0,Female,West,15650.55,9,780.57,6111.43,2022-10-29,No,auto-generated record
CUST100809,28.0,Female,North,44504.37,7,754.2,4637.73,2022-05-20,Yes,auto-generated record
CUST100810,57.0,Male,North,36581.32,9,1115.56,9708.56,2023-09-23,No,auto-generated record
CUST100811,43.0,Male,West,,11,3711.46,39479.04,2024-04-14,No,auto-generated record
CUST100812,50.0,Female,West,79144.29,8,1623.08,13409.47,2022-04-03,No,auto-generated record
CUST100813,35.0,Other,South,63157.26,14,1813.37,22149.68,2022-10-09,Yes,auto-generated record
CUST100814,27.0,Female,South,89639.74,8,1115.29,7663.76,2023-04-24,No,auto-generated record
CUST100815,37.0,Male,North,60735.16,16,2429.01,29315.19,2023-10-26,No,auto-generated record
CUST100816,54.0,Female,Central,76011.16,10,1155.25,8168.76,2023-07-30,Yes,auto-generated record
CUST100817,57.0,Female,Central,56052.9,18,1112.54,18006.78,2023-08-31,No,auto-generated record
CUST100818,47.0,Female,Central,,13,2017.98,25320.97,2024-04-11,No,auto-generated record
CUST100819,38.0,Other,West,38336.62,9,1501.0,12698.17,2024-01-26,Yes,auto-generated record
CUST100820,43.0,Female,East,52550.89,15,3375.76,43567.8,2024-03-22,Yes,auto-generated record
CUST100821,51.0,Male,Central,78587.48,10,1507.34,11728.56,2023-07-13,Yes,auto-generated record
CUST100822,26.0,Male,North,52624.12,15,2788.09,30903.49,2023-04-23,No,auto-generated record
CUST100823,48.0,Other,West,53523.08,10,1049.34,9237.58,2022-12-10,No,auto-generated record
CUST100824,28.0,Other,South,51312.01,14,1707.52,19340.72,2022-01-22,No,auto-generated record
CUST100825,41.0,Female,South,,11,1534.79,11938.76,2023-01-23,No,auto-generated record
CUST100826,47.0,Male,Central,83294.29,10,2319.49,16642.08,2022-05-29,No,auto-generated record
CUST100827,41.0,Male,South,30667.62,6,2365.47,10921.86,2022-07-14,No,auto-generated record
CUST100828,39.0,Female,Central,56332.73,11,1194.36,9652.94,2022-03-12,No,auto-generated record
CUST100829,53.0,Male,East,58479.81,8,2767.23,24096.87,2022-04-14,No,auto-generated record
CUST100830,33.0,Female,South,50603.31,13,2045.67,24019.96,2023-09-17,Yes,auto-generated record
CUST100831,34.0,Female,South,54712.07,9,920.18,7127.3,2024-02-12,Yes,auto-generated record
CUST100832,27.0,F,North,62188.26,12,2033.12,17200.67,2022-09-18,No,auto-generated record
CUST100833,40.0,Female,East,77668.23,12,1758.03,21859.77,2024-01-19,No,auto-generated record
CUST100834,47.0,Male,Central,28531.64,10,2280.21,17223.38,2023-03-24,No,auto-generated record
CUST100835,37.0,,South,34977.91,11,1994.94,17196.06,2022-11-19,Yes,auto-generated record
CUST100836,18.0,Male,East,52298.85,7,1271.69,8944.92,2023-04-14,No,auto-generated record
CUST100837,,Female,Central,32060.22,7,2518.77,17909.25,2024-05-17,No,auto-generated record
CUST100838,46.0,Male,South,66715.05,8,382.65,2816.89,2023-08-24,No,auto-generated record
CUST100839,28.0,Female,Central,38115.67,13,1280.54,17089.62,2023-10-01,No,auto-generated record
CUST100840,35.0,Female,Central,52873.76,10,1955.48,18399.52,2023-02-01,Yes,auto-generated record
CUST100841,39.0,Male,East,35819.44,10,1312.76,10494.72,2024-01-02,Yes,auto-generated record
CUST100842,29.0,Male,East,37240.85,6,1785.88,11014.42,2023-08-18,Yes,auto-generated record
CUST100843,41.0,Male,North,105389.73,16,1581.59,18045.43,2022-02-23,No,auto-generated record
CUST100844,39.0,Male,East,,5,1202.55,4918.08,2023-07-23,Yes,auto-generated record
CUST100845,25.0,Male,West,77749.47,11,2264.88,17932.55,2023-03-29,No,auto-generated record
CUST100846,18.0,Male,South,49267.66,13,1315.08,12170.45,2023-06-19,Yes,auto-generated record
CUST100847,27.0,Male,North,63997.34,7,907.31,5546.49,2022-08-08,No,auto-generated record
CUST100848,55.0,Other,North,46839.84,7,2620.54,17073.8,2023-12-12,No,auto-generated record
CUST100849,52.0,Female,North,68988.77,8,1354.73,8285.61,2023-12-27,Yes,auto-generated record
CUST100850,34.0,Male,South,45463.08,6,2502.5,13642.44,2022-03-05,Yes,auto-generated record
CUST100851,26.0,Female,West,15000.0,11,2021.59,21934.51,2023-09-19,Yes,auto-generated record
CUST100852,55.0,Other,East,15000.0,11,1639.24,17342.66,2024-02-15,No,auto-generated record
CUST100853,46.0,Female,East,56081.63,5,1939.97,9035.24,2023-06-19,Yes,auto-generated record
CUST100854,53.0,Male,South,72157.71,10,2224.65,19713.19,2024-01-09,No,auto-generated record
CUST100855,60.0,Female,South,,10,1575.84,11818.09,2024-02-04,No,auto-generated record
CUST100856,43.0,Female,East,38336.34,8,439.77,3606.08,2023-08-31,Yes,auto-generated record
CUST100857,39.0,Female,West,45919.43,8,1488.71,11308.11,2024-01-15,No,auto-generated record
CUST100858,29.0,Male,North,82354.28,15,915.32,11576.96,2022-01-22,Yes,auto-generated record
CUST100859,40.0,Male,South,23543.8,14,1949.27,21381.43,2023-01-05,Yes,auto-generated record
CUST100860,27.0,Male,West,64007.68,7,2037.29,15551.89,2022-06-13,No,auto-generated record
CUST100861,51.0,Female,Central,80057.82,11,1013.44,11775.77,2024-03-17,Yes,auto-generated record
CUST100862,35.0,Female,South,30623.71,7,2631.31,15515.39,2024-02-01,Yes,auto-generated record
CUST100863,56.0,Male,South,44418.47,9,1485.28,13472.62,2023-03-04,No,auto-generated record
CUST100864,34.0,Female,East,47305.42,7,1821.66,9507.36,2022-09-25,Yes,auto-generated record
CUST100865,43.0,Male,North,45152.61,11,1535.51,16829.86,2024-04-11,Yes,auto-generated record
CUST100866,29.0,Male,East,69904.4,10,1364.59,12328.51,2023-04-15,Yes,auto-generated record
CUST100867,48.0,Male,Central,60049.02,13,2676.83,33167.41,2023-03-27,Yes,auto-generated record
CUST100868,28.0,Female,South,43145.27,9,1743.41,16679.83,2024-05-01,Yes,auto-generated record
CUST100869,53.0,Male,East,66580.72,9,385.99,2909.57,2022-12-21,Yes,auto-generated record
CUST100870,44.0,Male,North,79100.92,10,1192.39,10532.71,2024-05-30,No,auto-generated record
CUST100871,,Male,East,43020.4,11,1486.64,13460.27,2023-12-22,Yes,auto-generated record
CUST100872,22.0,Male,Central,36153.1,5,2256.96,12153.25,2022-06-28,Yes,auto-generated record
CUST100873,41.0,Female,East,73123.6,9,1713.12,13746.47,2022-01-10,Yes,auto-generated record
CUST100874,37.0,Male,North,86302.56,7,1557.22,8742.42,2023-05-08,Yes,auto-generated record
CUST100875,61.0,Female,South,,13,1711.39,18869.02,2023-08-09,Yes,auto-generated record
CUST100876,28.0,Female,East,67336.77,11,2030.32,21750.08,2022-09-05,No,auto-generated record
CUST100877,36.0,Other,Central,,8,1414.45,10985.32,2024-02-09,Yes,auto-generated record
CUST100878,38.0,Male,East,70810.05,17,2028.67,29430.4,2023-06-04,Yes,auto-generated record
CUST100879,41.0,Male,East,67405.89,10,1457.41,11059.82,2022-05-26,Yes,auto-generated record
CUST100880,58.0,Male,West,73593.28,5,2283.06,9898.01,2024-03-25,No,auto-generated record
CUST100881,37.0,Female,North,55797.88,6,1164.49,7249.84,2023-03-14,Yes,auto-generated record
CUST100882,19.0,Male,Central,69542.83,9,636.96,5379.57,2022-03-16,Yes,auto-generated record
CUST100883,56.0,Female,East,77937.95,10,1906.44,13664.64,2023-10-03,Yes,auto-generated record
CUST100884,43.0,Male,South,35997.72,6,1507.05,8432.76,2023-10-24,Yes,auto-generated record
CUST100885,21.0,Male,West,64581.03,10,3010.04,32404.93,2022-11-15,Yes,auto-generated record
CUST100886,30.0,Female,South,36879.5,8,2019.39,13455.37,2024-04-20,Yes,auto-generated record
CUST100887,34.0,Female,North,58012.39,15,1883.92,23405.95,2022-08-30,No,auto-generated record
CUST100888,40.0,Female,South,55215.72,10,3096.97,21745.41,2022-03-01,No,auto-generated record
CUST100889,48.0,Other,West,68798.21,12,2219.39,27944.52,2022-05-15,No,auto-generated record
CUST100890,,Female,North,47439.92,9,,10641.02,2022-10-22,No,auto-generated record
CUST100891,32.0,Male,East,,7,1763.83,13289.82,2024-03-26,No,auto-generated record
CUST100892,27.0,Male,South,44832.11,13,1754.72,24910.98,2023-01-22,Yes,auto-generated record
CUST100893,36.0,Male,East,47958.69,11,2642.01,22270.16,2023-04-13,No,auto-generated record
CUST100894,39.0,Female,North,32208.2,8,2214.57,12783.3,2022-05-26,Yes,auto-generated record
CUST100895,44.0,Male,West,68429.77,9,1719.9,15884.2,2022-10-28,No,auto-generated record
CUST100896,18.0,Female,Central,41050.68,8,1290.68,7620.95,2022-03-17,No,auto-generated record
CUST100897,28.0,Male,South,60614.7,11,1182.96,10418.31,2022-06-01,Yes,auto-generated record
CUST100898,44.0,Male,South,59049.3,10,1891.18,14925.56,2023-05-10,Yes,auto-generated record
CUST100899,58.0,Male,East,70912.92,13,836.88,9922.43,2023-06-03,No,auto-generated record
CUST100900,49.0,Male,West,71105.87,6,2598.34,16689.04,2023-11-18,Yes,auto-generated record
CUST100901,18.0,Female,North,28345.25,7,1818.14,9908.59,2023-05-06,Yes,auto-generated record
CUST100902,18.0,Female,West,49425.56,7,2506.41,15731.13,2024-06-05,Yes,auto-generated record
CUST100903,,Male,West,63017.85,11,1420.55,14375.94,2023-01-03,No,auto-generated record
CUST100904,39.0,Other,West,45430.72,13,2733.41,30095.91,2023-05-14,No,auto-generated record
CUST100905,39.0,Male,South,46148.18,15,1799.03,26176.61,2022-04-16,No,auto-generated record
CUST100906,61.0,Male,Central,71072.9,15,971.33,15612.66,2023-02-28,No,auto-generated record
CUST100907,26.0,Female,East,76724.19,9,2611.63,16803.64,2022-02-07,Yes,auto-generated record
CUST100908,52.0,Male,North,71549.89,7,2067.49,15330.47,2023-09-12,Yes,auto-generated record
CUST100909,39.0,Female,South,70376.08,9,2211.66,17613.66,2024-05-29,No,auto-generated record
CUST100910,31.0,Male,East,61218.55,9,1650.04,14594.61,2022-03-04,Yes,auto-generated record
CUST100911,18.0,Female,East,85624.96,17,2273.14,28341.04,2023-12-31,No,auto-generated record
CUST100912,24.0,Male,West,54330.51,7,3107.91,15423.06,2023-10-14,Yes,auto-generated record
CUST100913,56.0,Female,West,79319.37,14,2322.39,26473.49,2024-04-17,Yes,auto-generated record
CUST100914,39.0,Male,North,118116.83,14,1775.52,20339.71,2023-09-16,Yes,auto-generated record
CUST100915,48.0,Female,South,67436.64,15,952.03,15436.93,2024-02-16,Yes,auto-generated record
CUST100916,45.0,Female,West,59600.47,10,1329.71,13004.96,2022-07-26,Yes,auto-generated record
CUST100917,36.0,Female,East,29477.91,8,2704.31,23268.09,2023-01-17,Yes,auto-generated record
CUST100918,48.0,Female,South,32004.51,9,1934.18,18974.88,2022-08-30,Yes,auto-generated record
CUST100919,42.0,Female,Central,96947.02,13,2232.05,25325.14,2022-08-25,No,auto-generated record
CUST100920,36.0,Female,East,58266.7,9,2332.39,21942.13,2023-05-14,No,auto-generated record
CUST100921,34.0,Female,South,40448.25,17,3645.73,57273.78,2023-07-27,No,auto-generated record
CUST100922,30.0,Other,East,46645.8,6,2117.29,9368.01,2023-02-02,Yes,auto-generated record
CUST100923,41.0,Female,South,38814.12,8,2806.79,21915.81,2024-05-07,Yes,auto-generated record
CUST100924,36.0,Female,South,56977.17,8,1627.59,12276.7,2024-02-09,No,auto-generated record
CUST100925,51.0,Female,West,50110.83,12,2312.55,24761.44,2023-11-27,No,auto-generated record
CUST100926,34.0,Other,West,66874.73,6,2037.24,10395.76,2023-08-07,No,auto-generated record
CUST100927,27.0,Male,South,81123.87,8,825.05,6784.89,2022-09-21,Yes,auto-generated record
CUST100928,18.0,Female,North,60486.55,12,1358.37,13517.23,2022-04-25,No,auto-generated record
CUST100929,47.0,Male,East,61362.21,6,883.27,4079.02,2022-04-01,Yes,auto-generated record
CUST100930,67.0,Female,South,67094.88,7,1672.3,9088.12,2023-02-13,Yes,auto-generated record
CUST100931,38.0,Male,South,82409.02,11,2209.35,24772.34,2022-04-09,No,auto-generated record
CUST100932,18.0,Male,South,28286.61,8,3188.48,23992.73,2024-03-19,Yes,auto-generated record
CUST100933,49.0,Female,West,44133.28,13,2645.69,36897.43,2024-05-28,No,auto-generated record
CUST100934,30.0,Male,North,45610.99,8,2679.4,15526.48,2023-03-07,Yes,auto-generated record
CUST100935,46.0,Female,North,38956.96,9,1475.82,14246.99,2023-11-11,Yes,auto-generated record
CUST100936,42.0,Female,West,68112.17,14,1174.42,13371.24,2022-07-21,Yes,auto-generated record
CUST100937,46.0,Male,West,53492.91,6,2207.76,13674.38,2023-03-08,No,auto-generated record
CUST100938,39.0,Female,South,41132.09,9,,12208.51,2023-09-28,No,auto-generated record
CUST100939,35.0,Male,North,66763.88,11,2531.21,29257.4,2023-09-07,No,auto-generated record
CUST100940,51.0,Male,East,60261.53,7,2504.06,15645.45,2023-05-21,Yes,auto-generated record
CUST100941,35.0,Female,Central,64270.86,12,1404.63,13721.62,2023-08-17,Yes,auto-generated record
CUST100942,52.0,Male,South,61995.12,17,1930.16,24643.43,2022-04-21,Yes,auto-generated record
CUST100943,31.0,Male,East,46420.83,9,1997.63,17400.52,2022-10-26,Yes,auto-generated record
CUST100944,,Male,South,39567.32,10,1356.09,13611.73,2022-07-02,Yes,auto-generated record
CUST100945,29.0,Female,West,63408.96,15,2245.04,31956.09,2022-02-10,No,auto-generated record
CUST100946,49.0,Female,East,44730.0,8,1895.78,14972.8,2023-04-29,No,auto-generated record
CUST100947,30.0,Male,South,73838.84,8,2175.99,16691.91,2022-09-09,Yes,auto-generated record
CUST100948,28.0,Female,West,59445.73,11,874.73,10045.08,2022-03-26,No,auto-generated record
CUST100949,49.0,Male,East,60614.23,13,1913.28,27195.96,2024-03-11,Yes,auto-generated record
CUST100950,42.0,Female,North,44699.14,13,1896.91,24397.41,2023-08-19,No,auto-generated record
CUST100951,37.0,Male,South,86930.37,9,2333.5,21472.62,2022-08-09,Yes,auto-generated record
CUST100952,26.0,Male,Central,49662.85,7,1211.65,6864.75,2023-01-08,Yes,auto-generated record
CUST100953,37.0,Female,West,67401.77,11,2372.0,27764.27,2022-03-16,Yes,auto-generated record
CUST100954,43.0,Male,East,48036.65,3,1491.32,3349.19,2023-10-15,Yes,auto-generated record
CUST100955,46.0,Male,West,81080.71,6,2136.47,14060.54,2022-09-16,No,auto-generated record
CUST100956,30.0,Male,North,63272.43,9,574.64,5471.32,2023-01-26,No,auto-generated record
CUST100957,44.0,Female,South,78343.42,7,1983.46,14903.68,2022-05-15,Yes,auto-generated record
CUST100958,18.0,Male,Central,66861.91,14,1131.79,14973.51,2023-07-20,No,auto-generated record
CUST100959,39.0,Female,North,56211.44,13,982.62,13746.23,2022-06-02,No,auto-generated record
CUST100960,27.0,Male,Central,39302.27,6,1424.11,7719.1,2022-04-25,No,auto-generated record
CUST100961,46.0,Female,Central,61760.41,7,1994.0,11063.86,2024-04-28,No,auto-generated record
CUST100962,33.0,Other,West,45352.71,12,627.63,7685.92,2022-12-01,No,auto-generated record
CUST100963,65.0,Male,South,59801.5,5,1797.61,7687.62,2023-01-30,No,auto-generated record
CUST100964,40.0,Male,North,89209.88,10,1793.7,18136.56,2022-02-15,No,auto-generated record
CUST100965,42.0,Male,South,76296.22,10,816.16,6044.71,2024-05-09,Yes,auto-generated record
CUST100966,18.0,Male,West,58340.97,15,2147.18,24735.4,2022-11-15,No,auto-generated record
CUST100967,22.0,Female,South,65727.7,11,2547.26,20375.57,2023-06-18,No,auto-generated record
CUST100968,50.0,Female,West,78352.8,13,2285.08,28477.21,2024-06-06,Yes,auto-generated record
CUST100969,30.0,Male,North,60513.85,13,3943.28,42262.54,2022-07-13,No,auto-generated record
CUST100970,51.0,Other,Central,61889.13,14,,29980.45,2024-06-11,No,auto-generated record
CUST100971,29.0,Female,Central,58612.0,7,1213.28,8017.78,2022-10-15,No,auto-generated record
CUST100972,45.0,Male,West,69902.09,9,574.12,5155.24,2024-01-13,Yes,auto-generated record
CUST100973,28.0,Male,North,92707.9,11,2163.86,24566.02,2023-03-26,No,auto-generated record
CUST100974,43.0,Male,South,40477.53,11,2064.35,21881.24,2023-04-15,No,auto-generated record
CUST100975,46.0,Female,North,62784.62,8,707.26,4708.35,2023-10-15,Yes,auto-generated record
CUST100976,48.0,Male,North,52937.86,8,1653.44,11855.16,2023-04-22,No,auto-generated record
CUST100977,29.0,Female,West,98837.91,11,2011.2,22982.19,2022-08-31,No,auto-generated record
CUST100978,23.0,Female,East,45747.48,11,1972.13,19932.2,2023-08-11,Yes,auto-generated record
CUST100979,44.0,Female,West,83664.4,8,1488.66,10563.02,2022-11-23,No,auto-generated record
CUST100980,40.0,Male,South,71086.28,11,2546.65,24527.14,2022-03-16,Yes,auto-generated record
CUST100981,46.0,Male,South,70741.48,13,2250.12,30079.8,2023-05-04,Yes,auto-generated record
CUST100982,24.0,Male,Central,74394.92,9,2334.9,18497.9,2023-08-25,Yes,auto-generated record
CUST100983,47.0,Female,Central,69842.05,6,1890.77,10318.98,2023-04-27,Yes,auto-generated record
CUST100984,36.0,Female,North,53869.79,7,1989.74,12243.6,2023-01-01,Yes,auto-generated record
CUST100985,25.0,Male,West,89345.28,12,1155.1,11386.4,2022-06-21,Yes,auto-generated record
CUST100986,32.0,Male,East,37463.58,9,1723.44,13033.68,2022-10-30,Yes,auto-generated record
CUST100987,49.0,Male,North,30258.86,12,1388.0,16800.68,2022-02-26,Yes,auto-generated record
CUST100988,40.0,Male,East,46708.51,9,1074.97,10204.83,2022-08-21,No,auto-generated record
CUST100989,40.0,Female,South,72835.05,13,2351.09,22884.92,2023-10-06,No,auto-generated record
CUST100990,39.0,Female,South,48304.4,12,1620.28,20915.61,2023-05-17,No,auto-generated record
CUST100991,33.0,Female,Central,60092.96,12,2354.74,22284.99,2022-03-22,Yes,auto-generated record
CUST100992,52.0,Female,West,80618.85,10,1497.59,13886.01,2024-04-29,Yes,auto-generated record
CUST100993,38.0,Male,North,72131.68,11,2088.24,24087.41,2022-10-19,No,auto-generated record
CUST100994,21.0,Male,West,62175.92,4,859.9,3635.43,2024-04-11,No,auto-generated record
CUST100995,21.0,Male,North,74567.29,7,2552.3,14099.94,2023-01-13,Yes,auto-generated record
CUST100996,31.0,Female,Central,58848.15,11,2564.0,21925.81,2024-03-11,No,auto-generated record
CUST100997,33.0,Female,East,77756.09,9,2418.4,16236.72,2023-06-22,No,auto-generated record
CUST100998,47.0,Other,East,66597.74,15,1584.85,22707.13,2024-02-04,No,auto-generated record
CUST100999,18.0,Male,North,81136.27,11,2734.82,28793.91,2023-04-04,Yes,auto-generated record
CUST101000,47.0,Female,North,82455.82,12,992.23,12383.98,2022-03-02,Yes,auto-generated record
CUST101001,52.0,Female,East,66133.8,13,,41686.27,2023-10-20,No,auto-generated record
CUST101002,32.0,Female,South,79378.4,9,2198.17,16237.25,2023-03-25,Yes,auto-generated record
CUST101003,53.0,Female,West,81508.13,12,1438.31,17190.83,2023-06-30,No,auto-generated record
CUST101004,30.0,Female,South,73355.75,10,1955.7,17344.39,2023-06-12,Yes,auto-generated record
CUST101005,36.0,Male,South,66522.27,11,,17975.56,2023-03-11,Yes,auto-generated record
CUST101006,32.0,Female,North,38860.48,8,100.0,793.4,2023-01-01,No,auto-generated record
CUST101007,57.0,Male,East,57864.97,9,1442.72,12621.4,2023-02-19,No,auto-generated record
CUST101008,52.0,Female,Central,81491.05,10,1453.19,10651.79,2022-11-20,No,auto-generated record
CUST101009,51.0,Female,South,87778.43,17,470.97,8612.27,2023-11-11,Yes,auto-generated record
CUST101010,25.0,Female,West,30091.37,12,2864.54,35780.41,2024-03-09,Yes,auto-generated record
CUST101011,39.0,Female,North,45305.69,7,1187.78,6843.6,2023-11-17,Yes,auto-generated record
CUST101012,25.0,Female,Central,20932.82,9,2093.84,20031.91,2022-10-08,No,auto-generated record
CUST101013,40.0,Male,East,38003.99,8,541.8,4456.09,2024-06-04,Yes,auto-generated record
CUST101014,45.0,Male,North,73849.14,16,501.15,6707.05,2023-01-29,Yes,auto-generated record
CUST101015,54.0,Male,West,54849.98,13,2875.03,32047.5,2022-11-10,No,auto-generated record
CUST101016,36.0,Female,Central,69134.22,9,1743.08,15262.67,2024-05-21,Yes,auto-generated record
CUST101017,41.0,Female,North,87145.66,12,2753.83,30229.23,2023-12-13,No,auto-generated record
CUST101018,36.0,Female,North,29617.86,10,2322.71,21185.29,2023-01-29,No,auto-generated record
CUST101019,25.0,Male,South,59301.9,11,2639.66,28653.09,2024-03-12,Yes,auto-generated record
CUST101020,58.0,Female,East,72736.64,9,987.88,6415.09,2022-03-21,Yes,auto-generated record
CUST101021,43.0,Female,Central,70507.52,15,2147.5,24435.74,2022-12-12,No,auto-generated record
CUST101022,55.0,Male,Central,84679.78,12,1590.53,19181.0,2023-09-18,Yes,auto-generated record
CUST101023,48.0,Female,South,84844.23,16,2097.09,31771.04,2023-09-20,No,auto-generated record
CUST101024,23.0,Female,North,67086.29,11,2471.22,24377.68,2024-01-19,Yes,auto-generated record
CUST101025,31.0,Male,East,42650.01,11,1331.37,12273.69,2022-08-22,Yes,auto-generated record
CUST101026,46.0,Female,East,84439.5,8,2601.14,15761.36,2022-07-24,No,auto-generated record
CUST101027,48.0,,South,102483.34,10,3251.92,27462.91,2023-11-25,Yes,auto-generated record
CUST101028,46.0,Male,East,44657.59,6,400.16,2421.33,2023-04-02,No,auto-generated record
CUST101029,38.0,Male,Central,59810.05,11,1898.14,21515.88,2023-10-27,Yes,auto-generated record
CUST101030,48.0,Female,North,71105.51,14,1488.23,22918.19,2022-09-17,No,auto-generated record
CUST101031,26.0,,South,51776.02,12,3004.82,28095.04,2024-04-05,No,auto-generated record
CUST101032,35.0,Female,Central,65174.21,9,2045.86,17545.19,2022-03-26,No,auto-generated record
CUST101033,24.0,Male,North,62920.71,13,1561.75,17833.35,2024-03-19,No,auto-generated record
CUST101034,50.0,Male,North,85332.94,19,2065.71,33845.98,2022-10-26,No,auto-generated record
CUST101035,43.0,Male,North,,13,1665.83,19434.23,2023-06-24,Yes,auto-generated record
CUST101036,46.0,Male,West,61667.01,15,2446.6,26134.38,2023-08-07,No,auto-generated record
CUST101037,35.0,Male,North,95252.82,11,2215.45,20790.42,2022-03-24,Yes,auto-generated record
CUST101038,18.0,Other,North,75209.86,10,1247.04,11266.48,2024-04-10,No,auto-generated record
CUST101039,29.0,Female,East,51093.84,12,1697.17,19078.59,2023-09-09,No,auto-generated record
CUST101040,40.0,Male,West,40975.94,10,1465.34,14763.93,2023-12-28,Yes,auto-generated record
CUST101041,39.0,Other,West,61180.77,9,2645.81,24251.14,2023-12-25,No,auto-generated record
CUST101042,49.0,Female,South,74576.17,18,2588.91,37852.68,2023-02-13,No,auto-generated record
CUST101043,51.0,Male,Central,61407.32,12,2310.51,20959.35,2024-05-31,Yes,auto-generated record
CUST101044,31.0,M,North,35027.78,8,1848.23,13926.39,2023-02-03,Yes,auto-generated record
CUST101045,47.0,Female,East,42008.76,8,2835.42,24938.74,2023-07-30,No,auto-generated record
CUST101046,18.0,Male,South,,9,498.62,3491.84,2022-08-19,Yes,auto-generated record
CUST101047,46.0,Male,East,63589.1,9,1402.25,13030.86,2022-10-18,Yes,auto-generated record
CUST101048,18.0,Male,North,59761.88,5,2294.3,11302.06,2022-02-14,Yes,auto-generated record
CUST101049,44.0,Female,North,82620.58,17,786.9,13509.76,2024-03-19,No,auto-generated record
CUST101050,18.0,Female,Central,41834.93,12,100.0,1287.94,2022-10-08,Yes,auto-generated record
CUST101051,44.0,Male,South,47336.51,10,1983.39,17255.61,2022-04-27,Yes,auto-generated record
CUST101052,57.0,Female,East,35015.37,9,2068.18,17555.37,2024-04-06,No,auto-generated record
CUST101053,36.0,Male,Central,41311.0,14,2257.83,23770.12,2023-09-28,Yes,auto-generated record
CUST101054,46.0,Male,South,57980.79,4,2057.78,8468.34,2022-10-17,Yes,auto-generated record
CUST101055,51.0,Male,South,58437.74,11,2229.08,19176.71,2024-03-31,No,auto-generated record
CUST101056,18.0,Male,East,50238.71,7,1850.29,11002.61,2022-12-14,Yes,auto-generated record
CUST101057,18.0,Male,North,57254.23,14,1002.73,14408.15,2022-01-31,No,auto-generated record
CUST101058,38.0,Male,North,52860.19,8,1379.92,10280.13,2022-04-07,Yes,auto-generated record
CUST101059,25.0,Female,East,30038.97,6,617.35,3259.68,2023-03-01,No,auto-generated record
CUST101060,33.0,Male,South,61487.15,12,1912.22,24900.64,2023-05-04,No,auto-generated record
CUST101061,71.0,Male,North,75680.58,5,1484.12,5753.49,2023-01-13,Yes,auto-generated record
CUST101062,60.0,Female,South,51912.68,11,1967.02,19772.54,2023-02-01,No,auto-generated record
CUST101063,46.0,Female,West,120398.11,15,2475.33,26465.11,2023-12-27,No,auto-generated record
CUST101064,30.0,Male,West,15000.0,9,2682.92,19191.13,2023-07-25,Yes,auto-generated record
CUST101065,45.0,Female,East,34182.3,8,1927.82,13969.23,2024-01-08,Yes,auto-generated record
CUST101066,42.0,Female,South,50133.44,5,1501.71,6755.38,2023-02-11,No,auto-generated record
CUST101067,36.0,Male,Central,48281.93,9,2123.63,17901.34,2023-06-05,Yes,auto-generated record
CUST101068,58.0,Male,North,48614.37,10,1921.69,19443.34,2022-02-28,Yes,auto-generated record
CUST101069,18.0,Male,West,57423.05,13,1923.81,25480.06,2022-05-26,Yes,auto-generated record
CUST101070,57.0,Male,North,84978.23,12,1829.53,19268.8,2022-09-25,Yes,auto-generated record
CUST101071,33.0,Female,Central,67404.95,11,1132.75,8974.83,2022-11-05,Yes,auto-generated record
CUST101072,54.0,Male,West,67878.23,8,871.53,5793.4,2022-11-01,Yes,auto-generated record
CUST101073,37.0,Male,East,87066.39,21,1609.28,24459.06,2023-06-29,No,auto-generated record
CUST101074,31.0,Female,South,29976.52,11,1009.31,10799.12,2022-05-01,No,auto-generated record
CUST101075,30.0,Female,East,53333.09,8,1730.36,14642.31,2022-02-27,Yes,auto-generated record
CUST101076,41.0,Female,West,61367.33,12,1884.43,21836.87,2022-08-07,Yes,auto-generated record
CUST101077,43.0,Male,East,54758.52,8,1097.63,6569.98,2023-10-25,No,auto-generated record
CUST101078,75.0,Male,West,67749.93,11,2023.95,23111.05,2024-04-30,Yes,auto-generated record
CUST101079,58.0,Female,North,61148.72,12,1312.72,16910.81,2022-06-26,No,auto-generated record
CUST101080,38.0,Male,South,47393.81,9,2152.45,19028.89,2023-03-20,No,auto-generated record
CUST101081,24.0,Male,West,33527.69,7,1542.36,11605.4,2022-07-27,Yes,auto-generated record
CUST101082,40.0,Male,South,40134.2,8,1142.38,7895.19,2022-12-13,No,auto-generated record
CUST101083,45.0,Male,Central,55248.25,13,1565.68,17026.06,2022-08-15,No,auto-generated record
CUST101084,18.0,Female,East,60125.22,6,2670.9,16078.99,2024-06-08,No,auto-generated record
CUST101085,38.0,Male,South,67957.41,11,2123.9,16603.57,2022-06-09,No,auto-generated record
CUST101086,54.0,Female,Central,76763.83,9,1302.52,10260.21,2022-11-13,No,auto-generated record
CUST101087,33.0,Female,South,15000.0,9,1699.23,16615.55,2023-11-02,No,auto-generated record
CUST101088,19.0,Female,East,36421.33,11,2094.06,20569.97,2022-10-26,No,auto-generated record
CUST101089,48.0,Female,West,40427.69,10,2847.28,26436.53,2023-09-19,No,auto-generated record
CUST101090,58.0,Male,Central,64228.72,11,1772.01,19092.57,2024-06-12,Yes,auto-generated record
CUST101091,36.0,Female,North,57930.51,11,1548.35,15838.81,2023-05-30,No,auto-generated record
CUST101092,40.0,Male,Central,51519.55,9,2250.46,18253.05,2022-06-17,No,auto-generated record
CUST101093,53.0,Male,East,80542.32,11,942.36,8540.24,2022-12-07,Yes,auto-generated record
CUST101094,45.0,Other,South,51864.34,10,2291.01,17636.26,2023-01-10,Yes,auto-generated record
CUST101095,30.0,Female,South,58028.72,11,1065.43,12117.53,2022-12-28,Yes,auto-generated record
CUST101096,34.0,Male,Central,66643.5,13,1043.64,11071.09,2023-12-24,No,auto-generated record
CUST101097,38.0,Female,Central,66639.77,11,1268.79,12955.83,2024-02-11,No,auto-generated record
CUST101098,39.0,Female,East,52739.82,12,1142.01,12343.73,2023-12-23,No,auto-generated record
CUST101099,53.0,Male,South,87318.1,13,2107.9,23635.76,2022-12-26,No,auto-generated record
CUST101100,26.0,Male,Central,67405.58,10,2352.34,22893.72,2023-01-23,Yes,auto-generated record
CUST101101,43.0,Male,North,76964.84,10,1004.73,8153.79,2024-04-19,Yes,auto-generated record
CUST101102,37.0,Female,North,62141.79,13,1857.55,23800.29,2023-02-24,No,auto-generated record
CUST101103,18.0,Other,East,55794.94,11,1234.38,11076.37,2023-01-16,Yes,auto-generated record
CUST101104,48.0,Male,East,47276.39,13,1433.52,13955.01,2022-05-16,No,auto-generated record
CUST101105,40.0,Other,North,24233.2,5,2627.25,10697.33,2023-10-20,Yes,auto-generated record
CUST101106,23.0,Female,North,33338.79,7,1030.54,6645.6,2023-04-25,Yes,auto-generated record
CUST101107,18.0,Male,North,24150.76,9,1370.58,9381.34,2023-09-25,No,auto-generated record
CUST101108,50.0,Male,South,61031.36,10,1392.89,13793.08,2022-07-24,No,auto-generated record
CUST101109,59.0,Female,North,38349.12,14,1347.48,13956.54,2022-01-13,No,auto-generated record
CUST101110,40.0,Male,North,49388.51,12,1036.83,11675.22,2022-02-16,No,auto-generated record
CUST101111,36.0,Female,North,40642.92,8,1830.25,14724.78,2024-05-19,No,auto-generated record
CUST101112,47.0,Female,South,60765.18,10,702.56,7136.23,2022-01-15,Yes,auto-generated record
CUST101113,31.0,Female,North,52569.56,10,1977.91,18802.02,2023-04-22,No,auto-generated record
CUST101114,32.0,Male,West,80993.63,17,1947.13,27969.39,2022-05-14,No,auto-generated record
CUST101115,50.0,Male,South,,14,2755.36,33286.79,2023-11-26,No,auto-generated record
CUST101116,25.0,Other,North,82053.9,9,2589.91,21023.23,2023-04-23,Yes,auto-generated record
CUST101117,53.0,Female,West,64405.54,10,1863.5,18229.17,2023-03-27,Yes,auto-generated record
CUST101118,42.0,Female,West,27320.08,10,1598.38,14316.1,2022-03-28,Yes,auto-generated record
CUST101119,55.0,Male,South,80929.0,7,3048.93,21963.52,2023-07-30,Yes,auto-generated record
CUST101120,18.0,Other,North,87104.31,18,1656.52,24220.5,2022-02-22,No,auto-generated record
CUST101121,54.0,Male,West,55796.09,12,3201.15,33715.93,2024-05-07,No,auto-generated record
CUST101122,37.0,Female,West,83454.31,11,1590.37,19029.69,2023-04-09,No,auto-generated record
CUST101123,46.0,Male,Central,57588.17,12,1410.28,13586.04,2023-04-11,No,auto-generated record
CUST101124,29.0,Other,West,57627.28,6,2316.01,12215.32,2023-09-15,No,auto-generated record
CUST101125,26.0,Female,East,52498.9,7,2412.29,16206.4,2022-07-30,Yes,auto-generated record
CUST101126,53.0,Male,South,51863.46,6,1833.42,11648.94,2024-04-07,No,auto-generated record
CUST101127,44.0,Female,South,51740.51,11,874.92,9266.97,2024-04-01,No,auto-generated record
CUST101128,45.0,Other,North,29047.9,11,2180.35,22879.83,2024-05-05,Yes,auto-generated record
CUST101129,47.0,Female,West,63810.26,9,1336.48,8752.01,2022-03-25,No,auto-generated record
CUST101130,46.0,Male,East,63026.36,5,2018.48,8200.11,2022-04-30,No,auto-generated record
CUST101131,19.0,Male,South,65252.04,10,1681.71,17438.14,2022-01-20,No,auto-generated record
CUST101132,35.0,Male,North,,15,976.66,10800.33,2023-04-28,Yes,auto-generated record
CUST101133,34.0,Female,South,64514.77,11,995.74,10133.98,2022-08-07,Yes,auto-generated record
CUST101134,63.0,Male,West,105898.1,9,2065.46,14138.73,2024-03-28,No,auto-generated record
CUST101135,55.0,Male,North,81232.78,11,1853.26,16971.59,2022-05-26,Yes,auto-generated record
CUST101136,28.0,Male,North,52728.84,7,2929.7,19945.63,2023-05-18,No,auto-generated record
CUST101137,,Female,South,57382.58,6,2321.23,12900.63,2024-03-14,Yes,auto-generated record
CUST101138,47.0,Female,South,61270.67,10,2386.71,19563.43,2023-11-06,No,auto-generated record
CUST101139,46.0,Male,West,83743.86,15,1901.31,30302.37,2022-01-18,Yes,auto-generated record
CUST101140,56.0,Male,East,54548.74,8,237.69,1556.31,2024-03-13,Yes,auto-generated record
CUST101141,24.0,Female,East,73073.97,8,1697.37,14457.34,2023-02-21,No,auto-generated record
CUST101142,59.0,Male,Central,71933.63,15,1841.52,25523.74,2023-06-13,No,auto-generated record
CUST101143,41.0,,Central,15000.0,10,2243.11,19777.97,2022-09-22,No,auto-generated record
CUST101144,55.0,Male,North,71670.64,8,2369.11,15557.59,2023-12-11,Yes,auto-generated record
CUST101145,42.0,Female,South,49228.68,6,1034.68,6564.23,2024-04-25,Yes,auto-generated record
CUST101146,34.0,Female,South,40564.88,14,2867.79,39085.27,2022-08-05,No,auto-generated record
CUST101147,29.0,Male,North,55294.1,13,3140.07,29968.5,2022-08-19,No,auto-generated record
CUST101148,56.0,Female,West,69114.63,17,2885.47,52300.55,2023-11-13,No,auto-generated record
CUST101149,18.0,Male,West,96130.57,14,1411.71,19822.89,2023-06-08,Yes,auto-generated record
CUST101150,52.0,Male,South,63643.25,8,736.76,6219.42,2024-02-12,Yes,auto-generated record
CUST101151,47.0,Female,Central,45285.4,8,2476.69,20247.07,2023-03-22,Yes,auto-generated record
CUST101152,30.0,Female,East,53668.7,6,2632.38,11168.52,2023-03-15,Yes,auto-generated record
CUST101153,48.0,Male,South,69569.31,10,2050.0,22082.59,2022-11-16,No,auto-generated record
CUST101154,37.0,Male,East,41127.76,8,1929.91,13677.63,2023-03-01,Yes,auto-generated record
CUST101155,23.0,Female,West,49444.69,7,1443.9,7272.26,2024-06-04,No,auto-generated record
CUST101156,35.0,Male,West,,8,1375.49,9867.96,2022-01-13,Yes,auto-generated record
CUST101157,46.0,Female,Central,38362.76,8,1981.18,16938.48,2024-03-15,Yes,auto-generated record
CUST101158,39.0,Male,Central,50756.93,10,1423.19,12797.64,2022-11-11,Yes,auto-generated record
CUST101159,29.0,Male,South,68650.06,12,1621.14,14933.52,2024-01-18,No,auto-generated record
CUST101160,47.0,Male,South,44603.02,14,1064.92,14806.46,2023-07-29,No,auto-generated record
CUST101161,48.0,Male,North,45820.05,9,3017.62,25991.45,2022-04-21,No,auto-generated record
CUST101162,54.0,Female,South,61257.58,18,1276.43,25174.15,2023-04-21,No,auto-generated record
CUST101163,41.0,Female,North,40893.43,8,840.21,6818.52,2022-07-28,No,auto-generated record
CUST101164,57.0,Male,North,53898.58,9,1958.26,18027.58,2023-06-14,Yes,auto-generated record
CUST101165,30.0,Male,West,39271.66,6,1470.02,8170.62,2024-01-02,No,auto-generated record
CUST101166,33.0,Female,North,87445.42,15,1334.49,16715.82,2022-03-20,Yes,auto-generated record
CUST101167,21.0,Female,North,44541.03,6,1926.04,9070.73,2023-10-27,No,auto-generated record
CUST101168,38.0,Female,West,82941.98,8,2299.33,19545.96,2024-05-30,Yes,auto-generated record
CUST101169,39.0,Female,East,60677.85,10,1551.02,11039.55,2023-01-29,Yes,auto-generated record
CUST101170,38.0,Female,South,89791.9,7,1738.1,9176.86,2024-05-21,Yes,auto-generated record
CUST101171,22.0,Female,West,35679.54,9,549.23,4392.1,2024-02-15,No,auto-generated record
CUST101172,51.0,Male,South,65105.86,10,2776.32,20903.9,2023-04-03,No,auto-generated record
CUST101173,18.0,Female,North,15000.0,9,1410.64,9625.82,2024-06-14,Yes,auto-generated record
CUST101174,27.0,Male,East,78044.04,7,3259.25,19280.02,2023-10-26,No,auto-generated record
CUST101175,18.0,Male,North,63170.91,11,942.91,8454.23,2023-07-31,Yes,auto-generated record
CUST101176,51.0,Female,West,55505.98,6,1952.23,9714.19,2022-03-03,Yes,auto-generated record
CUST101177,48.0,Male,Central,97428.74,10,1808.04,18523.96,2023-02-27,No,auto-generated record
CUST101178,36.0,Female,West,109004.78,13,1023.23,13361.89,2024-06-04,Yes,auto-generated record
CUST101179,42.0,Female,Central,86545.96,8,2506.67,21867.89,2022-05-02,No,auto-generated record
CUST101180,23.0,Female,North,82258.79,8,1308.53,8143.0,2024-06-01,Yes,auto-generated record
CUST101181,25.0,Female,South,55248.71,7,2660.16,14788.12,2022-05-21,Yes,auto-generated record
CUST101182,26.0,Other,Central,39946.34,7,2410.6,18243.91,2024-06-05,No,auto-generated record
CUST101183,42.0,Male,Central,32335.84,8,2271.83,17724.07,2022-06-13,Yes,auto-generated record
CUST101184,33.0,Female,East,75557.46,15,2795.64,30128.79,2023-02-28,Yes,auto-generated record
CUST101185,40.0,Female,West,25018.41,3,213.77,532.53,2023-08-07,No,auto-generated record
CUST101186,25.0,Other,South,50775.55,11,1690.41,17113.85,2023-08-19,Yes,auto-generated record
CUST101187,21.0,Male,South,83843.29,9,2571.89,18442.23,2023-07-06,Yes,auto-generated record
CUST101188,,Male,North,66144.68,13,2622.93,35979.64,2023-11-15,No,auto-generated record
CUST101189,42.0,Female,Central,36783.31,10,1457.01,12910.93,2023-10-28,No,auto-generated record
CUST101190,43.0,Female,South,44260.6,13,2257.37,22519.39,2024-03-25,Yes,auto-generated record
CUST101191,30.0,Male,Central,78778.07,8,765.18,4829.54,2024-02-11,Yes,auto-generated record
CUST101192,41.0,Female,North,40115.71,10,1742.49,12325.99,2023-05-21,No,auto-generated record
CUST101193,19.0,Other,West,44278.37,13,2345.88,22785.66,2023-06-28,No,auto-generated record
CUST101194,24.0,Male,East,28724.65,14,768.22,8917.95,2023-08-07,No,auto-generated record
CUST101195,42.0,Male,North,58263.49,8,1740.86,13470.79,2022-04-17,No,auto-generated record
CUST101196,26.0,Female,West,43380.15,12,2441.7,23950.67,2024-02-24,No,auto-generated record
CUST101197,23.0,Male,West,72099.43,6,1872.12,9933.18,2022-02-01,No,auto-generated record
CUST101198,26.0,Male,West,36756.87,12,1830.49,19274.77,2023-07-24,Yes,auto-generated record
CUST101199,59.0,Male,West,56655.64,10,1801.87,13955.82,2022-08-31,No,auto-generated record
CUST101200,33.0,Female,West,15000.0,6,1890.22,9223.9,2023-12-04,Yes,auto-generated record
CUST101201,42.0,Male,West,82876.61,12,1255.14,15935.94,2022-04-24,No,auto-generated record
CUST101202,36.0,Female,South,79287.57,7,2202.45,13674.88,2023-09-04,No,auto-generated record
CUST101203,68.0,Female,Central,,14,1526.69,20796.44,2024-04-07,No,auto-generated record
CUST101204,37.0,Female,East,60536.32,12,2468.71,24068.18,2022-10-11,Yes,auto-generated record
CUST101205,51.0,Male,South,70122.25,14,3184.41,45138.25,2023-10-14,No,auto-generated record
CUST101206,,Male,Central,80917.93,16,838.81,9510.73,2023-10-26,Yes,auto-generated record
CUST101207,44.0,Male,South,30166.4,7,2496.13,17331.8,2024-03-31,Yes,auto-generated record
CUST101208,38.0,Female,East,41830.84,15,1588.93,20404.45,2023-12-13,Yes,auto-generated record
CUST101209,20.0,Female,West,93579.72,11,3012.88,29728.75,2022-11-05,No,auto-generated record
CUST101210,45.0,Female,West,81206.72,13,2177.66,27382.06,2023-06-17,Yes,auto-generated record
CUST101211,66.0,Male,South,77106.21,14,2048.08,30218.9,2023-08-13,No,auto-generated record
CUST101212,45.0,Female,North,60803.02,7,2036.34,11390.13,2024-01-26,Yes,auto-generated record
CUST101213,64.0,Other,East,81101.85,11,850.46,9680.46,2023-02-27,Yes,auto-generated record
CUST101214,48.0,Male,East,77272.84,11,884.67,8000.23,2023-07-10,Yes,auto-generated record
CUST101215,50.0,Male,West,77640.62,13,928.23,12013.99,2022-05-23,No,auto-generated record
CUST101216,33.0,Female,South,37599.23,8,1491.54,10032.89,2023-02-21,Yes,auto-generated record
CUST101217,37.0,Male,Central,58307.84,7,2009.95,10851.73,2023-11-30,No,auto-generated record
CUST101218,45.0,Male,West,67522.1,6,1535.51,7607.59,2023-03-25,Yes,auto-generated record
CUST101219,53.0,Female,Central,68276.97,7,2153.19,11802.27,2023-03-11,Yes,auto-generated record
CUST101220,26.0,Female,West,35932.25,7,549.74,2951.67,2023-02-19,Yes,auto-generated record
CUST101221,21.0,Other,West,49150.06,12,2836.15,30761.81,2024-06-02,No,auto-generated record
CUST101222,37.0,Male,East,40433.55,6,1615.55,8733.32,2023-07-26,Yes,auto-generated record
CUST101223,37.0,Female,Central,50396.86,10,2515.17,18794.74,2023-10-01,No,auto-generated record
CUST101224,44.0,Male,South,64163.14,10,2386.56,22135.21,2023-02-07,No,auto-generated record
CUST101225,60.0,Female,West,75246.54,11,2530.98,30529.04,2023-04-27,No,auto-generated record
CUST101226,32.0,Female,West,67204.75,12,1630.87,18236.53,2023-07-26,No,auto-generated record
CUST101227,62.0,Male,West,83777.6,13,1169.39,10822.87,2023-08-17,No,auto-generated record
CUST101228,46.0,Female,North,63526.3,11,3134.54,26347.54,2022-09-28,No,auto-generated record
CUST101229,39.0,Female,South,36008.85,12,1705.92,22146.31,2023-10-27,No,auto-generated record
CUST101230,18.0,Male,Central,53482.24,12,1765.43,20463.03,2022-10-02,No,auto-generated record
CUST101231,57.0,Male,West,55903.53,5,1182.68,4220.98,2022-04-20,Yes,auto-generated record
CUST101232,61.0,Male,North,34644.81,12,1362.58,13800.28,2023-06-30,No,auto-generated record
CUST101233,45.0,Female,East,49057.42,13,1245.36,15419.47,2023-09-10,No,auto-generated record
CUST101234,45.0,Female,West,67865.71,11,1295.05,12897.31,2024-03-26,Yes,auto-generated record
CUST101235,33.0,Female,Central,75399.48,13,2773.82,36649.81,2022-11-19,No,auto-generated record
CUST101236,18.0,Male,East,50267.91,6,2333.33,10567.14,2023-02-17,No,auto-generated record
CUST101237,29.0,Female,North,30415.77,7,1689.16,10782.8,2022-04-08,No,auto-generated record
CUST101238,21.0,Male,North,52226.45,8,2786.05,18918.61,2023-12-17,No,auto-generated record
CUST101239,21.0,Female,North,39937.16,10,1115.57,10564.79,2023-06-20,No,auto-generated record
CUST101240,28.0,Male,North,78006.69,9,1947.35,14419.93,2024-02-21,No,auto-generated record
CUST101241,31.0,Female,North,33443.03,3,2316.82,6496.62,2023-09-17,Yes,auto-generated record
CUST101242,45.0,Male,West,75731.39,12,3486.29,43983.75,2022-09-10,No,auto-generated record
CUST101243,55.0,Male,West,59200.9,14,1297.9,14559.58,2023-04-20,No,auto-generated record
CUST101244,36.0,Female,East,64714.0,10,864.62,7943.68,2022-11-15,No,auto-generated record
CUST101245,48.0,Male,Central,48378.0,10,1104.86,11731.52,2023-03-28,No,auto-generated record
CUST101246,34.0,Female,North,66451.06,13,1767.86,18848.26,2024-04-20,Yes,auto-generated record
CUST101247,34.0,Male,North,56931.18,10,200.65,2095.23,2022-01-20,No,auto-generated record
CUST101248,42.0,Female,East,56180.45,10,2201.83,17780.44,2024-01-13,No,auto-generated record
CUST101249,30.0,Female,East,36348.48,7,2111.27,12882.91,2023-06-12,No,auto-generated record
CUST101250,41.0,Female,North,49006.77,13,1208.53,12030.69,2023-03-16,No,auto-generated record
CUST101251,32.0,Female,Central,22240.33,9,1403.84,8866.04,2023-03-05,Yes,auto-generated record
CUST101252,27.0,Female,East,64280.8,11,626.16,5903.3,2023-12-19,No,auto-generated record
CUST101253,30.0,Male,East,50468.73,7,2677.24,20332.89,2023-06-27,Yes,auto-generated record
CUST101254,57.0,Female,South,90843.48,9,1524.18,13717.58,2024-03-18,No,auto-generated record
CUST101255,41.0,Male,East,,7,1890.47,12183.33,2022-02-25,Yes,auto-generated record
CUST101256,32.0,Female,North,85010.24,14,2122.55,23410.62,2023-08-08,No,auto-generated record
CUST101257,40.0,Male,South,67103.17,15,1738.76,26983.6,2022-03-29,No,auto-generated record
CUST101258,29.0,Female,East,47281.36,16,1323.91,22741.65,2023-07-28,Yes,auto-generated record
CUST101259,32.0,Male,East,65328.55,9,1578.08,14029.86,2023-11-09,Yes,auto-generated record
CUST101260,34.0,Other,East,34154.01,8,2205.2,17835.51,2022-05-09,Yes,auto-generated record
CUST101261,18.0,Female,North,27442.17,4,1771.98,5363.47,2023-01-29,No,auto-generated record
CUST101262,36.0,Female,South,79708.75,8,2955.1,17874.82,2024-03-28,No,auto-generated record
CUST101263,,Female,Central,23543.42,10,965.02,9674.28,2022-06-30,No,auto-generated record
CUST101264,41.0,Female,Central,59419.7,13,1038.85,12408.8,2022-10-23,No,auto-generated record
CUST101265,36.0,Male,Central,82348.31,14,1479.21,17411.24,2024-01-06,No,auto-generated record
CUST101266,51.0,Male,North,64318.59,7,2171.43,12275.06,2022-01-13,Yes,auto-generated record
CUST101267,28.0,Male,North,79471.78,11,1543.69,18018.47,2022-02-25,Yes,auto-generated record
CUST101268,51.0,Male,North,58238.03,8,586.41,4266.62,2022-08-24,Yes,auto-generated record
CUST101269,50.0,Female,Central,49733.12,9,540.51,5217.99,2023-07-29,No,auto-generated record
CUST101270,40.0,Other,North,80084.02,9,1876.97,12011.83,2024-04-30,No,auto-generated record
CUST101271,56.0,Other,South,79829.02,10,1662.16,17966.45,2023-02-19,Yes,auto-generated record
CUST101272,28.0,Male,South,53891.92,13,1578.96,16142.64,2023-12-22,No,auto-generated record
CUST101273,41.0,Male,West,84353.47,12,1430.5,12198.5,2023-10-12,No,auto-generated record
CUST101274,36.0,Female,East,37215.55,7,2590.0,16228.99,2024-03-09,Yes,auto-generated record
CUST101275,29.0,M,Central,,8,1608.22,10843.55,2023-05-09,Yes,auto-generated record
CUST101276,34.0,Female,North,50005.17,13,1702.4,20660.44,2022-11-11,Yes,auto-generated record
CUST101277,43.0,Female,North,64064.38,12,2460.69,24382.13,2023-02-05,No,auto-generated record
CUST101278,43.0,Female,Central,61900.54,9,705.77,5603.57,2024-05-17,No,auto-generated record
CUST101279,46.0,Female,North,64192.49,17,1218.37,16571.08,2022-09-14,Yes,auto-generated record
CUST101280,30.0,Male,West,65737.9,8,2403.39,15382.25,2024-04-19,No,auto-generated record
CUST101281,37.0,Female,East,83874.12,10,2009.92,15655.49,2023-04-27,No,auto-generated record
CUST101282,36.0,Male,North,83475.69,11,2526.16,20358.76,2023-02-13,No,auto-generated record
CUST101283,30.0,Female,South,57846.62,12,2131.49,27521.38,2023-08-19,No,auto-generated record
CUST101284,38.0,Female,West,59856.27,10,2426.33,19959.61,2022-09-23,Yes,auto-generated record
CUST101285,18.0,Female,North,34801.79,8,1565.9,12593.58,2023-05-15,Yes,auto-generated record
CUST101286,24.0,Female,Central,84462.95,11,1663.15,19627.72,2023-10-30,No,auto-generated record
CUST101287,32.0,Male,North,73706.05,11,1072.17,9747.99,2023-04-01,Yes,auto-generated record
CUST101288,33.0,Male,North,45905.29,8,1094.37,7073.35,2022-08-30,No,auto-generated record
CUST101289,46.0,Female,East,64438.68,11,2569.56,23902.74,2022-01-24,Yes,auto-generated record
CUST101290,31.0,Female,North,83964.43,14,1580.05,23083.21,2024-02-23,No,auto-generated record
CUST101291,58.0,Female,Central,52132.34,8,1656.57,10195.31,2023-09-25,Yes,auto-generated record
CUST101292,20.0,Female,South,58349.1,12,100.0,1005.79,2023-05-16,Yes,auto-generated record
CUST101293,60.0,Male,North,65293.98,7,2596.27,15611.58,2022-02-01,Yes,auto-generated record
CUST101294,26.0,Male,North,50002.77,9,1215.88,8539.2,2022-03-09,Yes,auto-generated record
CUST101295,24.0,Female,East,56039.57,10,782.71,6786.74,2022-09-30,Yes,auto-generated record
CUST101296,29.0,Female,Central,19981.44,11,764.7,7884.6,2023-12-11,No,auto-generated record
CUST101297,30.0,Male,South,74312.35,10,1853.85,19469.81,2023-12-03,No,auto-generated record
CUST101298,34.0,Female,South,49329.77,11,2534.5,24720.59,2022-07-05,No,auto-generated record
CUST101299,32.0,Female,East,59225.92,11,1869.46,20582.9,2022-12-02,No,auto-generated record
CUST101300,43.0,Female,West,34748.57,5,1871.05,10192.0,2022-11-02,Yes,auto-generated record
CUST101301,47.0,Female,West,103371.18,10,4406.45,41530.84,2022-05-01,Yes,auto-generated record
CUST101302,25.0,Female,South,65326.32,14,2591.43,29243.14,2023-05-28,Yes,auto-generated record
CUST101303,53.0,Male,South,28063.57,7,1360.45,9345.96,2022-11-03,No,auto-generated record
CUST101304,41.0,Male,Central,48506.87,12,826.21,7197.03,2023-07-13,Yes,auto-generated record
CUST101305,38.0,Male,Central,52597.91,10,1151.79,12041.24,2023-12-20,Yes,auto-generated record
CUST101306,48.0,Male,South,43932.58,10,2182.92,17917.0,2023-03-19,Yes,auto-generated record
CUST101307,37.0,Male,Central,33672.76,7,1741.06,9111.57,2023-01-19,Yes,auto-generated record
CUST101308,,Other,North,39725.7,6,1984.96,10854.79,2023-02-28,Yes,auto-generated record
CUST101309,23.0,Female,Central,38425.97,9,1503.88,12128.04,2024-05-05,No,auto-generated record
CUST101310,52.0,Female,Central,65451.08,11,1496.95,17700.97,2024-03-08,Yes,auto-generated record
CUST101311,32.0,M,East,60773.8,12,2250.52,25353.59,2022-12-16,No,auto-generated record
CUST101312,47.0,Female,West,84075.64,11,2295.94,22506.73,2022-03-23,No,auto-generated record
CUST101313,32.0,Female,North,53474.83,10,2380.13,23727.17,2023-08-26,No,auto-generated record
CUST101314,58.0,Male,Central,23569.15,11,2229.58,23176.68,2022-11-15,No,auto-generated record
CUST101315,42.0,Female,West,56757.25,7,2455.97,12441.59,2022-07-04,No,auto-generated record
CUST101316,47.0,Female,East,80635.93,15,853.29,11738.68,2023-08-15,No,auto-generated record
CUST101317,25.0,Female,East,32925.31,5,1779.94,6571.86,2023-02-14,Yes,auto-generated record
CUST101318,20.0,Male,North,56016.47,11,,27481.48,2023-03-30,Yes,auto-generated record
CUST101319,41.0,Male,Central,64981.2,8,2163.9,13349.65,2023-05-04,No,auto-generated record
CUST101320,56.0,Male,East,45088.68,12,2839.59,28427.19,2022-08-05,No,auto-generated record
CUST101321,40.0,Female,East,54988.15,12,2257.38,20943.22,2023-10-06,Yes,auto-generated record
CUST101322,20.0,Female,North,34341.13,7,2747.52,20389.22,2023-07-30,Yes,auto-generated record
CUST101323,58.0,Female,East,90220.03,15,2229.03,26602.86,2023-02-19,No,auto-generated record
CUST101324,32.0,Female,South,68083.17,7,1707.31,9853.33,2024-03-13,Yes,auto-generated record
CUST101325,47.0,Male,West,61822.5,10,1790.52,13247.87,2023-12-12,Yes,auto-generated record
CUST101326,28.0,,North,67598.56,11,2333.8,27715.42,2024-03-28,Yes,auto-generated record
CUST101327,29.0,Female,North,67673.8,14,1106.06,15680.31,2022-11-23,No,auto-generated record
CUST101328,41.0,Other,North,43515.4,11,1206.91,9464.08,2023-11-25,Yes,auto-generated record
CUST101329,,Male,South,28340.64,6,1892.05,8051.14,2023-11-10,Yes,auto-generated record
CUST101330,26.0,Male,Central,28600.8,12,2591.96,22822.62,2024-01-30,No,auto-generated record
CUST101331,33.0,Female,North,33651.28,15,1607.63,24830.3,2024-04-16,Yes,auto-generated record
CUST101332,33.0,Male,East,71426.4,10,2257.53,23365.19,2022-11-18,No,auto-generated record
CUST101333,18.0,Male,North,71995.31,7,1376.81,9901.26,2023-03-25,Yes,auto-generated record
CUST101334,51.0,Female,South,89561.46,10,1090.24,10833.16,2022-07-05,No,auto-generated record
CUST101335,35.0,Female,South,33101.04,15,1578.67,17300.56,2023-09-27,Yes,auto-generated record
CUST101336,35.0,Male,North,57114.49,6,1893.08,7981.53,2023-08-19,Yes,auto-generated record
CUST101337,18.0,Male,East,74257.81,11,2199.17,22530.37,2022-01-29,No,auto-generated record
CUST101338,36.0,Female,South,89822.08,12,1770.33,21616.67,2022-11-30,No,auto-generated record
CUST101339,45.0,Female,South,54311.41,8,1609.47,13584.68,2023-07-04,Yes,auto-generated record
CUST101340,47.0,Other,East,54125.67,10,1124.13,8037.86,2022-02-16,Yes,auto-generated record
CUST101341,44.0,Male,South,53021.49,10,2787.66,27521.55,2022-02-21,Yes,auto-generated record
CUST101342,36.0,Male,Central,65452.51,9,1648.48,15506.79,2022-06-27,Yes,auto-generated record
CUST101343,34.0,Female,South,71481.15,11,2267.05,26684.28,2022-10-29,No,auto-generated record
CUST101344,39.0,Female,Central,76304.69,10,1294.47,12587.11,2023-01-23,Yes,auto-generated record
CUST101345,45.0,Male,North,52166.1,7,1640.84,12019.36,2024-06-04,No,auto-generated record
CUST101346,34.0,Male,Central,83425.59,12,2611.06,31941.04,2023-07-17,No,auto-generated record
CUST101347,34.0,Male,North,38914.44,9,1638.98,11323.34,2023-04-20,No,auto-generated record
CUST101348,42.0,Male,North,70888.04,5,1686.81,7153.7,2023-01-21,Yes,auto-generated record
CUST101349,34.0,Female,North,81565.97,14,2251.79,23031.52,2023-10-12,No,auto-generated record
CUST101350,40.0,Male,West,79131.3,10,2267.57,21442.84,2022-07-12,Yes,auto-generated record
CUST101351,39.0,Male,South,66584.58,11,2428.23,19060.38,2023-10-30,Yes,auto-generated record
CUST101352,26.0,Other,South,47905.05,10,1279.5,13515.53,2023-06-09,No,auto-generated record
CUST101353,55.0,Female,West,62172.83,16,2595.47,44490.04,2022-02-03,No,auto-generated record
CUST101354,45.0,Male,North,47406.01,12,2206.49,25663.15,2024-04-02,No,auto-generated record
CUST101355,26.0,Female,East,42518.2,5,1856.34,8837.8,2022-05-02,Yes,auto-generated record
CUST101356,26.0,Male,South,36895.6,7,1767.09,10252.91,2023-06-11,Yes,auto-generated record
CUST101357,31.0,Male,North,76353.88,16,2339.88,36548.25,2024-01-23,Yes,auto-generated record
CUST101358,30.0,Female,Central,34802.07,11,2477.17,27658.98,2022-07-24,No,auto-generated record
CUST101359,25.0,Female,South,41972.49,9,1228.46,11721.61,2023-03-01,No,auto-generated record
CUST101360,39.0,Other,South,83049.2,8,1730.84,13050.74,2023-06-03,Yes,auto-generated record
CUST101361,33.0,Male,West,64109.41,13,2496.74,27759.81,2023-04-22,No,auto-generated record
CUST101362,26.0,Male,Central,86245.47,10,485.38,4868.77,2023-04-24,Yes,auto-generated record
CUST101363,55.0,Male,South,91974.01,11,1096.21,10899.69,2023-01-23,Yes,auto-generated record
CUST101364,33.0,Male,North,65015.79,11,2312.35,27133.75,2023-10-20,No,auto-generated record
CUST101365,41.0,Male,Central,79673.54,8,2027.71,16199.75,2023-12-29,Yes,auto-generated record
CUST101366,21.0,Male,South,33466.09,10,1161.22,12304.92,2023-04-26,Yes,auto-generated record
CUST101367,24.0,Male,East,59044.11,14,2633.31,30443.92,2023-09-27,No,auto-generated record
CUST101368,25.0,Female,East,86687.42,12,2362.49,25553.36,2023-10-04,No,auto-generated record
CUST101369,48.0,Female,Central,70462.39,9,1836.01,17632.33,2023-05-22,Yes,auto-generated record
CUST101370,,Male,South,66476.87,15,100.0,1211.5,2022-12-01,Yes,auto-generated record
CUST101371,34.0,Male,West,106937.06,14,1255.37,15493.19,2022-12-21,No,auto-generated record
CUST101372,33.0,Female,East,72453.15,12,2040.34,26437.38,2024-01-30,No,auto-generated record
CUST101373,40.0,Female,North,33808.2,6,1953.98,12280.3,2022-12-02,Yes,auto-generated record
CUST101374,26.0,Female,East,76547.19,14,2057.03,26631.76,2023-05-01,No,auto-generated record
CUST101375,34.0,Male,Central,15000.0,9,2116.76,17011.44,2024-05-19,No,auto-generated record
CUST101376,48.0,Male,East,71341.2,14,2820.43,30596.85,2023-02-16,No,auto-generated record
CUST101377,26.0,Male,South,62762.01,8,2631.29,17724.96,2022-05-09,No,auto-generated record
CUST101378,44.0,Male,North,52838.3,9,781.36,6466.83,2023-08-26,No,auto-generated record
CUST101379,35.0,Female,West,44351.01,7,1528.86,9724.35,2022-03-09,Yes,auto-generated record
CUST101380,39.0,Female,South,51908.32,12,1683.68,20133.87,2022-07-13,No,auto-generated record
CUST101381,35.0,Male,South,107776.37,14,2114.85,22095.07,2023-04-21,No,auto-generated record
CUST101382,47.0,Female,South,42267.38,12,2814.31,34480.05,2023-05-25,No,auto-generated record
CUST101383,47.0,Female,South,,10,2811.05,28374.72,2022-04-24,No,auto-generated record
CUST101384,43.0,Male,South,,6,1601.0,8259.5,2022-03-02,No,auto-generated record
CUST101385,18.0,Male,South,46198.96,13,2005.71,27098.88,2023-11-03,No,auto-generated record
CUST101386,38.0,Male,East,90587.36,8,2186.61,12680.38,2023-03-14,Yes,auto-generated record
CUST101387,51.0,Female,North,69464.48,10,2009.7,21029.99,2022-04-06,No,auto-generated record
CUST101388,,Female,South,52861.02,5,2034.68,7552.97,2024-01-19,Yes,auto-generated record
CUST101389,18.0,Female,South,67089.34,11,611.84,5136.41,2024-03-17,Yes,auto-generated record
CUST101390,,Female,Central,64047.89,12,2938.19,32462.21,2022-10-10,No,auto-generated record
CUST101391,46.0,Male,South,58747.82,10,1478.81,11636.93,2023-01-05,Yes,auto-generated record
CUST101392,21.0,Female,East,49051.87,9,1764.64,15407.81,2023-09-30,Yes,auto-generated record
CUST101393,40.0,Female,Central,,14,1036.44,11274.54,2023-08-22,No,auto-generated record
CUST101394,33.0,Male,West,55550.11,9,1310.08,9434.14,2023-10-02,Yes,auto-generated record
CUST101395,36.0,Female,West,51566.91,14,1925.13,23377.08,2023-10-13,No,auto-generated record
CUST101396,41.0,Female,East,59441.88,7,1804.28,12652.44,2023-05-16,No,auto-generated record
CUST101397,34.0,Male,East,81445.92,14,2265.85,32633.91,2022-08-20,Yes,auto-generated record
CUST101398,30.0,Female,North,34656.65,6,604.52,2980.02,2023-03-06,Yes,auto-generated record
CUST101399,39.0,Male,North,66984.9,10,1051.44,10117.96,2024-05-14,Yes,auto-generated record
CUST101400,55.0,Male,North,78122.68,7,1544.16,9908.74,2024-02-02,Yes,auto-generated record
CUST101401,44.0,Male,North,59789.24,11,2671.9,21736.84,2023-02-19,No,auto-generated record
CUST101402,45.0,Female,East,61135.89,10,1132.26,11964.42,2022-10-06,Yes,auto-generated record
CUST101403,26.0,Male,East,76627.87,8,1084.75,8133.84,2022-04-08,No,auto-generated record
CUST101404,30.0,Male,North,49750.27,10,804.46,6687.58,2022-12-22,Yes,auto-generated record
CUST101405,21.0,Female,Central,65406.36,8,1756.24,15407.32,2022-05-14,Yes,auto-generated record
CUST101406,48.0,Female,East,72481.28,13,171.21,1911.67,2023-05-06,No,auto-generated record
CUST101407,49.0,F,East,66546.42,11,1485.56,13592.02,2023-11-07,Yes,auto-generated record
CUST101408,42.0,Female,North,64778.24,9,2567.42,21786.26,2022-01-21,Yes,auto-generated record
CUST101409,46.0,Male,Central,77044.81,12,1383.2,16806.48,2022-01-21,No,auto-generated record
CUST101410,,Male,North,84250.27,9,615.31,5187.39,2022-06-01,No,auto-generated record
CUST101411,32.0,Female,North,38658.48,10,1897.29,15210.87,2022-01-17,Yes,auto-generated record
CUST101412,51.0,Male,East,,15,1103.34,14712.12,2022-02-24,Yes,auto-generated record
CUST101413,32.0,Male,East,45686.11,15,819.02,11968.45,2022-08-25,No,auto-generated record
CUST101414,49.0,Female,East,47043.07,11,2403.37,19438.88,2023-11-21,No,auto-generated record
CUST101415,56.0,Female,Central,68423.04,12,2032.14,20356.83,2022-09-19,No,auto-generated record
CUST101416,23.0,F,North,58562.65,11,1548.62,13504.15,2024-04-22,Yes,auto-generated record
CUST101417,26.0,Male,West,24780.54,12,,25938.77,2023-03-05,No,auto-generated record
CUST101418,57.0,Female,South,94754.35,11,1451.86,15668.94,2023-11-23,Yes,auto-generated record
CUST101419,49.0,Male,West,54869.34,7,2064.14,15349.03,2022-07-25,No,auto-generated record
CUST101420,55.0,Male,West,77087.91,11,2808.86,26837.74,2022-11-13,Yes,auto-generated record
CUST101421,57.0,Male,West,72447.77,10,3441.31,24787.62,2022-01-08,Yes,auto-generated record
CUST101422,33.0,Male,Central,,17,1775.67,30042.08,2022-05-04,No,auto-generated record
CUST101423,61.0,Female,West,68108.98,9,2316.71,18974.29,2022-11-05,No,auto-generated record
CUST101424,53.0,Female,North,69759.98,8,2209.79,18037.49,2024-06-06,No,auto-generated record
CUST101425,49.0,Female,East,64395.16,11,3404.92,40263.11,2022-04-30,Yes,auto-generated record
CUST101426,41.0,Female,West,54363.49,6,1029.13,6202.58,2022-02-26,No,auto-generated record
CUST101427,33.0,Male,West,,13,754.7,10112.74,2023-02-10,Yes,auto-generated record
CUST101428,28.0,Male,Central,59493.46,13,2903.03,37346.64,2023-03-18,Yes,auto-generated record
CUST101429,20.0,Male,South,60601.65,12,1923.18,22942.71,2022-12-03,No,auto-generated record
CUST101430,27.0,Female,North,46194.71,6,2723.03,17690.56,2024-04-16,No,auto-generated record
CUST101431,28.0,Female,West,45245.84,10,1676.99,12636.55,2024-04-06,Yes,auto-generated record
CUST101432,39.0,Male,South,63095.22,5,3005.08,16237.59,2023-07-27,Yes,auto-generated record
CUST101433,29.0,Male,West,31539.16,8,2400.68,17646.71,2023-11-16,Yes,auto-generated record
CUST101434,18.0,Male,North,79399.93,7,2224.63,12250.3,2022-02-06,Yes,auto-generated record
CUST101435,39.0,Male,South,53119.07,8,1242.24,9626.48,2022-12-27,No,auto-generated record
CUST101436,18.0,Male,East,,9,1178.79,10372.03,2022-11-30,No,auto-generated record
CUST101437,33.0,Female,North,49178.27,6,3424.6,15564.01,2023-02-06,Yes,auto-generated record
CUST101438,45.0,Female,South,64081.68,15,1544.62,22352.21,2022-01-30,No,auto-generated record
CUST101439,19.0,Male,North,63202.95,16,1249.48,18457.7,2022-03-03,No,auto-generated record
CUST101440,23.0,Male,Central,67804.41,10,2796.96,19945.55,2022-08-30,Yes,auto-generated record
CUST101441,36.0,Female,West,47019.78,10,1476.71,11895.14,2022-02-19,Yes,auto-generated record
CUST101442,53.0,Female,East,44116.13,9,558.16,4715.2,2022-10-30,Yes,auto-generated record
CUST101443,36.0,Female,East,56521.43,9,1756.48,14215.67,2023-07-21,No,auto-generated record
CUST101444,32.0,Female,Central,55450.41,13,1725.05,17223.58,2023-02-20,Yes,auto-generated record
CUST101445,40.0,Female,South,46875.25,9,2781.09,22179.51,2022-08-07,No,auto-generated record
CUST101446,18.0,Male,West,75488.71,6,1622.49,7070.9,2023-04-29,Yes,auto-generated record
CUST101447,19.0,Female,North,35322.52,8,1651.22,9398.63,2023-03-25,Yes,auto-generated record
CUST101448,45.0,Male,East,45780.97,16,1739.66,26269.95,2024-05-09,No,auto-generated record
CUST101449,47.0,Male,North,78907.37,17,1004.97,16797.19,2023-06-20,Yes,auto-generated record
CUST101450,44.0,Male,North,54070.12,11,449.8,4071.75,2023-03-16,No,auto-generated record
CUST101451,39.0,Male,Central,56136.07,10,2957.48,30736.27,2023-05-02,No,auto-generated record
CUST101452,42.0,Female,South,45246.76,16,928.48,14057.71,2023-07-13,No,auto-generated record
CUST101453,18.0,Male,Central,31012.67,10,2903.52,29869.39,2023-03-22,Yes,auto-generated record
CUST101454,24.0,Male,West,41838.61,9,,7255.88,2022-09-03,Yes,auto-generated record
CUST101455,32.0,Male,West,26967.28,7,2039.07,15083.63,2022-05-02,Yes,auto-generated record
CUST101456,49.0,Female,West,75304.37,8,1923.48,11050.6,2024-02-13,No,auto-generated record
CUST101457,39.0,Female,Central,64577.54,9,1509.87,12444.41,2023-05-19,Yes,auto-generated record
CUST101458,37.0,Female,South,92604.95,18,1857.95,32360.22,2023-06-08,No,auto-generated record
CUST101459,24.0,Female,Central,53368.93,8,2218.7,16804.86,2022-03-25,Yes,auto-generated record
CUST101460,39.0,Male,South,49656.11,11,1799.94,21666.73,2024-03-28,No,auto-generated record
CUST101461,42.0,Female,North,78173.4,17,1705.7,29714.26,2022-02-10,Yes,auto-generated record
CUST101462,44.0,Female,Central,51519.35,6,,9487.36,2022-05-19,Yes,auto-generated record
CUST101463,36.0,Male,North,76239.87,17,3903.57,56010.47,2023-10-11,No,auto-generated record
CUST101464,62.0,Male,East,57428.48,7,2289.2,13632.13,2022-01-12,No,auto-generated record
CUST101465,23.0,Other,Central,22268.23,8,2104.47,13176.76,2023-08-26,No,auto-generated record
CUST101466,48.0,Female,South,55890.64,15,1444.85,20562.75,2022-04-22,No,auto-generated record
CUST101467,22.0,Female,West,48648.04,8,1348.65,7660.34,2024-03-13,Yes,auto-generated record
CUST101468,22.0,Female,West,63488.54,12,1735.32,18781.95,2022-03-22,Yes,auto-generated record
CUST101469,46.0,Female,West,53327.62,9,1670.78,12596.97,2023-11-06,No,auto-generated record
CUST101470,33.0,Male,North,,9,1349.97,10606.37,2022-06-25,No,auto-generated record
CUST101471,28.0,Male,West,60218.86,10,1582.57,14622.22,2023-05-31,Yes,auto-generated record
CUST101472,,Female,Central,43386.55,9,2189.95,15324.56,2022-06-14,No,auto-generated record
CUST101473,68.0,Female,North,48089.26,9,2166.04,16611.28,2022-09-21,Yes,auto-generated record
CUST101474,30.0,Female,Central,43209.03,6,681.66,4276.74,2023-02-26,Yes,auto-generated record
CUST101475,34.0,Female,Central,28672.25,10,610.29,4344.97,2022-02-17,Yes,auto-generated record
CUST101476,52.0,Female,South,64405.79,11,2076.84,18319.34,2022-02-12,Yes,auto-generated record
CUST101477,31.0,Female,Central,67971.44,7,1444.55,8126.44,2024-02-20,Yes,auto-generated record
CUST101478,66.0,Male,Central,61423.61,7,1618.4,12400.2,2022-12-30,Yes,auto-generated record
CUST101479,22.0,Male,North,42452.95,8,2511.25,17561.11,2022-07-30,Yes,auto-generated record
CUST101480,35.0,Female,West,36891.25,11,2113.64,17285.39,2023-05-12,Yes,auto-generated record
CUST101481,49.0,Female,Central,73273.29,14,1536.81,17276.09,2022-01-18,Yes,auto-generated record
CUST101482,35.0,Female,Central,76493.51,8,1443.58,10351.14,2024-03-25,No,auto-generated record
CUST101483,32.0,Female,North,18403.81,8,2195.41,14439.94,2023-09-08,No,auto-generated record
CUST101484,21.0,Male,South,89685.37,13,1924.46,18607.98,2023-07-22,No,auto-generated record
CUST101485,36.0,Male,East,85230.99,21,1659.96,33315.91,2022-12-28,No,auto-generated record
CUST101486,48.0,Female,South,52187.92,9,1847.9,15157.63,2024-02-23,Yes,auto-generated record
CUST101487,34.0,Male,South,57192.55,9,466.77,4439.05,2023-05-05,No,auto-generated record
CUST101488,26.0,Male,North,57719.0,9,100.0,921.83,2023-03-06,Yes,auto-generated record
CUST101489,54.0,Female,North,70238.62,11,1947.84,21939.97,2023-07-24,Yes,auto-generated record
CUST101490,48.0,Male,South,55085.59,11,2439.29,21961.81,2022-10-28,No,auto-generated record
CUST101491,45.0,Female,South,67848.89,13,670.08,8038.22,2023-11-28,Yes,auto-generated record
CUST101492,35.0,Male,East,68968.22,11,265.25,2995.87,2023-01-01,No,auto-generated record
CUST101493,27.0,Female,Central,98496.26,16,1823.22,31208.88,2023-01-05,No,auto-generated record
CUST101494,51.0,Female,North,61229.7,15,1626.06,23645.29,2022-03-12,No,auto-generated record
CUST101495,38.0,Male,South,47157.24,8,1550.74,9832.19,2022-04-27,Yes,auto-generated record
CUST101496,33.0,Male,Central,74770.31,8,1659.97,10498.01,2022-08-12,Yes,auto-generated record
CUST101497,35.0,Male,Central,57169.58,10,2070.54,17849.22,2022-12-21,Yes,auto-generated record
CUST101498,42.0,Female,North,62452.28,16,1713.22,28869.93,2023-03-21,No,auto-generated record
CUST101499,48.0,Female,West,63157.65,10,2405.33,17339.6,2023-05-16,No,auto-generated record
CUST101500,37.0,Female,North,51920.22,12,2532.56,23469.71,2023-03-14,No,auto-generated record
CUST101501,33.0,Male,Central,49202.69,9,1845.39,17559.71,2022-04-19,Yes,auto-generated record
CUST101502,24.0,Male,South,45980.56,7,1649.91,10157.89,2023-10-25,Yes,auto-generated record
CUST101503,34.0,Male,East,43991.65,8,1507.52,9899.74,2022-10-28,Yes,auto-generated record
CUST101504,35.0,Female,East,49930.05,6,2354.96,11405.47,2023-12-04,Yes,auto-generated record
CUST101505,41.0,Female,East,91656.23,13,2027.78,21828.68,2023-01-20,No,auto-generated record
CUST101506,37.0,Female,North,57093.06,16,2710.66,45149.26,2022-12-05,Yes,auto-generated record
CUST101507,31.0,Female,South,42649.03,9,1740.71,16973.71,2022-07-11,No,auto-generated record
CUST101508,36.0,Female,South,40419.73,9,1531.38,12212.74,2023-12-08,No,auto-generated record
CUST101509,45.0,Male,East,81586.97,11,2490.4,22455.24,2024-02-18,No,auto-generated record
CUST101510,36.0,F,South,47297.87,7,2016.68,11882.68,2023-05-04,Yes,auto-generated record
CUST101511,35.0,Male,East,60425.93,9,1064.16,8986.32,2022-05-24,No,auto-generated record
CUST101512,34.0,Female,East,26985.45,9,2636.22,21415.24,2022-07-09,Yes,auto-generated record
CUST101513,33.0,Male,West,20535.93,11,1222.9,10753.77,2024-06-12,Yes,auto-generated record
CUST101514,42.0,Male,Central,64040.89,15,1707.73,21788.67,2024-02-23,No,auto-generated record
CUST101515,45.0,Male,East,31195.48,5,2660.54,12768.52,2023-08-01,Yes,auto-generated record
CUST101516,34.0,Female,East,61034.71,15,933.9,10786.35,2023-10-08,Yes,auto-generated record
CUST101517,35.0,Female,East,72594.38,15,1402.68,17645.41,2024-02-06,No,auto-generated record
CUST101518,42.0,Male,East,44916.81,14,1615.85,18056.61,2024-05-30,Yes,auto-generated record
CUST101519,46.0,Female,South,51799.96,7,1380.23,9163.81,2022-10-22,No,auto-generated record
CUST101520,54.0,Female,South,55286.46,7,1719.69,9378.85,2024-04-16,Yes,auto-generated record
CUST101521,22.0,,East,41038.91,5,1470.39,5545.31,2022-10-12,Yes,auto-generated record
CUST101522,48.0,Male,South,54221.9,14,1980.72,26924.29,2024-01-27,No,auto-generated record
CUST101523,32.0,Female,West,48777.59,7,3403.72,21342.29,2022-02-11,Yes,auto-generated record
CUST101524,45.0,Female,Central,56330.41,10,1558.75,14101.43,2023-09-11,No,auto-generated record
CUST101525,48.0,Female,West,62041.63,10,1325.75,9854.32,2022-12-29,No,auto-generated record
CUST101526,59.0,Female,West,73344.19,11,1250.96,13033.49,2022-10-05,Yes,auto-generated record
CUST101527,32.0,Male,North,64359.16,10,1158.95,8841.35,2022-10-06,Yes,auto-generated record
CUST101528,50.0,Male,North,,13,1747.21,21136.65,2023-10-05,No,auto-generated record
CUST101529,18.0,Male,North,38592.9,8,2497.86,17219.66,2022-06-07,Yes,auto-generated record
CUST101530,38.0,Male,East,66760.28,12,2341.52,23252.38,2022-07-09,Yes,auto-generated record
CUST101531,18.0,Female,North,66005.69,8,2253.67,14750.88,2024-02-13,No,auto-generated record
CUST101532,29.0,Female,North,57940.6,4,2395.22,9759.51,2022-06-07,Yes,auto-generated record
CUST101533,24.0,Male,Central,47505.72,9,923.78,7619.94,2023-11-18,Yes,auto-generated record
CUST101534,20.0,Female,South,89995.26,12,2655.02,26905.49,2022-08-03,Yes,auto-generated record
CUST101535,37.0,Male,North,19085.91,3,1495.46,4896.97,2022-01-22,Yes,auto-generated record
CUST101536,24.0,Male,East,64782.6,13,547.25,6017.25,2023-12-24,No,auto-generated record
CUST101537,24.0,Male,West,57932.42,11,2121.33,21121.14,2023-01-04,Yes,auto-generated record
CUST101538,28.0,Female,East,81269.17,10,1518.16,12591.74,2022-08-29,No,auto-generated record
CUST101539,31.0,Female,North,88126.68,12,2627.21,25602.81,2022-11-20,No,auto-generated record
CUST101540,43.0,Male,East,70927.68,7,1237.7,6687.34,2023-05-10,No,auto-generated record
CUST101541,32.0,Male,North,48701.79,9,2402.92,23153.75,2024-05-27,No,auto-generated record
CUST101542,26.0,Female,West,64608.75,10,2016.78,19865.43,2022-06-21,No,auto-generated record
CUST101543,18.0,Male,Central,32380.33,4,1184.93,4167.79,2023-05-17,Yes,auto-generated record
CUST101544,44.0,Female,North,61676.09,15,2170.79,30640.53,2023-07-23,No,auto-generated record
CUST101545,41.0,Female,East,46079.89,9,1430.53,13711.79,2024-02-27,Yes,auto-generated record
CUST101546,45.0,Male,Central,69021.17,13,1540.44,20833.83,2024-06-05,Yes,auto-generated record
CUST101547,29.0,Female,West,25369.87,9,2479.81,21448.63,2022-04-09,No,auto-generated record
CUST101548,52.0,Male,North,,7,860.7,6205.48,2024-03-11,Yes,auto-generated record
CUST101549,44.0,Male,North,63636.18,8,2687.44,17356.23,2022-08-30,Yes,auto-generated record
CUST101550,64.0,Male,East,62321.21,12,1390.12,17125.85,2023-04-13,No,auto-generated record
CUST101551,33.0,Female,North,51015.62,14,1710.55,23308.37,2022-01-22,No,auto-generated record
CUST101552,47.0,Female,Central,48152.18,6,3028.23,16692.19,2022-04-03,No,auto-generated record
CUST101553,57.0,Male,East,59881.92,9,1649.67,14091.82,2024-01-13,No,auto-generated record
CUST101554,35.0,Male,South,82777.55,17,433.3,6203.16,2022-01-29,No,auto-generated record
CUST101555,37.0,Male,West,48000.69,7,1233.26,6486.66,2024-06-04,No,auto-generated record
CUST101556,32.0,Other,North,34369.52,7,2214.87,12039.04,2022-06-14,No,auto-generated record
CUST101557,34.0,Male,East,39446.31,16,2028.03,27636.91,2022-05-24,No,auto-generated record
CUST101558,47.0,Male,East,53602.58,4,2021.88,5800.27,2022-07-10,Yes,auto-generated record
CUST101559,,Male,North,70987.45,10,2846.89,30116.43,2023-12-26,No,auto-generated record
CUST101560,25.0,Female,West,49884.05,10,1122.42,11979.5,2024-05-10,Yes,auto-generated record
CUST101561,67.0,Female,West,80507.72,9,1790.8,16257.29,2023-07-19,Yes,auto-generated record
CUST101562,29.0,Female,North,79565.36,9,2303.25,22313.64,2022-10-06,No,auto-generated record
CUST101563,51.0,Female,South,47156.08,12,473.53,4720.52,2022-01-28,No,auto-generated record
CUST101564,38.0,M,South,62306.77,8,1776.99,14755.2,2022-02-28,Yes,auto-generated record
CUST101565,46.0,Female,Central,55687.33,7,2494.15,15172.32,2022-03-13,No,auto-generated record
CUST101566,44.0,Female,West,76183.29,9,1636.72,16081.78,2022-05-29,Yes,auto-generated record
CUST101567,47.0,,Central,75202.8,7,1361.0,9712.41,2023-09-02,Yes,auto-generated record
CUST101568,47.0,Male,West,67685.97,9,1421.05,11209.91,2022-08-09,Yes,auto-generated record
CUST101569,58.0,Male,West,45095.45,12,1530.68,13052.67,2023-02-11,Yes,auto-generated record
CUST101570,30.0,Female,South,49961.41,15,1339.66,17983.94,2023-03-07,No,auto-generated record
CUST101571,22.0,Female,Central,51974.63,10,764.76,6097.98,2024-02-04,Yes,auto-generated record
CUST101572,18.0,Female,South,50888.06,16,1712.28,25970.03,2022-09-20,No,auto-generated record
CUST101573,18.0,Male,Central,41558.11,13,1570.95,19578.33,2022-10-05,No,auto-generated record
CUST101574,44.0,Female,West,64384.36,10,1300.11,12643.71,2022-05-23,Yes,auto-generated record
CUST101575,18.0,Male,East,59775.29,8,1154.61,7671.18,2023-11-10,Yes,auto-generated record
CUST101576,19.0,Male,North,58030.22,4,3586.79,13926.34,2022-08-17,Yes,auto-generated record
CUST101577,40.0,F,East,45399.11,7,1398.46,9021.58,2022-01-04,No,auto-generated record
CUST101578,34.0,Male,East,50265.47,6,2437.87,15218.76,2022-01-15,No,auto-generated record
CUST101579,39.0,Other,West,38462.25,6,1634.06,9946.3,2023-06-19,No,auto-generated record
CUST101580,18.0,Female,North,39600.18,7,1911.15,13003.4,2022-06-12,Yes,auto-generated record
CUST101581,22.0,Male,South,63923.31,8,1557.89,9191.15,2023-03-14,Yes,auto-generated record
CUST101582,19.0,Female,East,48826.3,11,2448.38,29579.27,2024-05-09,No,auto-generated record
CUST101583,37.0,Female,Central,54883.38,9,1053.78,10055.99,2023-03-28,Yes,auto-generated record
CUST101584,37.0,Male,South,76269.29,11,1768.48,19287.71,2024-05-17,Yes,auto-generated record
CUST101585,42.0,Male,Central,,7,1611.75,10217.79,2024-05-29,Yes,auto-generated record
CUST101586,52.0,Female,Central,62525.74,13,988.59,13179.56,2023-11-15,Yes,auto-generated record
CUST101587,75.0,Female,North,43980.52,14,2145.87,24920.01,2023-09-06,No,auto-generated record
CUST101588,31.0,Female,West,71750.89,12,1267.19,15090.87,2022-01-07,Yes,auto-generated record
CUST101589,46.0,Female,South,57456.87,9,1669.93,16216.31,2024-01-25,No,auto-generated record
CUST101590,48.0,Female,North,74787.14,9,2350.35,21503.66,2023-12-01,No,auto-generated record
CUST101591,36.0,Female,South,70778.64,9,2239.71,15746.94,2024-01-29,Yes,auto-generated record
CUST101592,26.0,Male,South,53814.9,13,2218.96,23472.94,2023-11-29,No,auto-generated record
CUST101593,48.0,Other,North,70651.28,13,1827.52,19635.77,2022-10-29,No,auto-generated record
CUST101594,48.0,Female,West,36244.05,11,1927.58,17001.22,2022-01-19,Yes,auto-generated record
CUST101595,,Female,East,50735.09,6,1452.92,7212.78,2024-04-25,Yes,auto-generated record
CUST101596,29.0,Female,South,22641.78,10,2038.88,18878.2,2023-04-08,No,auto-generated record
CUST101597,18.0,Female,Central,68974.51,10,1391.52,13373.73,2022-07-22,Yes,auto-generated record
CUST101598,25.0,Male,Central,64657.02,11,1979.93,22837.67,2024-05-15,Yes,auto-generated record
CUST101599,52.0,Female,East,86858.54,12,1070.72,11518.95,2024-03-02,No,auto-generated record
CUST101600,52.0,Male,South,85605.45,7,1282.96,8426.07,2022-08-22,Yes,auto-generated record
CUST101601,25.0,Male,East,81286.62,14,1868.42,22187.39,2022-06-29,No,auto-generated record
CUST101602,40.0,Female,South,55599.59,7,1958.07,12126.02,2024-05-24,Yes,auto-generated record
CUST101603,53.0,Female,Central,37164.78,10,2711.91,23332.79,2023-04-17,No,auto-generated record
CUST101604,53.0,Male,South,55890.97,10,1067.63,11234.26,2022-01-06,No,auto-generated record
CUST101605,26.0,Male,North,90731.08,11,1695.27,13175.21,2023-11-24,No,auto-generated record
CUST101606,35.0,Female,North,67002.22,6,2123.08,9219.85,2022-07-28,Yes,auto-generated record
CUST101607,37.0,Male,North,78320.99,14,2853.33,40593.98,2022-05-20,Yes,auto-generated record
CUST101608,24.0,Male,North,67501.99,12,1212.74,11048.96,2022-06-05,Yes,auto-generated record
CUST101609,58.0,Female,Central,74520.52,9,2556.49,19553.31,2023-06-17,No,auto-generated record
CUST101610,18.0,Male,West,46820.03,15,2354.89,29754.06,2023-09-07,No,auto-generated record
CUST101611,42.0,Female,East,40173.17,13,2558.07,25409.32,2023-12-26,Yes,auto-generated record
CUST101612,50.0,Female,Central,77338.31,7,2782.9,20986.07,2022-12-23,Yes,auto-generated record
CUST101613,43.0,Male,East,44153.96,14,1756.79,20284.33,2022-09-06,Yes,auto-generated record
CUST101614,46.0,Male,West,89387.41,12,1177.02,14628.74,2023-12-26,No,auto-generated record
CUST101615,18.0,Male,North,62072.42,9,2165.61,16007.43,2022-12-17,Yes,auto-generated record
CUST101616,38.0,Male,South,70058.72,14,1651.53,16713.01,2022-08-04,No,auto-generated record
CUST101617,41.0,Other,East,59726.02,9,1420.25,9938.54,2023-10-01,No,auto-generated record
CUST101618,41.0,,Central,29823.52,9,100.0,647.35,2022-11-09,Yes,auto-generated record
CUST101619,22.0,Male,South,38371.85,8,2010.99,13497.22,2022-07-19,No,auto-generated record
CUST101620,35.0,Female,East,74006.31,11,3385.88,37697.39,2022-04-25,No,auto-generated record
CUST101621,28.0,Male,South,33630.05,11,1136.12,12472.81,2024-06-11,No,auto-generated record
CUST101622,54.0,Male,South,42302.69,6,2497.75,12336.01,2022-12-12,Yes,auto-generated record
CUST101623,30.0,Female,East,81897.67,10,3058.73,28621.96,2023-09-08,No,auto-generated record
CUST101624,36.0,Male,Central,21489.28,7,1724.78,9807.24,2024-02-24,Yes,auto-generated record
CUST101625,36.0,Male,Central,56347.05,8,3352.94,23119.98,2022-05-30,No,auto-generated record
CUST101626,35.0,Male,East,63783.68,8,1344.21,10491.24,2023-03-08,Yes,auto-generated record
CUST101627,58.0,Female,North,98577.94,11,1988.66,19716.07,2022-11-28,Yes,auto-generated record
CUST101628,55.0,Female,South,82033.13,10,1421.96,11736.23,2022-05-09,Yes,auto-generated record
CUST101629,42.0,Female,West,67360.45,14,1993.32,23130.46,2022-11-26,Yes,auto-generated record
CUST101630,34.0,Male,Central,26757.68,12,2232.35,29198.08,2022-09-08,No,auto-generated record
CUST101631,33.0,Male,North,52240.01,8,2882.47,16175.31,2024-06-04,Yes,auto-generated record
CUST101632,18.0,Female,Central,22633.39,10,1699.42,18051.97,2023-10-17,Yes,auto-generated record
CUST101633,39.0,Female,Central,63425.95,15,2293.29,26746.58,2024-01-11,Yes,auto-generated record
CUST101634,42.0,Male,North,35462.11,11,1313.14,13232.27,2022-05-26,No,auto-generated record
CUST101635,36.0,Male,Central,75170.45,11,2179.96,25854.62,2022-10-22,No,auto-generated record
CUST101636,27.0,Male,East,66204.27,18,2202.62,38082.05,2023-08-10,No,auto-generated record
CUST101637,52.0,Female,Central,53179.2,13,1702.82,17779.63,2022-02-07,No,auto-generated record
CUST101638,47.0,Male,West,68428.96,11,548.91,6432.63,2022-05-30,No,auto-generated record
CUST101639,40.0,Male,West,62826.03,11,2456.64,24595.38,2023-09-12,Yes,auto-generated record
CUST101640,57.0,Male,Central,66059.39,15,1884.49,25957.71,2023-02-18,Yes,auto-generated record
CUST101641,,Male,West,59534.02,14,2117.54,27629.46,2022-12-27,No,auto-generated record
CUST101642,60.0,Female,South,77865.0,9,1082.42,7009.91,2024-06-06,No,auto-generated record
CUST101643,36.0,Male,South,59108.0,6,1041.69,6062.12,2024-01-13,Yes,auto-generated record
CUST101644,40.0,Female,Central,52561.26,11,1284.14,10777.33,2022-03-10,Yes,auto-generated record
CUST101645,,Female,South,62904.45,8,1644.81,10721.84,2022-05-06,Yes,auto-generated record
CUST101646,49.0,Female,South,49613.97,6,1851.84,10963.42,2022-08-21,Yes,auto-generated record
CUST101647,32.0,Female,North,78011.24,14,1411.54,17139.7,2023-05-28,No,auto-generated record
CUST101648,43.0,Female,South,74315.21,10,1556.42,15879.22,2022-05-29,No,auto-generated record
CUST101649,40.0,Female,East,23342.81,12,2118.04,26754.79,2022-06-05,No,auto-generated record
CUST101650,29.0,Male,North,50737.1,13,867.21,9704.78,2023-04-19,No,auto-generated record
CUST101651,64.0,Female,South,64069.68,15,2072.04,24351.64,2023-05-20,No,auto-generated record
CUST101652,51.0,Male,East,61151.24,7,1089.28,8148.5,2023-09-25,No,auto-generated record
CUST101653,35.0,Male,South,66100.17,7,1824.24,9470.47,2022-04-11,Yes,auto-generated record
CUST101654,48.0,Other,West,84563.98,12,2025.25,18632.26,2024-02-07,No,auto-generated record
CUST101655,42.0,Male,East,85455.61,10,1108.44,10045.05,2023-12-29,Yes,auto-generated record
CUST101656,33.0,Male,South,23129.79,11,2115.15,17741.31,2023-10-25,No,auto-generated record
CUST101657,60.0,Male,West,80412.54,17,2741.99,49156.15,2024-04-22,No,auto-generated record
CUST101658,48.0,Female,East,28670.74,5,800.99,2924.36,2022-02-21,Yes,auto-generated record
CUST101659,45.0,Male,East,78769.97,10,1430.38,14894.76,2022-03-18,Yes,auto-generated record
CUST101660,44.0,Female,North,67981.72,8,1498.43,11182.39,2022-07-01,Yes,auto-generated record
CUST101661,46.0,Female,Central,46837.37,7,3622.87,22916.48,2022-08-28,No,auto-generated record
CUST101662,47.0,Male,North,52657.51,11,2152.75,24072.41,2023-09-13,No,auto-generated record
CUST101663,41.0,Male,South,50858.71,13,1215.35,11873.0,2022-09-19,No,auto-generated record
CUST101664,41.0,Female,East,80575.44,13,1994.21,20354.99,2023-08-10,No,auto-generated record
CUST101665,40.0,Male,Central,49078.0,10,947.09,8837.54,2022-04-25,No,auto-generated record
CUST101666,20.0,Male,South,45773.13,9,1823.38,13774.34,2023-08-28,No,auto-generated record
CUST101667,36.0,Female,North,64886.03,12,2313.86,27402.69,2023-06-19,No,auto-generated record
CUST101668,53.0,Female,West,91624.66,13,1560.96,17794.48,2023-07-14,Yes,auto-generated record
CUST101669,57.0,Male,Central,,6,2479.46,12816.66,2024-06-03,Yes,auto-generated record
CUST101670,41.0,Male,East,,9,2266.77,17229.99,2022-08-24,Yes,auto-generated record
CUST101671,29.0,Male,Central,42951.87,6,1852.33,11838.76,2024-05-18,No,auto-generated record
CUST101672,50.0,Male,South,79779.67,15,487.5,7960.05,2024-06-12,No,auto-generated record
CUST101673,29.0,Female,Central,35417.07,8,1758.93,14002.67,2022-09-06,Yes,auto-generated record
CUST101674,26.0,Female,North,61491.7,8,2525.29,14297.21,2024-03-31,Yes,auto-generated record
CUST101675,22.0,Female,West,60621.81,8,842.79,5818.4,2022-03-26,Yes,auto-generated record
CUST101676,18.0,Male,Central,45666.63,10,2498.78,26621.04,2022-08-05,Yes,auto-generated record
CUST101677,61.0,F,South,85304.93,7,2140.57,16130.77,2023-07-13,No,auto-generated record
CUST101678,39.0,Male,Central,91365.93,15,1469.77,16267.32,2022-12-23,No,auto-generated record
CUST101679,18.0,Male,East,52553.38,7,338.19,2485.62,2023-02-19,No,auto-generated record
CUST101680,28.0,Male,South,61189.52,16,1982.79,31498.85,2023-02-18,Yes,auto-generated record
CUST101681,18.0,Female,North,55784.37,9,3104.15,23326.06,2022-05-09,Yes,auto-generated record
CUST101682,48.0,Female,West,81984.15,14,1718.58,18603.52,2023-09-20,No,auto-generated record
CUST101683,30.0,Male,South,70186.15,8,2249.47,12992.06,2023-11-19,Yes,auto-generated record
CUST101684,29.0,Female,East,57136.71,7,2091.65,13103.34,2023-04-29,Yes,auto-generated record
CUST101685,46.0,Male,North,59630.81,9,2605.79,17124.38,2022-12-25,No,auto-generated record
CUST101686,57.0,M,North,50912.42,8,1238.14,8509.6,2023-04-10,Yes,auto-generated record
CUST101687,29.0,Female,North,51023.59,10,1214.2,8701.09,2024-01-11,Yes,auto-generated record
CUST101688,37.0,Female,West,58350.67,6,2095.14,13349.22,2022-09-16,Yes,auto-generated record
CUST101689,26.0,Female,North,84081.82,12,2412.53,29226.09,2024-03-23,Yes,auto-generated record
CUST101690,49.0,Male,South,76839.94,15,1016.63,11901.56,2024-05-24,Yes,auto-generated record
CUST101691,41.0,Male,East,21955.74,8,709.42,4648.05,2022-07-03,Yes,auto-generated record
CUST101692,39.0,Male,South,49556.86,10,1260.93,10025.57,2024-01-11,No,auto-generated record
CUST101693,28.0,Female,East,76742.39,16,2848.63,42191.08,2022-02-21,No,auto-generated record
CUST101694,55.0,Female,South,83249.76,8,2024.98,16939.17,2023-08-06,Yes,auto-generated record
CUST101695,34.0,Male,West,26200.48,9,1777.49,15969.6,2023-02-20,No,auto-generated record
CUST101696,52.0,Female,South,60611.52,8,1599.07,10071.02,2022-11-03,No,auto-generated record
CUST101697,52.0,Female,South,90054.71,16,1608.79,19682.89,2024-05-19,Yes,auto-generated record
CUST101698,24.0,Female,Central,41679.38,10,1647.18,11878.36,2023-10-28,No,auto-generated record
CUST101699,35.0,Female,North,50240.2,8,904.98,5840.11,2022-09-12,No,auto-generated record
CUST101700,41.0,Female,West,60823.82,14,2298.71,31989.42,2022-06-16,No,auto-generated record
CUST101701,25.0,Male,East,36426.8,5,2659.58,14624.79,2022-08-25,Yes,auto-generated record
CUST101702,37.0,Female,South,76562.24,12,1917.5,22427.98,2023-08-15,No,auto-generated record
CUST101703,42.0,Female,West,62735.54,13,2589.53,35812.04,2022-04-10,Yes,auto-generated record
CUST101704,18.0,Female,West,55710.94,12,1081.47,11874.82,2024-03-29,Yes,auto-generated record
CUST101705,34.0,Male,East,45292.05,6,2432.76,14287.19,2023-12-20,No,auto-generated record
CUST101706,42.0,Female,South,77817.37,13,2727.6,30075.73,2022-04-11,No,auto-generated record
CUST101707,32.0,Female,North,50389.11,8,100.0,579.43,2023-08-08,No,auto-generated record
CUST101708,,Male,Central,42167.64,12,227.7,2498.03,2024-06-02,No,auto-generated record
CUST101709,21.0,Female,Central,50151.61,7,2988.68,14829.31,2023-05-25,Yes,auto-generated record
CUST101710,38.0,Male,South,35031.87,6,2183.62,9840.24,2023-07-24,No,auto-generated record
CUST101711,40.0,Male,South,48732.01,14,2108.19,29375.24,2022-11-24,No,auto-generated record
CUST101712,36.0,Male,West,97866.0,8,1205.57,8897.83,2024-05-16,Yes,auto-generated record
CUST101713,54.0,Male,West,49106.64,9,2151.52,17073.78,2022-11-25,Yes,auto-generated record
CUST101714,38.0,Female,Central,42400.87,14,2334.38,23544.34,2022-12-31,No,auto-generated record
CUST101715,33.0,Male,West,56846.14,13,2115.4,29766.23,2022-08-09,Yes,auto-generated record
CUST101716,58.0,Other,West,69748.58,11,2411.36,20153.13,2024-03-23,Yes,auto-generated record
CUST101717,46.0,Male,East,67820.29,10,2140.57,18449.42,2022-01-02,Yes,auto-generated record
CUST101718,51.0,Male,North,66306.46,12,1497.09,18906.7,2024-03-05,No,auto-generated record
CUST101719,53.0,Male,East,33382.04,11,1116.71,13391.65,2024-05-04,Yes,auto-generated record
CUST101720,32.0,Female,West,48086.83,10,1248.36,12815.98,2022-06-14,No,auto-generated record
CUST101721,26.0,Female,South,15701.49,11,2245.25,24601.72,2022-02-18,Yes,auto-generated record
CUST101722,58.0,Male,South,76427.79,15,1882.59,26068.46,2022-01-14,No,auto-generated record
CUST101723,18.0,Female,South,59327.37,13,,30899.95,2022-01-11,Yes,auto-generated record
CUST101724,32.0,Male,East,,7,1658.95,12127.83,2022-10-17,Yes,auto-generated record
CUST101725,57.0,Male,North,36706.98,5,2062.9,11038.51,2022-06-13,Yes,auto-generated record
CUST101726,30.0,Male,West,20027.94,8,2668.13,19758.26,2022-07-07,No,auto-generated record
CUST101727,47.0,Male,West,61970.51,10,3601.81,27250.63,2022-12-23,No,auto-generated record
CUST101728,28.0,Female,South,37486.9,8,1029.15,7173.45,2023-04-28,No,auto-generated record
CUST101729,66.0,Female,South,45556.69,7,1844.06,10702.56,2022-05-04,Yes,auto-generated record
CUST101730,37.0,Male,North,43074.36,7,2074.15,11209.88,2023-07-10,No,auto-generated record
CUST101731,48.0,Female,South,33881.58,5,2106.09,8633.99,2022-09-06,Yes,auto-generated record
CUST101732,22.0,Male,Central,20769.51,4,1381.59,6036.91,2022-10-18,No,auto-generated record
CUST101733,,Male,South,,6,1726.49,10452.3,2023-05-25,Yes,auto-generated record
CUST101734,46.0,,Central,65537.11,10,1209.7,9709.29,2022-02-23,No,auto-generated record
CUST101735,33.0,Female,North,69699.78,8,833.0,5410.43,2022-04-08,Yes,auto-generated record
CUST101736,46.0,Female,South,,14,1835.82,19201.83,2023-02-20,Yes,auto-generated record
CUST101737,36.0,Female,East,58766.2,10,1313.12,9424.84,2022-01-26,Yes,auto-generated record
CUST101738,43.0,Male,North,67011.47,6,2256.06,12723.12,2022-12-17,No,auto-generated record
CUST101739,32.0,Female,North,50564.9,15,1565.82,23890.3,2024-06-07,No,auto-generated record
CUST101740,33.0,Female,West,58252.93,14,2133.77,23292.08,2023-11-25,No,auto-generated record
CUST101741,23.0,Female,South,50210.48,9,2116.32,20031.86,2022-05-13,No,auto-generated record
CUST101742,43.0,Female,West,19311.85,3,1900.03,4138.14,2024-02-26,Yes,auto-generated record
CUST101743,36.0,Male,South,63693.81,12,2486.62,28815.73,2023-04-21,No,auto-generated record
CUST101744,30.0,Male,South,85528.19,16,2207.94,35267.49,2022-05-06,Yes,auto-generated record
CUST101745,58.0,Male,Central,90616.98,9,2668.26,20466.24,2022-11-02,No,auto-generated record
CUST101746,38.0,Male,East,53792.76,10,710.97,7046.06,2024-03-26,Yes,auto-generated record
CUST101747,36.0,Female,North,63332.91,10,2587.62,20062.43,2024-05-26,No,auto-generated record
CUST101748,29.0,Female,South,58821.84,7,2802.45,18496.78,2024-06-04,Yes,auto-generated record
CUST101749,49.0,Male,North,91640.46,9,642.82,5517.74,2023-11-08,No,auto-generated record
CUST101750,40.0,Male,North,87755.68,9,1242.1,9271.5,2022-04-07,Yes,auto-generated record
CUST101751,28.0,Female,East,41408.31,11,931.67,8255.56,2023-08-16,No,auto-generated record
CUST101752,35.0,Female,North,43308.76,15,1930.72,31556.92,2024-04-21,No,auto-generated record
CUST101753,45.0,Male,North,51827.48,5,2093.76,7733.25,2023-03-26,Yes,auto-generated record
CUST101754,39.0,Male,North,47689.35,8,1444.98,10519.74,2023-10-08,Yes,auto-generated record
CUST101755,52.0,Female,North,89167.85,12,2451.72,25982.89,2023-04-11,Yes,auto-generated record
CUST101756,50.0,Female,East,27727.35,8,800.93,5587.63,2024-05-31,Yes,auto-generated record
CUST101757,64.0,Female,North,45991.72,8,1482.44,8813.36,2024-05-22,Yes,auto-generated record
CUST101758,30.0,Male,South,30554.97,11,1556.88,16195.69,2023-09-20,Yes,auto-generated record
CUST101759,38.0,Male,South,46019.32,13,1742.85,21284.34,2024-02-28,Yes,auto-generated record
CUST101760,35.0,Male,North,67922.65,12,3462.65,45533.19,2022-11-08,Yes,auto-generated record
CUST101761,35.0,Male,North,37893.46,9,1212.29,9351.17,2023-08-25,Yes,auto-generated record
CUST101762,39.0,Male,North,72250.24,10,1288.92,13999.16,2024-05-08,No,auto-generated record
CUST101763,34.0,,Central,85831.43,16,1558.8,21739.91,2023-07-21,No,auto-generated record
CUST101764,49.0,Female,South,64178.0,9,3412.85,29545.19,2022-05-22,Yes,auto-generated record
CUST101765,23.0,,East,74674.39,9,2613.98,24101.1,2022-12-01,No,auto-generated record
CUST101766,39.0,Male,West,54231.89,7,1795.48,13056.72,2022-07-27,Yes,auto-generated record
CUST101767,46.0,Female,West,66609.28,11,1118.04,12605.24,2022-01-27,No,auto-generated record
CUST101768,50.0,Male,West,56696.05,9,2570.82,17719.42,2023-01-15,No,auto-generated record
CUST101769,38.0,Female,Central,77547.65,9,3119.12,30786.14,2023-02-21,No,auto-generated record
CUST101770,42.0,Female,East,65067.41,8,2500.3,17698.03,2022-12-23,No,auto-generated record
CUST101771,39.0,Male,North,69937.74,12,1753.56,22363.29,2022-04-19,No,auto-generated record
CUST101772,,Male,East,75572.25,11,2827.64,25342.62,2024-03-10,Yes,auto-generated record
CUST101773,36.0,Female,East,75641.46,14,1719.27,24942.39,2023-09-25,No,auto-generated record
CUST101774,47.0,Female,Central,43855.17,7,1839.57,9226.5,2023-10-23,Yes,auto-generated record
CUST101775,54.0,M,South,67613.95,12,2248.28,25449.18,2022-09-06,No,auto-generated record
CUST101776,63.0,Male,West,52838.42,9,1537.21,14333.6,2024-06-01,No,auto-generated record
CUST101777,34.0,Female,North,49915.8,15,651.32,7749.93,2022-10-18,No,auto-generated record
CUST101778,48.0,Male,South,60919.65,8,2492.56,20712.02,2022-06-28,Yes,auto-generated record
CUST101779,42.0,Male,South,69739.41,15,1567.3,17267.26,2023-06-19,No,auto-generated record
CUST101780,43.0,Female,North,59145.81,11,2300.06,19622.12,2023-02-11,No,auto-generated record
CUST101781,33.0,Female,Central,52491.67,9,2194.4,17651.71,2022-04-21,Yes,auto-generated record
CUST101782,40.0,Female,Central,81642.35,12,2035.55,20355.99,2022-03-02,No,auto-generated record
CUST101783,45.0,Female,South,68289.2,13,1735.6,20514.77,2023-07-30,Yes,auto-generated record
CUST101784,39.0,Male,West,21025.38,11,1555.14,14488.8,2024-04-04,No,auto-generated record
CUST101785,34.0,Female,Central,63853.5,5,1279.79,5613.9,2023-02-19,Yes,auto-generated record
CUST101786,53.0,Male,East,54602.7,9,747.5,6253.29,2022-06-07,No,auto-generated record
CUST101787,40.0,Female,South,70301.75,11,1923.99,22284.59,2023-12-26,Yes,auto-generated record
CUST101788,36.0,Male,West,71005.13,10,1249.99,13620.65,2023-03-26,Yes,auto-generated record
CUST101789,39.0,Female,South,87950.83,8,986.93,7755.64,2022-08-12,No,auto-generated record
CUST101790,36.0,Female,East,51303.61,9,1610.56,14702.87,2022-04-20,No,auto-generated record
CUST101791,29.0,Male,West,70747.23,11,1535.82,13285.6,2023-02-12,Yes,auto-generated record
CUST101792,45.0,Female,South,57242.95,14,1033.98,13406.32,2024-03-17,No,auto-generated record
CUST101793,36.0,Female,West,45658.93,8,1033.22,6803.71,2023-02-16,Yes,auto-generated record
CUST101794,24.0,Male,East,26551.24,10,1905.67,18735.3,2023-09-28,Yes,auto-generated record
CUST101795,50.0,Female,East,66612.09,11,1073.07,12870.44,2022-02-27,No,auto-generated record
CUST101796,34.0,Female,South,82517.96,9,2456.43,21417.11,2023-12-08,No,auto-generated record
CUST101797,21.0,Male,West,49306.18,16,1754.46,25492.52,2023-10-27,No,auto-generated record
CUST101798,37.0,Male,North,76594.41,18,2377.59,39932.81,2022-06-19,No,auto-generated record
CUST101799,30.0,Female,East,57242.17,11,1158.56,10093.8,2022-04-05,No,auto-generated record
CUST101800,40.0,Female,East,73208.61,15,1657.48,17858.11,2023-07-14,No,auto-generated record
CUST101801,24.0,Female,North,51178.25,6,932.76,5945.19,2022-02-11,No,auto-generated record
CUST101802,33.0,Female,West,66380.47,11,2152.72,22890.1,2024-03-06,Yes,auto-generated record
CUST101803,19.0,Male,East,34834.26,8,2870.61,23917.02,2024-05-26,Yes,auto-generated record
CUST101804,22.0,Female,North,66320.11,7,608.99,3576.11,2022-04-20,No,auto-generated record
CUST101805,39.0,Male,Central,91570.98,13,1897.32,18925.79,2024-06-02,No,auto-generated record
CUST101806,31.0,Male,West,,6,1691.03,10397.07,2022-08-31,No,auto-generated record
CUST101807,56.0,Male,Central,54224.02,16,3015.89,36381.83,2022-06-12,No,auto-generated record
CUST101808,29.0,Male,West,22573.53,8,550.78,4289.48,2024-02-26,Yes,auto-generated record
CUST101809,40.0,Male,East,62348.38,12,1797.99,16732.75,2022-03-16,No,auto-generated record
CUST101810,23.0,Male,West,,11,2243.64,25379.13,2024-04-17,No,auto-generated record
CUST101811,56.0,Male,South,61504.77,14,2470.89,36628.9,2023-10-23,No,auto-generated record
CUST101812,38.0,Female,South,75821.91,8,1662.0,11591.78,2023-09-13,No,auto-generated record
CUST101813,20.0,Male,South,15000.0,9,1027.72,6594.92,2023-04-02,No,auto-generated record
CUST101814,41.0,Male,South,54536.31,9,1777.01,13819.3,2024-05-03,Yes,auto-generated record
CUST101815,32.0,Male,Central,53601.88,10,1311.28,10174.78,2022-05-09,Yes,auto-generated record
CUST101816,63.0,Male,East,78708.46,11,2198.81,21231.86,2022-11-27,Yes,auto-generated record
CUST101817,51.0,Male,East,69411.51,11,1848.79,16701.44,2022-06-28,Yes,auto-generated record
CUST101818,29.0,Male,South,85471.89,11,2043.62,23051.6,2024-06-11,No,auto-generated record
CUST101819,46.0,Male,South,,18,,23854.6,2024-02-27,No,auto-generated record
CUST101820,44.0,Female,South,72511.38,12,2387.17,22686.46,2023-09-28,No,auto-generated record
CUST101821,34.0,Male,Central,21696.96,9,2575.51,21073.86,2022-09-01,Yes,auto-generated record
CUST101822,34.0,Female,West,57050.31,13,1337.55,15350.38,2022-12-16,No,auto-generated record
CUST101823,35.0,Male,East,51816.56,8,2051.97,13829.48,2022-06-23,Yes,auto-generated record
CUST101824,26.0,Female,East,53864.58,16,687.95,8517.49,2022-09-30,Yes,auto-generated record
CUST101825,41.0,Male,Central,77591.29,10,1728.94,12979.5,2023-11-19,Yes,auto-generated record
CUST101826,32.0,Female,South,34967.98,10,2048.62,17622.38,2023-01-10,No,auto-generated record
CUST101827,37.0,Female,South,15000.0,10,1457.46,13615.92,2022-12-21,Yes,auto-generated record
CUST101828,34.0,Male,East,89409.11,10,2143.99,22072.59,2023-09-30,No,auto-generated record
CUST101829,29.0,Female,East,52688.77,9,1449.97,14030.03,2024-03-14,No,auto-generated record
CUST101830,61.0,Female,Central,58389.41,13,1597.59,17925.33,2023-02-28,Yes,auto-generated record
CUST101831,41.0,Female,Central,84460.33,13,751.35,9217.23,2022-09-02,No,auto-generated record
CUST101832,46.0,Female,Central,75092.43,10,3131.29,31560.96,2022-12-26,No,auto-generated record
CUST101833,70.0,Male,West,71541.67,8,2711.06,15439.72,2023-06-30,No,auto-generated record
CUST101834,38.0,Female,East,64000.46,11,1834.78,16827.18,2023-07-13,No,auto-generated record
CUST101835,30.0,Male,North,69132.18,13,2601.73,34911.09,2022-07-18,No,auto-generated record
CUST101836,18.0,Male,Central,36423.51,12,1812.94,20103.98,2024-02-24,No,auto-generated record
CUST101837,21.0,Male,Central,55571.73,5,1961.94,8606.6,2023-08-16,No,auto-generated record
CUST101838,45.0,Male,East,97243.94,17,2541.82,42036.58,2024-06-13,Yes,auto-generated record
CUST101839,22.0,Female,West,64020.31,9,2370.69,16050.52,2022-02-14,Yes,auto-generated record
CUST101840,18.0,Male,Central,58283.15,13,1329.21,16128.06,2023-08-10,No,auto-generated record
CUST101841,38.0,Male,South,94318.07,16,1858.0,20970.16,2022-11-24,No,auto-generated record
CUST101842,37.0,Female,East,62937.48,16,1681.33,23608.09,2023-12-30,No,auto-generated record
CUST101843,58.0,Male,Central,94014.16,13,1324.09,12102.49,2022-09-14,Yes,auto-generated record
CUST101844,21.0,Female,South,59857.65,14,2023.22,24949.51,2023-12-20,No,auto-generated record
CUST101845,50.0,Female,North,59021.74,14,1046.94,16064.42,2023-11-08,Yes,auto-generated record
CUST101846,18.0,Male,Central,60250.38,15,2584.03,32298.22,2024-03-24,Yes,auto-generated record
CUST101847,53.0,Female,Central,68999.51,13,1668.7,23844.4,2024-03-03,No,auto-generated record
CUST101848,41.0,Female,North,35665.64,9,1120.3,8843.51,2022-08-31,No,auto-generated record
CUST101849,27.0,Female,East,92386.54,12,1597.74,16816.74,2023-01-19,No,auto-generated record
CUST101850,53.0,Other,West,72976.52,11,2324.99,27276.95,2023-08-29,No,auto-generated record
CUST101851,40.0,Female,West,98570.96,12,2284.83,23721.78,2023-03-13,No,auto-generated record
CUST101852,45.0,Male,East,48315.3,4,2045.63,8676.33,2023-10-27,Yes,auto-generated record
CUST101853,39.0,Male,East,,11,2251.21,21701.02,2023-11-11,No,auto-generated record
CUST101854,52.0,Male,East,41290.4,10,1618.41,11357.1,2022-09-04,Yes,auto-generated record
CUST101855,46.0,Male,East,58653.72,6,2066.18,13572.38,2023-08-28,Yes,auto-generated record
CUST101856,27.0,Female,North,67271.59,14,1960.92,21177.97,2024-03-20,No,auto-generated record
CUST101857,28.0,Female,North,93176.73,13,1670.82,15366.11,2023-11-27,No,auto-generated record
CUST101858,28.0,Male,South,48244.21,13,1334.4,12524.93,2022-06-21,Yes,auto-generated record
CUST101859,47.0,Female,Central,56166.04,12,2224.87,27854.95,2022-07-15,Yes,auto-generated record
CUST101860,45.0,Male,East,,9,791.79,5806.72,2023-06-07,No,auto-generated record
CUST101861,41.0,Female,East,69238.13,12,1755.84,19482.8,2022-05-10,No,auto-generated record
CUST101862,35.0,Female,Central,46672.91,10,867.63,8867.65,2024-01-14,No,auto-generated record
CUST101863,31.0,Male,North,48989.73,7,1764.78,9932.27,2024-01-31,No,auto-generated record
CUST101864,42.0,Male,North,48604.83,7,1108.2,5662.02,2022-12-27,Yes,auto-generated record
CUST101865,48.0,Female,South,83618.5,7,1730.68,12447.78,2023-02-24,Yes,auto-generated record
CUST101866,47.0,Male,Central,51711.99,9,1702.41,16368.1,2023-03-21,Yes,auto-generated record
CUST101867,57.0,Male,West,58921.84,10,1853.99,15792.3,2022-05-23,Yes,auto-generated record
CUST101868,59.0,Other,North,86206.75,15,2497.38,40381.91,2022-03-14,No,auto-generated record
CUST101869,34.0,Female,North,47614.41,12,3183.48,31700.08,2022-09-27,No,auto-generated record
CUST101870,68.0,Male,North,86571.09,11,967.88,8242.31,2023-01-05,Yes,auto-generated record
CUST101871,56.0,Male,Central,39271.55,7,1767.03,11325.8,2023-07-14,No,auto-generated record
CUST101872,42.0,Female,South,,13,2551.39,30456.7,2023-11-06,No,auto-generated record
CUST101873,43.0,Female,Central,85073.91,8,854.82,5293.06,2024-03-13,No,auto-generated record
CUST101874,45.0,Male,Central,71865.92,8,1513.9,12319.3,2023-06-23,Yes,auto-generated record
CUST101875,32.0,Male,Central,41044.28,7,2474.05,16116.95,2023-12-18,Yes,auto-generated record
CUST101876,30.0,Female,East,35800.59,8,2378.42,20625.41,2022-07-30,No,auto-generated record
CUST101877,39.0,Male,South,30171.44,10,1798.42,16913.81,2024-06-06,Yes,auto-generated record
CUST101878,34.0,Male,East,63749.69,11,1984.66,19490.86,2023-12-27,Yes,auto-generated record
CUST101879,18.0,Male,Central,48384.68,10,882.29,8763.38,2024-05-30,No,auto-generated record
CUST101880,46.0,Male,Central,66640.5,13,1375.06,19261.57,2024-03-26,No,auto-generated record
CUST101881,18.0,Male,South,51410.57,9,3272.15,22683.74,2022-02-08,Yes,auto-generated record
CUST101882,42.0,Male,East,109470.78,11,1530.16,17665.52,2023-12-10,No,auto-generated record
CUST101883,34.0,Female,West,79836.85,15,1514.03,24937.5,2023-12-19,Yes,auto-generated record
CUST101884,31.0,Female,South,29538.03,11,1283.6,11553.01,2022-10-10,No,auto-generated record
CUST101885,,Male,South,66098.15,11,2529.71,27953.71,2024-05-10,No,auto-generated record
CUST101886,28.0,Male,South,33873.22,10,1829.26,15805.71,2024-04-29,Yes,auto-generated record
CUST101887,27.0,Female,East,59443.2,8,1677.36,11902.37,2022-03-16,Yes,auto-generated record
CUST101888,42.0,Female,South,54851.52,6,1138.52,5680.89,2022-03-14,Yes,auto-generated record
CUST101889,41.0,Female,West,63873.87,9,1649.63,13236.38,2024-04-17,Yes,auto-generated record
CUST101890,30.0,Female,West,50275.14,8,2039.65,17637.01,2023-01-25,Yes,auto-generated record
CUST101891,29.0,Female,Central,18787.42,12,1074.77,12836.2,2024-01-06,No,auto-generated record
CUST101892,29.0,Male,West,66791.27,9,1304.53,9339.68,2023-02-15,No,auto-generated record
CUST101893,42.0,Male,East,27166.66,8,,16870.1,2022-11-17,No,auto-generated record
CUST101894,43.0,Male,North,43669.94,11,2633.4,21064.12,2022-06-22,No,auto-generated record
CUST101895,48.0,Other,South,48404.2,10,815.57,8757.61,2022-09-09,No,auto-generated record
CUST101896,37.0,Other,Central,61311.52,11,3068.54,31805.49,2023-10-10,No,auto-generated record
CUST101897,27.0,Female,East,33581.63,8,2645.74,16507.61,2022-06-06,No,auto-generated record
CUST101898,47.0,Female,North,58381.32,8,1935.52,16624.23,2023-05-10,Yes,auto-generated record
CUST101899,69.0,Female,East,69211.32,7,1522.45,10370.68,2023-10-24,No,auto-generated record
CUST101900,57.0,Female,West,98711.28,13,2072.44,27159.94,2022-10-30,Yes,auto-generated record
CUST101901,26.0,Female,West,43213.65,9,410.48,3238.84,2023-02-18,No,auto-generated record
CUST101902,47.0,Female,Central,65962.58,9,1551.65,13020.96,2022-07-27,No,auto-generated record
CUST101903,37.0,Male,Central,70116.55,12,1386.4,16886.51,2022-01-16,Yes,auto-generated record
CUST101904,37.0,Female,East,55218.7,9,1917.73,16963.86,2022-01-23,No,auto-generated record
CUST101905,35.0,Male,West,61270.94,12,2862.04,27366.74,2023-02-07,No,auto-generated record
CUST101906,28.0,Male,North,73065.1,11,1902.67,19720.11,2022-06-28,No,auto-generated record
CUST101907,20.0,Male,West,41613.86,7,1122.5,7663.11,2022-11-29,Yes,auto-generated record
CUST101908,43.0,Male,East,15000.0,5,902.08,3431.78,2023-05-16,Yes,auto-generated record
CUST101909,26.0,Female,North,50018.16,8,141.81,948.57,2023-01-30,No,auto-generated record
CUST101910,32.0,Female,South,62270.9,12,1961.9,19117.54,2024-03-29,Yes,auto-generated record
CUST101911,34.0,Female,West,66701.24,15,919.49,14449.74,2022-07-20,No,auto-generated record
CUST101912,39.0,Male,South,67950.14,11,2069.51,16927.75,2024-05-07,Yes,auto-generated record
CUST101913,33.0,Male,South,78263.64,10,2038.75,17020.9,2023-10-08,Yes,auto-generated record
CUST101914,36.0,Male,South,59464.92,12,2396.92,25976.69,2023-12-27,No,auto-generated record
CUST101915,33.0,Female,West,46694.94,10,3151.95,25308.53,2024-01-07,Yes,auto-generated record
CUST101916,41.0,Male,North,39543.1,5,1959.07,10631.7,2023-04-23,Yes,auto-generated record
CUST101917,42.0,Male,North,36578.31,10,1743.8,15604.76,2022-09-08,No,auto-generated record
CUST101918,56.0,Female,North,81211.31,14,2444.34,36172.71,2023-10-22,No,auto-generated record
CUST101919,45.0,Female,West,49920.99,15,2546.39,40945.83,2023-01-13,No,auto-generated record
CUST101920,31.0,Male,North,42023.32,7,2426.78,18271.77,2023-05-20,No,auto-generated record
CUST101921,45.0,Female,East,87410.24,9,2016.16,19087.87,2022-09-15,Yes,auto-generated record
CUST101922,49.0,Male,East,38321.99,14,2189.71,28245.21,2023-08-24,Yes,auto-generated record
CUST101923,31.0,Male,South,71835.21,12,1266.08,12447.43,2022-05-12,No,auto-generated record
CUST101924,32.0,Female,South,38675.76,7,2216.34,12715.03,2023-06-14,No,auto-generated record
CUST101925,18.0,Other,East,43038.47,13,1895.64,20484.61,2024-02-05,Yes,auto-generated record
CUST101926,56.0,Male,North,54492.91,9,2270.4,19933.39,2023-04-05,No,auto-generated record
CUST101927,40.0,Male,South,65782.87,16,855.35,11532.28,2022-10-05,No,auto-generated record
CUST101928,54.0,Female,South,56700.74,10,2025.63,15135.03,2023-08-30,No,auto-generated record
CUST101929,20.0,Female,North,69573.88,16,1640.67,24006.2,2022-02-05,No,auto-generated record
CUST101930,18.0,Female,East,41248.63,13,2373.48,30576.09,2024-01-15,Yes,auto-generated record
CUST101931,42.0,Male,South,93003.09,16,2335.81,38529.58,2022-05-06,No,auto-generated record
CUST101932,28.0,Female,North,48349.7,7,1856.24,10757.81,2022-06-20,No,auto-generated record
CUST101933,40.0,Male,North,26218.58,8,1480.63,10107.56,2023-09-18,No,auto-generated record
CUST101934,29.0,Male,South,38089.58,9,1247.58,11950.39,2023-03-28,No,auto-generated record
CUST101935,48.0,Female,West,,11,2041.76,22851.29,2023-07-20,No,auto-generated record
CUST101936,34.0,Female,West,62085.82,10,1970.83,19833.95,2022-07-29,No,auto-generated record
CUST101937,36.0,Female,East,32814.55,6,1745.04,10385.87,2023-12-18,Yes,auto-generated record
CUST101938,44.0,Female,North,80844.97,11,2076.5,18935.61,2023-02-08,No,auto-generated record
CUST101939,33.0,Male,East,40213.14,7,2612.48,14146.26,2023-11-12,Yes,auto-generated record
CUST101940,34.0,Female,Central,47729.28,13,265.73,2577.03,2022-06-04,Yes,auto-generated record
CUST101941,53.0,Male,North,81870.2,13,2419.3,27739.7,2023-02-23,No,auto-generated record
CUST101942,37.0,Female,South,19415.34,6,2714.22,13909.56,2022-07-03,No,auto-generated record
CUST101943,,Female,North,97114.6,11,1196.3,14204.06,2024-06-16,No,auto-generated record
CUST101944,44.0,Female,East,44051.22,9,2147.74,16247.27,2024-04-13,No,auto-generated record
CUST101945,40.0,Male,North,23812.54,8,1642.1,9504.84,2022-06-08,Yes,auto-generated record
CUST101946,44.0,Female,Central,87106.73,22,2109.32,47295.35,2024-04-09,No,auto-generated record
CUST101947,61.0,Female,South,61073.58,8,1525.15,11672.24,2023-02-06,No,auto-generated record
CUST101948,51.0,Male,East,29608.38,5,2687.26,10631.51,2022-06-26,No,auto-generated record
CUST101949,22.0,Other,South,64580.1,8,1654.08,11694.95,2022-05-24,Yes,auto-generated record
CUST101950,18.0,Male,South,81393.69,11,3164.13,25467.11,2023-01-16,Yes,auto-generated record
CUST101951,28.0,Female,North,84457.53,13,781.87,11153.28,2022-03-23,Yes,auto-generated record
CUST101952,18.0,Female,Central,62990.42,10,1811.43,12682.91,2023-04-14,Yes,auto-generated record
CUST101953,18.0,Female,South,34071.33,8,1238.61,8085.28,2022-08-10,Yes,auto-generated record
CUST101954,,Male,South,44755.59,10,1015.29,8370.64,2024-05-05,Yes,auto-generated record
CUST101955,27.0,Female,South,69871.11,11,2108.44,21185.47,2022-08-01,Yes,auto-generated record
CUST101956,40.0,Female,North,66834.24,13,3409.47,47565.18,2024-06-13,No,auto-generated record
CUST101957,44.0,Female,South,54617.78,9,1981.94,18540.81,2023-06-15,No,auto-generated record
CUST101958,64.0,Female,South,92492.75,6,1820.88,11146.48,2023-10-31,Yes,auto-generated record
CUST101959,30.0,Male,Central,32468.26,4,2079.57,5952.89,2022-03-04,Yes,auto-generated record
CUST101960,31.0,Female,Central,85850.59,14,1927.42,24721.76,2024-05-08,Yes,auto-generated record
CUST101961,41.0,Female,South,39005.27,7,2085.27,12232.23,2023-10-10,No,auto-generated record
CUST101962,51.0,Male,Central,52860.9,6,1799.35,10640.51,2023-04-27,Yes,auto-generated record
CUST101963,35.0,Female,North,55602.41,10,2400.75,25380.68,2024-02-26,Yes,auto-generated record
CUST101964,28.0,Female,East,69727.12,11,1869.26,16556.84,2023-05-16,No,auto-generated record
CUST101965,18.0,Female,Central,74283.2,12,1823.48,23059.64,2023-09-18,No,auto-generated record
CUST101966,48.0,Male,North,32594.83,8,3529.07,28970.68,2024-02-17,No,auto-generated record
CUST101967,36.0,Female,North,40583.14,9,1579.5,11015.15,2023-10-28,No,auto-generated record
CUST101968,57.0,Female,West,50995.26,13,2761.0,38370.11,2023-11-06,No,auto-generated record
CUST101969,60.0,Female,West,,15,1732.92,18241.63,2024-02-14,No,auto-generated record
CUST101970,61.0,Male,Central,50255.35,14,2104.61,24453.28,2022-07-31,Yes,auto-generated record
CUST101971,44.0,Male,North,39780.6,7,2079.68,10704.01,2023-11-10,No,auto-generated record
CUST101972,49.0,Male,North,89218.54,8,1469.64,12064.75,2023-04-11,Yes,auto-generated record
CUST101973,22.0,Male,North,66523.48,10,2409.56,17216.56,2022-09-26,No,auto-generated record
CUST101974,43.0,Male,South,60235.59,11,1869.34,17036.54,2023-04-22,No,auto-generated record
CUST101975,34.0,Male,North,74021.51,11,1985.2,18857.9,2023-05-19,No,auto-generated record
CUST101976,51.0,Female,East,57982.23,9,1027.53,7297.84,2022-04-01,Yes,auto-generated record
CUST101977,32.0,Male,North,28041.45,15,3679.46,46079.86,2022-10-25,No,auto-generated record
CUST101978,36.0,Male,East,23273.07,7,1816.12,10899.58,2024-03-24,Yes,auto-generated record
CUST101979,28.0,Male,East,66521.56,12,1274.42,16644.82,2023-08-18,No,auto-generated record
CUST101980,60.0,Male,North,,14,2369.41,34133.8,2022-01-03,Yes,auto-generated record
CUST101981,40.0,Female,West,57215.02,13,1874.81,26680.67,2022-09-26,No,auto-generated record
CUST101982,26.0,Female,Central,36133.31,7,2075.37,12324.75,2024-04-02,No,auto-generated record
CUST101983,34.0,Female,South,59734.04,10,1945.19,20783.78,2022-01-24,No,auto-generated record
CUST101984,23.0,F,East,58187.47,11,797.91,6338.17,2022-02-16,Yes,auto-generated record
CUST101985,52.0,Other,South,87925.67,12,2125.92,18313.76,2022-06-08,No,auto-generated record
CUST101986,53.0,Male,Central,86509.8,13,1977.69,25452.86,2023-07-20,No,auto-generated record
CUST101987,40.0,Female,Central,47427.22,10,1071.88,10571.71,2023-08-18,Yes,auto-generated record
CUST101988,42.0,Male,Central,93519.3,10,2068.99,15351.83,2023-10-16,Yes,auto-generated record
CUST101989,21.0,Male,South,70482.79,8,1817.92,13535.91,2022-07-10,No,auto-generated record
CUST101990,57.0,Male,South,92435.03,10,1649.27,12100.19,2024-04-09,No,auto-generated record
CUST101991,38.0,Female,North,55529.98,9,1351.19,10435.74,2024-03-17,No,auto-generated record
CUST101992,63.0,Male,North,85012.78,8,2404.68,19206.22,2023-01-02,Yes,auto-generated record
CUST101993,31.0,Female,Central,27342.47,12,1295.66,11439.9,2023-11-06,Yes,auto-generated record
CUST101994,44.0,Male,East,82464.22,15,1822.21,27647.31,2023-03-23,Yes,auto-generated record
CUST101995,49.0,Female,East,48356.64,10,1766.0,14095.27,2023-06-20,No,auto-generated record
CUST101996,48.0,Male,North,69464.97,13,2765.78,32569.09,2022-09-11,Yes,auto-generated record
CUST101997,37.0,Male,Central,46002.13,6,2179.8,13379.27,2022-07-30,Yes,auto-generated record
CUST101998,51.0,Female,North,62752.64,8,1549.18,11441.45,2023-12-25,Yes,auto-generated record
CUST101999,43.0,Male,West,61542.81,14,3191.49,48933.97,2023-07-11,No,auto-generated record
CUST102000,38.0,Male,East,,11,3231.76,29989.72,2023-10-09,No,auto-generated record
CUST102001,26.0,Male,West,57749.87,13,3114.54,29678.77,2022-02-12,No,auto-generated record
CUST102002,53.0,Male,West,81203.89,13,1209.76,11624.85,2024-02-22,No,auto-generated record
CUST102003,39.0,Male,West,60870.41,11,2174.21,19391.47,2023-08-15,No,auto-generated record
CUST102004,44.0,Male,East,81833.83,12,490.57,5155.45,2024-06-06,No,auto-generated record
CUST102005,37.0,Male,South,101117.56,11,1613.31,19239.98,2022-03-12,No,auto-generated record
CUST102006,42.0,Female,West,62427.44,13,2594.47,33606.02,2023-06-02,No,auto-generated record
CUST102007,34.0,Male,North,,10,1534.52,15207.08,2022-12-11,No,auto-generated record
CUST102008,69.0,Female,South,71675.1,10,,14150.42,2022-08-02,No,auto-generated record
CUST102009,60.0,Other,West,44446.5,6,1399.07,8145.22,2023-07-04,Yes,auto-generated record
CUST102010,46.0,Male,Central,76026.78,11,1782.96,15087.91,2024-01-31,Yes,auto-generated record
CUST102011,42.0,Female,West,37738.52,8,540.19,3263.42,2024-05-27,No,auto-generated record
CUST102012,46.0,Male,North,62144.51,9,1404.01,9138.11,2022-09-17,No,auto-generated record
CUST102013,28.0,Male,Central,98140.55,12,3266.96,42761.89,2022-01-08,No,auto-generated record
CUST102014,45.0,Female,Central,48061.05,11,3300.22,32440.96,2023-08-26,No,auto-generated record
CUST102015,37.0,Male,East,37755.83,9,2163.7,20622.6,2024-04-07,No,auto-generated record
CUST102016,33.0,Male,South,50505.86,12,1697.43,21900.35,2023-07-09,No,auto-generated record
CUST102017,30.0,Female,South,64586.92,12,1634.32,15922.9,2024-03-05,Yes,auto-generated record
CUST102018,30.0,Male,East,72249.66,15,2502.82,27597.51,2022-08-27,No,auto-generated record
CUST102019,44.0,Female,North,49847.97,8,2167.44,16965.46,2022-07-30,Yes,auto-generated record
CUST102020,38.0,,North,47183.03,5,1345.21,5658.11,2024-02-23,Yes,auto-generated record
CUST102021,29.0,Female,Central,67316.42,11,1063.35,12589.94,2022-03-23,Yes,auto-generated record
CUST102022,43.0,Female,East,58948.07,8,1640.18,12882.99,2022-06-13,No,auto-generated record
CUST102023,40.0,Female,East,78400.35,6,2302.83,10116.82,2022-08-28,Yes,auto-generated record
CUST102024,37.0,Female,South,43433.55,11,728.77,6941.43,2023-04-15,Yes,auto-generated record
CUST102025,55.0,Male,North,90073.97,10,1202.99,11899.08,2022-08-30,No,auto-generated record
CUST102026,35.0,Female,North,63043.73,11,2310.82,24167.04,2024-03-08,No,auto-generated record
CUST102027,22.0,Male,North,53072.67,9,1907.11,12566.18,2022-03-19,No,auto-generated record
CUST102028,40.0,Female,West,29552.14,15,1323.38,19406.26,2022-09-30,No,auto-generated record
CUST102029,26.0,Female,West,49254.4,7,1436.64,10020.19,2022-01-19,Yes,auto-generated record
CUST102030,48.0,Female,Central,59860.43,14,2142.96,21051.68,2024-06-01,No,auto-generated record
CUST102031,45.0,Female,Central,81958.6,7,2147.62,14576.32,2022-11-08,Yes,auto-generated record
CUST102032,34.0,Male,North,60768.47,6,905.19,3954.85,2022-10-18,No,auto-generated record
CUST102033,44.0,Female,North,41933.98,18,2504.32,47188.37,2023-10-07,No,auto-generated record
CUST102034,33.0,Female,West,31639.03,6,2299.65,9913.24,2022-12-31,Yes,auto-generated record
CUST102035,33.0,Male,South,73730.38,16,1805.57,20568.67,2022-08-13,No,auto-generated record
CUST102036,18.0,Male,Central,31153.61,9,795.06,6846.9,2022-03-01,Yes,auto-generated record
CUST102037,18.0,Female,East,85044.22,12,244.96,2874.07,2023-09-02,No,auto-generated record
CUST102038,33.0,Male,South,62027.8,10,1770.96,13575.86,2024-03-22,Yes,auto-generated record
CUST102039,59.0,Female,South,55489.91,8,2237.67,15688.0,2023-02-04,Yes,auto-generated record
CUST102040,24.0,Female,South,39186.34,10,1986.98,18918.41,2024-03-26,No,auto-generated record
CUST102041,37.0,Female,East,84188.48,13,2456.48,29616.65,2023-09-22,No,auto-generated record
CUST102042,30.0,F,North,53534.74,6,2001.56,12950.74,2023-07-22,Yes,auto-generated record
CUST102043,44.0,Other,Central,63671.84,8,1663.45,13607.4,2024-01-20,No,auto-generated record
CUST102044,,Male,West,18366.85,11,2215.03,26067.14,2023-10-09,Yes,auto-generated record
CUST102045,37.0,Female,Central,61069.54,14,2495.39,37962.44,2022-07-20,No,auto-generated record
CUST102046,43.0,Female,Central,41198.02,9,1147.64,11136.75,2023-05-13,No,auto-generated record
CUST102047,32.0,Female,West,15000.0,12,2631.65,25431.37,2023-01-30,No,auto-generated record
CUST102048,36.0,Female,Central,53564.32,10,2020.18,20457.31,2022-01-28,No,auto-generated record
CUST102049,35.0,Male,West,55216.03,13,1662.32,18252.3,2022-10-26,Yes,auto-generated record
CUST102050,44.0,M,East,37294.9,9,2643.25,24602.0,2022-02-08,Yes,auto-generated record
CUST102051,45.0,Male,North,112897.47,15,1623.38,23294.31,2023-10-03,No,auto-generated record
CUST102052,47.0,Female,East,39511.04,12,2188.7,25177.75,2023-11-12,No,auto-generated record
CUST102053,43.0,Male,East,43346.85,11,3010.93,25238.18,2022-12-17,No,auto-generated record
CUST102054,26.0,Female,West,59938.91,13,2033.3,23172.8,2024-04-05,Yes,auto-generated record
CUST102055,33.0,Female,Central,62795.9,12,1232.97,13201.89,2022-05-14,Yes,auto-generated record
CUST102056,44.0,Female,East,65342.8,16,2342.86,37822.1,2024-05-16,No,auto-generated record
CUST102057,39.0,Female,North,53731.17,12,1146.56,14352.46,2024-06-16,No,auto-generated record
CUST102058,48.0,Female,North,89922.35,19,2801.45,49955.13,2022-12-31,Yes,auto-generated record
CUST102059,23.0,Female,Central,38790.78,6,,8796.31,2023-12-08,No,auto-generated record
CUST102060,28.0,Male,Central,20957.5,10,2490.35,22845.01,2023-04-15,No,auto-generated record
CUST102061,28.0,Male,South,35905.62,10,1228.8,11247.8,2023-11-05,No,auto-generated record
CUST102062,41.0,Female,North,56408.15,9,1589.18,15522.44,2022-02-01,No,auto-generated record
CUST102063,31.0,Female,North,57690.69,12,2790.68,26257.66,2022-06-05,Yes,auto-generated record
CUST102064,28.0,Female,North,92432.52,11,2918.26,26344.68,2023-04-15,Yes,auto-generated record
CUST102065,42.0,Male,Central,57906.05,10,977.68,9114.96,2022-07-09,Yes,auto-generated record
CUST102066,33.0,Male,South,48258.32,13,1486.09,16865.87,2022-04-23,Yes,auto-generated record
CUST102067,25.0,Male,East,44290.67,10,1393.08,10000.68,2024-04-22,Yes,auto-generated record
CUST102068,43.0,Female,West,44462.82,16,646.74,9336.01,2023-08-03,No,auto-generated record
CUST102069,37.0,Female,South,71452.6,6,1562.44,7397.13,2024-01-23,No,auto-generated record
CUST102070,44.0,Male,East,37851.06,8,2101.36,12731.76,2024-01-15,Yes,auto-generated record
CUST102071,44.0,Male,East,85762.42,12,1786.35,20741.71,2022-09-26,No,auto-generated record
CUST102072,31.0,M,South,38587.94,8,2317.23,13227.68,2022-09-07,Yes,auto-generated record
CUST102073,34.0,Male,North,44688.44,9,2565.44,19309.98,2024-05-19,Yes,auto-generated record
CUST102074,36.0,Female,South,58589.13,7,2565.55,13984.92,2022-06-06,No,auto-generated record
CUST102075,46.0,Male,North,30155.88,9,2443.05,23331.26,2023-11-05,No,auto-generated record
CUST102076,37.0,Female,South,60414.46,12,2046.61,21157.42,2022-11-29,No,auto-generated record
CUST102077,50.0,Male,South,61519.59,8,1002.27,6032.49,2023-05-23,No,auto-generated record
CUST102078,31.0,Male,North,81189.63,13,1055.1,13968.31,2022-04-30,No,auto-generated record
CUST102079,38.0,Female,Central,71845.05,14,2039.65,26812.11,2022-03-26,No,auto-generated record
CUST102080,53.0,Female,West,17610.52,5,1078.78,4518.69,2022-12-20,No,auto-generated record
CUST102081,22.0,Female,Central,60314.71,11,2344.71,23720.4,2022-05-19,Yes,auto-generated record
CUST102082,23.0,Male,Central,35061.24,9,1643.09,11063.12,2022-05-23,No,auto-generated record
CUST102083,46.0,Female,South,,12,1673.81,20468.0,2022-09-19,Yes,auto-generated record
CUST102084,47.0,Male,North,45238.7,12,214.02,2648.2,2022-03-12,Yes,auto-generated record
CUST102085,49.0,Female,Central,98900.5,13,2578.67,31729.72,2024-01-02,Yes,auto-generated record
CUST102086,48.0,Male,East,53154.11,8,2254.64,13997.95,2024-01-12,Yes,auto-generated record
CUST102087,50.0,Male,West,61978.98,8,1183.15,10016.59,2024-01-10,No,auto-generated record
CUST102088,32.0,Female,Central,73220.32,10,1870.94,13759.19,2023-10-02,Yes,auto-generated record
CUST102089,38.0,Female,South,92250.35,12,2236.5,19147.15,2023-04-20,Yes,auto-generated record
CUST102090,44.0,Male,East,52809.67,13,231.17,2583.11,2023-05-17,Yes,auto-generated record
CUST102091,24.0,Female,South,56673.95,14,1245.31,16314.31,2022-04-03,No,auto-generated record
CUST102092,23.0,Male,North,58557.26,19,2599.75,53415.65,2024-01-10,No,auto-generated record
CUST102093,31.0,Female,North,57672.02,8,1077.44,6858.68,2024-05-03,Yes,auto-generated record
CUST102094,49.0,,South,57556.06,9,1321.27,11712.64,2024-02-26,Yes,auto-generated record
CUST102095,47.0,Female,South,39738.48,5,3265.31,14184.45,2022-03-14,Yes,auto-generated record
CUST102096,23.0,,West,44023.86,11,1098.34,10488.04,2022-10-01,No,auto-generated record
CUST102097,31.0,Female,East,41118.29,7,2585.11,12826.34,2022-08-18,Yes,auto-generated record
CUST102098,31.0,Female,West,37460.59,10,1626.48,11620.59,2023-06-18,No,auto-generated record
CUST102099,39.0,Female,South,48289.02,9,597.77,4245.4,2022-05-17,Yes,auto-generated record
CUST102100,40.0,Female,North,57451.88,13,1288.73,14962.09,2022-09-15,Yes,auto-generated record
CUST102101,38.0,Male,East,45527.94,11,1760.23,13699.66,2023-12-14,Yes,auto-generated record
CUST102102,27.0,Female,South,47333.57,6,1837.27,8442.01,2022-06-25,No,auto-generated record
CUST102103,50.0,Female,West,78367.35,15,2022.94,21544.55,2022-11-03,No,auto-generated record
CUST102104,50.0,Female,South,75367.41,10,817.0,6062.15,2022-03-02,Yes,auto-generated record
CUST102105,26.0,Female,South,36357.55,17,1781.3,24129.83,2023-10-30,No,auto-generated record
CUST102106,36.0,Male,West,23787.63,13,2765.48,25296.63,2023-09-09,No,auto-generated record
CUST102107,50.0,Female,North,108687.51,11,1071.5,9376.95,2023-07-06,Yes,auto-generated record
CUST102108,42.0,Female,West,55583.4,9,1020.84,9899.38,2023-03-23,Yes,auto-generated record
CUST102109,43.0,Male,South,,10,2918.87,21563.97,2023-03-17,Yes,auto-generated record
CUST102110,33.0,Male,North,55557.69,6,2021.48,12905.84,2022-12-12,No,auto-generated record
CUST102111,54.0,Female,East,95756.48,13,731.76,8008.14,2023-08-17,Yes,auto-generated record
CUST102112,25.0,Male,East,62247.79,9,1131.02,8698.45,2022-11-24,No,auto-generated record
CUST102113,48.0,Female,North,59701.66,11,1249.79,12262.47,2022-11-29,Yes,auto-generated record
CUST102114,58.0,Male,East,53626.48,10,2093.78,21175.51,2023-01-02,No,auto-generated record
CUST102115,29.0,Female,East,52295.55,14,2235.0,25559.16,2022-05-08,No,auto-generated record
CUST102116,53.0,Female,West,45671.52,10,2357.56,23964.11,2022-12-15,No,auto-generated record
CUST102117,47.0,Male,North,66271.51,8,2563.88,21825.24,2022-05-14,Yes,auto-generated record
CUST102118,31.0,Female,East,55128.17,7,2248.85,15034.06,2023-07-14,No,auto-generated record
CUST102119,40.0,Female,Central,68500.63,8,2001.88,13649.34,2022-08-10,Yes,auto-generated record
CUST102120,54.0,Male,North,72985.39,17,2349.57,33666.2,2024-03-05,No,auto-generated record
CUST102121,33.0,Male,West,36349.69,10,1082.18,7816.97,2022-05-25,No,auto-generated record
CUST102122,33.0,Female,South,62289.74,11,2951.08,30793.88,2024-01-03,No,auto-generated record
CUST102123,18.0,F,East,52766.93,8,1764.34,13762.72,2023-11-01,No,auto-generated record
CUST102124,19.0,Female,South,72174.22,14,1847.44,25985.01,2022-07-31,Yes,auto-generated record
CUST102125,34.0,Male,East,87327.81,15,2255.51,33059.0,2023-01-29,No,auto-generated record
CUST102126,36.0,Female,East,50064.73,10,799.1,7719.63,2023-10-04,No,auto-generated record
CUST102127,45.0,Male,Central,21013.8,8,1395.55,12276.01,2024-01-13,Yes,auto-generated record
CUST102128,48.0,Female,Central,60189.43,11,1872.75,17426.49,2023-07-18,Yes,auto-generated record
CUST102129,60.0,Female,Central,63547.98,16,1435.79,23319.62,2023-05-18,Yes,auto-generated record
CUST102130,46.0,Female,Central,41952.12,10,1263.82,10228.0,2023-04-21,No,auto-generated record
CUST102131,71.0,Male,South,75428.87,13,1647.73,23483.27,2024-04-27,No,auto-generated record
CUST102132,47.0,Male,West,56259.45,11,2353.82,20595.25,2024-04-04,Yes,auto-generated record
CUST102133,53.0,Female,Central,74599.39,13,3095.72,43747.79,2022-01-02,No,auto-generated record
CUST102134,29.0,Male,North,31935.1,11,2314.04,26948.04,2023-11-04,No,auto-generated record
CUST102135,43.0,Female,West,64406.58,14,2665.86,27480.15,2023-09-20,No,auto-generated record
CUST102136,49.0,Female,East,57411.98,11,2417.72,21494.84,2023-09-01,No,auto-generated record
CUST102137,49.0,Male,North,57131.71,7,2997.74,19054.97,2022-09-17,No,auto-generated record
CUST102138,33.0,,East,74269.06,13,2510.78,30687.36,2023-06-03,No,auto-generated record
CUST102139,38.0,Female,West,46578.45,13,100.0,1160.5,2023-06-15,Yes,auto-generated record
CUST102140,24.0,Female,West,46173.88,13,2403.72,27137.02,2023-08-27,No,auto-generated record
CUST102141,42.0,Male,North,73047.88,9,,15571.33,2023-06-06,No,auto-generated record
CUST102142,26.0,Male,Central,26045.94,8,2224.88,19063.29,2022-09-03,Yes,auto-generated record
CUST102143,49.0,Female,South,73785.75,10,2088.6,17110.34,2022-03-16,Yes,auto-generated record
CUST102144,41.0,Female,West,45325.3,8,1469.42,10347.09,2023-07-16,Yes,auto-generated record
CUST102145,46.0,Male,North,17649.95,8,2640.31,21888.62,2023-02-08,Yes,auto-generated record
CUST102146,45.0,Female,East,85894.41,11,2394.89,20864.24,2023-07-31,No,auto-generated record
CUST102147,43.0,Male,North,89440.71,13,1780.1,17410.43,2022-03-11,No,auto-generated record
CUST102148,47.0,Female,East,62025.41,10,1352.18,11517.27,2023-08-24,No,auto-generated record
CUST102149,39.0,Female,West,39054.88,9,1125.98,8110.23,2023-08-09,Yes,auto-generated record
CUST102150,20.0,Male,South,19230.7,10,2140.88,17638.7,2024-04-24,Yes,auto-generated record
CUST102151,53.0,Male,West,67670.82,7,2997.76,20305.03,2024-03-28,No,auto-generated record
CUST102152,30.0,Female,East,83107.54,9,,7345.72,2023-03-27,Yes,auto-generated record
CUST102153,49.0,Male,North,32723.86,14,1822.67,21402.64,2022-11-02,No,auto-generated record
CUST102154,44.0,Male,North,58140.72,11,2056.26,23435.38,2022-01-29,Yes,auto-generated record
CUST102155,43.0,Female,North,87684.76,10,2253.02,16729.36,2024-04-10,Yes,auto-generated record
CUST102156,40.0,Male,South,72557.67,14,2647.4,31907.13,2022-03-24,Yes,auto-generated record
CUST102157,41.0,Male,Central,54672.68,9,2454.08,15989.16,2023-01-09,Yes,auto-generated record
CUST102158,40.0,Female,South,95817.55,12,1155.06,10154.19,2024-05-13,No,auto-generated record
CUST102159,38.0,Male,West,33295.1,6,1318.52,7257.95,2022-02-27,Yes,auto-generated record
CUST102160,37.0,Male,West,66499.77,16,2896.51,35297.34,2023-04-21,No,auto-generated record
CUST102161,42.0,Male,West,77794.3,11,1879.61,18684.53,2023-01-22,No,auto-generated record
CUST102162,45.0,Female,West,34050.02,8,1113.58,9511.16,2024-01-18,No,auto-generated record
CUST102163,33.0,Female,North,46428.45,10,2076.17,21211.24,2023-05-20,Yes,auto-generated record
CUST102164,41.0,Female,Central,50250.58,8,2239.46,12979.35,2023-02-28,Yes,auto-generated record
CUST102165,23.0,Male,South,104063.32,13,2783.01,38676.59,2022-04-11,No,auto-generated record
CUST102166,29.0,Male,Central,53242.28,11,2327.93,27152.09,2022-06-25,No,auto-generated record
CUST102167,18.0,Female,North,49129.17,17,2199.89,31076.93,2022-06-11,Yes,auto-generated record
CUST102168,35.0,Male,North,45929.73,12,1689.55,19576.85,2024-02-14,Yes,auto-generated record
CUST102169,42.0,Male,North,106245.12,17,1293.33,23794.79,2022-12-14,No,auto-generated record
CUST102170,46.0,Male,West,96974.21,10,1077.94,9345.72,2022-06-13,Yes,auto-generated record
CUST102171,23.0,Female,North,36568.02,9,2366.56,18637.76,2023-04-14,No,auto-generated record
CUST102172,47.0,Male,South,46044.79,11,1808.74,20431.35,2024-04-15,No,auto-generated record
CUST102173,26.0,Female,East,64847.14,11,1044.41,8606.24,2022-09-19,No,auto-generated record
CUST102174,33.0,Male,East,59744.49,6,1609.71,8950.55,2023-01-03,Yes,auto-generated record
CUST102175,32.0,Male,South,62632.75,10,1968.05,20383.25,2022-08-20,No,auto-generated record
CUST102176,56.0,Male,Central,49359.5,6,1968.49,10069.54,2023-07-26,Yes,auto-generated record
CUST102177,40.0,Male,East,24426.63,10,,6463.58,2024-03-18,No,auto-generated record
CUST102178,62.0,Female,North,,12,3034.22,36395.27,2022-01-20,No,auto-generated record
CUST102179,49.0,Male,East,43184.74,8,875.45,4998.0,2024-05-08,No,auto-generated record
CUST102180,35.0,Female,North,105172.76,9,2641.24,16786.15,2023-03-18,Yes,auto-generated record
CUST102181,43.0,Female,West,62761.38,6,879.78,5034.23,2022-04-21,Yes,auto-generated record
CUST102182,54.0,M,North,67691.58,12,1653.57,19361.91,2022-01-10,Yes,auto-generated record
CUST102183,,Female,Central,62733.04,8,2642.41,22249.86,2023-10-12,No,auto-generated record
CUST102184,33.0,Male,North,44838.42,10,2362.94,21867.8,2024-02-27,No,auto-generated record
CUST102185,38.0,Male,South,61760.2,15,2100.34,26943.28,2024-01-05,Yes,auto-generated record
CUST102186,34.0,Male,North,36227.59,11,1802.06,18974.56,2023-01-30,Yes,auto-generated record
CUST102187,35.0,Female,East,57213.68,6,1575.65,8309.14,2023-09-28,Yes,auto-generated record
CUST102188,58.0,Female,South,72880.67,10,2161.2,21557.57,2022-07-02,Yes,auto-generated record
CUST102189,40.0,Male,East,59232.55,13,2946.33,34392.66,2022-05-31,Yes,auto-generated record
CUST102190,35.0,Female,East,15000.0,6,1487.33,8039.88,2023-08-23,No,auto-generated record
CUST102191,34.0,Female,East,67491.83,6,100.0,526.69,2024-03-01,No,auto-generated record
CUST102192,23.0,Male,South,39023.56,11,2471.26,27587.89,2022-10-06,No,auto-generated record
CUST102193,47.0,Male,South,78657.27,7,2794.93,18956.2,2024-05-29,No,auto-generated record
CUST102194,31.0,Male,South,57533.53,8,1490.85,9734.0,2023-08-19,Yes,auto-generated record
CUST102195,75.0,Female,North,68795.81,6,1490.26,7312.97,2023-09-02,Yes,auto-generated record
CUST102196,43.0,Male,East,68446.79,9,2788.12,23780.21,2022-03-26,Yes,auto-generated record
CUST102197,32.0,Female,Central,44203.62,10,2376.19,24647.5,2022-10-26,Yes,auto-generated record
CUST102198,24.0,Female,Central,54809.29,10,1301.2,11108.41,2023-12-28,No,auto-generated record
CUST102199,33.0,Female,Central,49917.11,7,713.06,5465.05,2023-11-18,Yes,auto-generated record
CUST102200,43.0,Male,North,69923.36,8,1299.37,10890.9,2022-08-30,Yes,auto-generated record
CUST102201,31.0,Female,West,72834.18,9,1441.89,11560.56,2024-04-19,No,auto-generated record
CUST102202,45.0,Female,North,45000.44,11,403.07,3745.56,2023-07-28,No,auto-generated record
CUST102203,46.0,Female,West,52422.09,11,1460.89,14479.38,2022-09-03,No,auto-generated record
CUST102204,44.0,Male,Central,45058.21,11,555.32,4318.79,2022-03-24,No,auto-generated record
CUST102205,44.0,Male,East,93524.33,13,1446.1,17485.96,2023-08-25,No,auto-generated record
CUST102206,38.0,Male,Central,43762.96,9,3403.75,26420.26,2022-02-21,No,auto-generated record
CUST102207,31.0,Female,East,54688.29,18,986.73,14697.88,2023-06-22,No,auto-generated record
CUST102208,24.0,Female,East,49680.95,10,2017.75,16308.23,2024-01-04,Yes,auto-generated record
CUST102209,20.0,Male,South,35682.3,8,697.6,3991.18,2022-06-20,No,auto-generated record
CUST102210,33.0,Male,West,66865.06,11,2610.78,23903.0,2024-04-27,Yes,auto-generated record
CUST102211,46.0,Male,East,55449.53,10,1517.74,11201.32,2024-02-09,Yes,auto-generated record
CUST102212,38.0,Female,East,77583.25,9,,30441.29,2023-05-27,No,auto-generated record
CUST102213,26.0,Female,South,37581.48,8,1694.02,11662.73,2022-05-12,No,auto-generated record
CUST102214,48.0,Male,West,67552.46,11,2467.2,26006.64,2024-04-09,Yes,auto-generated record
CUST102215,27.0,Female,North,95961.31,9,,16603.17,2022-07-07,Yes,auto-generated record
CUST102216,25.0,Female,East,70902.54,15,100.0,1388.99,2023-11-13,No,auto-generated record
CUST102217,27.0,Male,North,54766.39,11,2166.46,23224.3,2022-01-06,No,auto-generated record
CUST102218,30.0,Male,North,72758.37,9,2705.52,25920.28,2023-10-22,No,auto-generated record
CUST102219,37.0,Male,North,35696.33,10,1123.11,9149.35,2023-01-13,Yes,auto-generated record
CUST102220,24.0,Female,East,63202.23,7,2497.08,14429.39,2023-07-14,No,auto-generated record
CUST102221,20.0,,Central,59814.61,10,2890.88,21979.28,2023-01-03,No,auto-generated record
CUST102222,43.0,Female,North,69484.46,13,959.69,11121.22,2023-05-08,Yes,auto-generated record
CUST102223,41.0,Male,North,69210.46,13,1409.21,18677.87,2023-01-19,No,auto-generated record
CUST102224,43.0,Female,East,73213.35,12,2777.39,25396.23,2023-02-13,Yes,auto-generated record
CUST102225,46.0,Female,North,49621.67,12,2995.72,32810.87,2024-03-18,No,auto-generated record
CUST102226,39.0,Female,South,49049.88,7,2275.96,14903.01,2022-06-11,No,auto-generated record
CUST102227,58.0,Female,East,45337.37,10,2774.09,26732.57,2024-03-06,Yes,auto-generated record
CUST102228,36.0,Female,North,66849.63,10,2339.08,24434.9,2022-10-12,Yes,auto-generated record
CUST102229,37.0,Female,Central,24840.27,8,1259.21,10035.46,2022-08-03,No,auto-generated record
CUST102230,53.0,Other,South,60693.69,10,692.13,5803.18,2023-06-15,Yes,auto-generated record
CUST102231,42.0,Male,East,44175.53,6,2908.11,14319.0,2022-08-01,Yes,auto-generated record
CUST102232,36.0,Male,North,61202.86,10,1282.76,13924.29,2022-12-10,Yes,auto-generated record
CUST102233,38.0,Male,Central,99237.03,13,1309.86,17268.7,2022-12-06,Yes,auto-generated record
CUST102234,25.0,Male,North,44402.37,10,1190.5,9230.06,2023-07-12,Yes,auto-generated record
CUST102235,,Female,East,80199.67,8,1270.03,8166.21,2024-02-06,Yes,auto-generated record
CUST102236,35.0,Female,North,82857.97,11,2369.23,27659.12,2023-12-02,No,auto-generated record
CUST102237,43.0,Female,North,38909.81,10,1976.34,18550.83,2024-06-18,Yes,auto-generated record
CUST102238,53.0,Male,North,59583.83,14,2380.29,32313.57,2022-12-27,No,auto-generated record
CUST102239,47.0,Female,South,65421.29,10,1422.48,10560.05,2022-06-26,Yes,auto-generated record
CUST102240,41.0,Male,North,43638.52,12,1700.38,19780.53,2024-05-02,No,auto-generated record
CUST102241,42.0,Male,East,51359.79,12,837.29,9330.31,2022-01-30,No,auto-generated record
CUST102242,39.0,Female,East,,11,557.71,4776.53,2022-06-26,Yes,auto-generated record
CUST102243,57.0,Male,North,66788.28,9,1070.67,8999.77,2022-07-25,No,auto-generated record
CUST102244,18.0,Male,West,42411.29,12,977.47,12165.91,2022-12-19,No,auto-generated record
CUST102245,33.0,Male,North,77477.88,12,115.59,1343.85,2022-12-26,No,auto-generated record
CUST102246,29.0,Male,East,65659.37,12,1626.03,18899.69,2023-03-07,No,auto-generated record
CUST102247,43.0,Female,West,58268.73,13,1817.26,18830.59,2023-07-24,Yes,auto-generated record
CUST102248,36.0,M,East,63064.49,12,859.32,11310.36,2024-04-26,Yes,auto-generated record
CUST102249,39.0,Female,North,27206.91,11,902.66,8153.89,2023-01-10,No,auto-generated record
CUST102250,60.0,Female,North,37377.32,8,2077.82,13498.01,2022-09-06,No,auto-generated record
CUST102251,41.0,Female,North,34504.88,11,1634.54,16405.86,2022-04-03,Yes,auto-generated record
CUST102252,48.0,F,North,64721.17,11,1022.55,10075.88,2023-08-19,Yes,auto-generated record
CUST102253,33.0,Female,East,83728.8,18,1573.77,26277.85,2022-03-19,Yes,auto-generated record
CUST102254,30.0,Female,Central,46855.65,5,1278.58,4769.62,2023-01-11,Yes,auto-generated record
CUST102255,27.0,Female,South,33890.71,7,1664.12,10088.4,2024-02-19,Yes,auto-generated record
CUST102256,54.0,Male,West,45762.69,10,746.86,5233.63,2022-04-27,Yes,auto-generated record
CUST102257,26.0,Male,South,58162.08,9,1450.69,9443.92,2024-03-04,No,auto-generated record
CUST102258,33.0,Female,Central,32909.54,11,2345.7,19260.07,2023-01-10,Yes,auto-generated record
CUST102259,64.0,Male,South,49664.66,6,1033.26,5166.35,2022-07-08,No,auto-generated record
CUST102260,42.0,Female,North,71268.37,10,3827.47,29932.44,2024-04-17,Yes,auto-generated record
CUST102261,39.0,Male,North,80621.68,15,1960.87,23475.77,2023-03-21,No,auto-generated record
CUST102262,36.0,Female,North,59395.75,12,538.74,6933.11,2024-05-26,No,auto-generated record
CUST102263,25.0,Male,North,53587.18,10,1124.64,11728.84,2022-10-12,Yes,auto-generated record
CUST102264,42.0,Male,Central,53391.29,7,1510.88,11130.24,2023-04-09,No,auto-generated record
CUST102265,50.0,Female,West,71900.56,12,1982.28,18178.9,2022-06-19,No,auto-generated record
CUST102266,28.0,Male,North,15000.0,9,739.94,7278.33,2023-10-12,No,auto-generated record
CUST102267,33.0,Male,East,60117.22,12,2183.62,20355.01,2023-07-21,No,auto-generated record
CUST102268,57.0,Male,East,67289.06,15,1426.68,15085.32,2024-04-01,No,auto-generated record
CUST102269,34.0,Female,North,50607.58,10,2669.83,20784.32,2022-05-25,No,auto-generated record
CUST102270,47.0,Male,Central,54097.83,8,1845.81,16164.53,2024-04-27,No,auto-generated record
CUST102271,64.0,Female,South,73065.92,9,1138.0,8576.62,2022-09-04,No,auto-generated record
CUST102272,28.0,Male,East,46170.38,12,862.17,9632.98,2023-12-01,No,auto-generated record
CUST102273,37.0,Male,South,69048.13,9,1720.56,16990.9,2023-08-18,Yes,auto-generated record
CUST102274,28.0,Female,East,40531.43,9,,21976.14,2023-09-03,Yes,auto-generated record
CUST102275,18.0,Female,Central,59133.44,12,2122.61,25328.83,2023-04-01,No,auto-generated record
CUST102276,53.0,Male,West,78759.79,8,2308.1,18662.53,2023-11-06,Yes,auto-generated record
CUST102277,45.0,Female,South,41406.16,12,1771.51,21395.25,2023-01-30,No,auto-generated record
CUST102278,35.0,Male,West,75117.76,11,1748.53,16362.59,2023-07-11,No,auto-generated record
CUST102279,43.0,Other,East,66533.93,11,1730.94,19320.33,2023-12-30,Yes,auto-generated record
CUST102280,31.0,Male,South,60796.81,10,2113.49,22443.9,2024-05-05,No,auto-generated record
CUST102281,22.0,Male,East,76754.48,18,1866.01,30509.62,2022-05-07,No,auto-generated record
CUST102282,31.0,Male,South,63761.64,11,1326.14,15097.21,2024-04-07,Yes,auto-generated record
CUST102283,30.0,Male,West,39608.02,11,1676.6,18338.61,2023-09-20,No,auto-generated record
CUST102284,27.0,Female,South,66195.42,8,1645.01,12737.76,2023-08-04,No,auto-generated record
CUST102285,50.0,Other,North,82248.47,10,2088.82,21827.17,2023-09-08,No,auto-generated record
CUST102286,28.0,Male,Central,48694.88,11,1412.67,16719.67,2022-10-06,Yes,auto-generated record
CUST102287,26.0,Male,North,49870.53,12,2990.26,26218.09,2023-03-09,Yes,auto-generated record
CUST102288,40.0,Male,West,53853.36,9,2873.81,20288.86,2022-02-16,Yes,auto-generated record
CUST102289,43.0,Male,Central,50939.37,8,2638.29,22898.78,2022-12-25,Yes,auto-generated record
CUST102290,57.0,Male,West,49204.5,12,2532.74,29924.41,2022-11-10,No,auto-generated record
CUST102291,41.0,Male,Central,72476.27,12,1410.03,18212.34,2023-02-28,No,auto-generated record
CUST102292,22.0,Female,South,72870.55,9,1509.39,13358.27,2024-03-21,No,auto-generated record
CUST102293,28.0,Male,South,31426.55,7,1082.62,7736.16,2022-06-17,Yes,auto-generated record
CUST102294,49.0,Male,East,58762.74,7,1316.41,9914.73,2023-10-12,Yes,auto-generated record
CUST102295,30.0,Male,North,50111.75,9,2210.44,17088.05,2022-04-29,No,auto-generated record
CUST102296,43.0,Male,Central,,6,1838.15,7979.41,2023-10-01,No,auto-generated record
CUST102297,59.0,Female,West,83642.9,7,1205.66,6453.67,2022-11-11,Yes,auto-generated record
CUST102298,21.0,Male,West,60419.28,11,2309.4,22909.61,2023-10-05,No,auto-generated record
CUST102299,21.0,Female,East,74174.79,6,2160.13,10045.0,2022-06-07,Yes,auto-generated record
CUST102300,36.0,Female,East,74248.95,12,1704.22,18889.52,2022-01-25,Yes,auto-generated record
CUST102301,38.0,Other,North,70107.86,9,2113.23,16695.46,2023-01-31,No,auto-generated record
CUST102302,48.0,F,North,70523.96,12,2205.92,21561.93,2022-05-23,No,auto-generated record
CUST102303,20.0,Female,South,72328.4,11,818.85,7819.28,2022-01-24,No,auto-generated record
CUST102304,45.0,Male,North,50919.11,10,1324.91,12031.12,2024-03-17,No,auto-generated record
CUST102305,35.0,Female,East,37437.16,10,1775.2,12620.62,2022-12-09,Yes,auto-generated record
CUST102306,19.0,Female,North,68124.69,10,1808.49,15893.52,2023-01-15,No,auto-generated record
CUST102307,35.0,M,Central,74326.69,12,1582.8,18833.59,2022-11-03,Yes,auto-generated record
CUST102308,43.0,Male,North,89401.33,13,3365.16,40411.35,2022-05-28,Yes,auto-generated record
CUST102309,58.0,Male,South,62970.01,7,1746.81,9946.21,2022-04-11,No,auto-generated record
CUST102310,31.0,Male,Central,35721.98,11,1134.58,11099.09,2023-11-05,No,auto-generated record
CUST102311,46.0,Male,East,67850.46,7,2863.25,19784.3,2022-08-03,Yes,auto-generated record
CUST102312,23.0,Female,South,79899.46,12,1959.3,25121.11,2023-04-28,No,auto-generated record
CUST102313,50.0,Female,West,51470.8,13,690.27,7712.75,2023-01-23,No,auto-generated record
CUST102314,39.0,Female,South,56222.33,14,2204.91,27438.0,2022-06-15,No,auto-generated record
CUST102315,56.0,Female,North,53944.65,8,1430.8,9849.1,2022-02-21,Yes,auto-generated record
CUST102316,23.0,Female,Central,26733.3,4,1574.5,4653.01,2022-06-30,No,auto-generated record
CUST102317,25.0,Female,Central,76189.76,8,2834.41,20495.54,2023-04-19,No,auto-generated record
CUST102318,18.0,Female,West,44749.34,12,1503.55,16008.79,2023-08-19,No,auto-generated record
CUST102319,58.0,Male,South,93379.66,12,1477.26,15459.28,2022-08-14,No,auto-generated record
CUST102320,33.0,Male,East,49535.71,13,1554.78,19090.36,2024-03-19,Yes,auto-generated record
CUST102321,18.0,Female,North,21065.87,11,2694.17,30225.87,2024-04-09,No,auto-generated record
CUST102322,29.0,Male,North,38845.94,10,1883.32,15102.19,2022-03-14,Yes,auto-generated record
CUST102323,48.0,Male,Central,43877.56,10,,17036.09,2022-10-25,Yes,auto-generated record
CUST102324,45.0,Male,South,47679.5,12,2575.25,27759.04,2024-05-17,Yes,auto-generated record
CUST102325,43.0,Female,North,55495.16,7,2200.45,15593.18,2022-12-10,Yes,auto-generated record
CUST102326,23.0,Female,West,46981.51,11,2039.02,20257.02,2022-03-24,No,auto-generated record
CUST102327,36.0,Female,East,87017.2,11,2129.44,24774.73,2022-12-11,No,auto-generated record
CUST102328,18.0,Female,West,15000.0,6,1109.19,5083.57,2022-07-28,No,auto-generated record
CUST102329,21.0,Male,North,34687.03,8,3123.03,27256.67,2023-11-22,Yes,auto-generated record
CUST102330,45.0,Male,East,62050.44,7,3071.44,15906.33,2023-07-22,Yes,auto-generated record
CUST102331,48.0,Female,South,74434.86,12,1442.81,18747.28,2023-09-27,No,auto-generated record
CUST102332,35.0,Female,South,,8,2287.23,16006.3,2023-06-08,Yes,auto-generated record
CUST102333,18.0,Male,North,51416.41,8,2424.19,16621.4,2024-05-16,Yes,auto-generated record
CUST102334,27.0,Female,Central,64350.34,12,673.21,8382.89,2022-02-10,No,auto-generated record
CUST102335,33.0,Male,West,53056.29,10,1069.72,9778.29,2023-03-07,No,auto-generated record
CUST102336,56.0,Female,East,58223.09,7,3481.25,22573.47,2023-07-27,No,auto-generated record
CUST102337,30.0,Female,South,62237.09,9,1848.73,17034.01,2023-02-05,Yes,auto-generated record
CUST102338,21.0,Other,East,26848.31,9,1640.97,12952.63,2023-11-13,No,auto-generated record
CUST102339,24.0,Male,South,53999.01,9,687.98,6338.54,2023-05-04,Yes,auto-generated record
CUST102340,28.0,Female,North,40790.37,7,1609.64,12274.08,2022-05-11,Yes,auto-generated record
CUST102341,32.0,Female,East,60750.33,7,1681.55,12240.47,2022-11-21,No,auto-generated record
CUST102342,35.0,Female,West,53458.08,15,2126.11,26404.31,2023-07-05,No,auto-generated record
CUST102343,61.0,Male,Central,87129.81,10,2575.81,24461.03,2023-06-10,No,auto-generated record
CUST102344,31.0,Male,Central,65599.69,16,1724.57,27305.85,2022-06-25,No,auto-generated record
CUST102345,18.0,Female,North,57269.37,9,1387.39,13510.7,2023-09-18,Yes,auto-generated record
CUST102346,50.0,Male,South,47329.72,12,1320.48,14503.4,2023-12-18,No,auto-generated record
CUST102347,29.0,Male,North,65085.78,8,2172.32,18196.85,2022-09-15,No,auto-generated record
CUST102348,29.0,Male,North,16807.1,9,1074.62,10596.52,2023-08-28,No,auto-generated record
CUST102349,31.0,Female,East,71569.91,11,1992.18,16538.39,2023-09-01,Yes,auto-generated record
CUST102350,41.0,Female,North,73963.83,13,2946.59,39975.36,2022-11-18,No,auto-generated record
CUST102351,39.0,Female,North,61638.78,13,1367.97,18638.04,2024-03-07,No,auto-generated record
CUST102352,43.0,Male,East,71405.18,9,1026.68,7663.86,2022-11-12,No,auto-generated record
CUST102353,34.0,Male,Central,31701.07,8,1758.46,9858.7,2022-10-15,Yes,auto-generated record
CUST102354,38.0,Female,Central,49080.9,13,888.3,10565.78,2023-09-08,Yes,auto-generated record
CUST102355,25.0,Female,North,38037.45,7,1975.13,12818.78,2024-01-21,No,auto-generated record
CUST102356,25.0,Male,South,64431.22,13,1363.57,16643.48,2023-11-24,No,auto-generated record
CUST102357,31.0,Female,North,66186.99,16,2699.36,38416.03,2023-02-06,No,auto-generated record
CUST102358,32.0,Female,South,84251.82,11,2363.64,27174.58,2024-03-04,Yes,auto-generated record
CUST102359,18.0,Male,Central,33356.48,7,855.82,5593.09,2024-06-07,Yes,auto-generated record
CUST102360,24.0,Female,North,37895.28,11,1852.75,17200.42,2022-07-25,No,auto-generated record
CUST102361,52.0,Male,West,69713.27,10,2030.27,15405.8,2022-09-26,No,auto-generated record
CUST102362,51.0,Male,East,50818.77,9,1660.66,16026.46,2024-02-08,No,auto-generated record
CUST102363,56.0,Female,East,51451.71,13,1454.91,14603.64,2024-05-06,No,auto-generated record
CUST102364,51.0,Female,Central,72895.27,8,1203.9,8130.95,2022-08-11,No,auto-generated record
CUST102365,48.0,Male,South,60977.16,7,2302.26,16131.81,2024-04-20,No,auto-generated record
CUST102366,58.0,Male,South,53729.08,10,1443.82,11830.42,2024-02-05,Yes,auto-generated record
CUST102367,45.0,Female,West,79580.59,7,848.81,5177.8,2022-06-02,No,auto-generated record
CUST102368,34.0,Male,North,54717.71,10,1309.85,9609.28,2022-01-04,Yes,auto-generated record
CUST102369,34.0,Male,North,31628.79,9,1012.21,8015.57,2023-02-06,Yes,auto-generated record
CUST102370,42.0,Female,South,55360.33,8,507.69,3892.66,2024-01-14,No,auto-generated record
CUST102371,43.0,Male,South,59342.05,8,2350.51,20666.79,2024-05-16,No,auto-generated record
CUST102372,36.0,Female,South,,13,1544.39,15165.32,2022-11-21,No,auto-generated record
CUST102373,34.0,Other,South,74987.73,14,934.65,14312.73,2023-03-14,No,auto-generated record
CUST102374,37.0,Male,Central,62661.3,10,1120.54,9946.19,2024-01-08,Yes,auto-generated record
CUST102375,29.0,F,South,67693.35,13,985.26,11653.8,2022-03-16,Yes,auto-generated record
CUST102376,64.0,Male,South,81511.53,14,940.29,12849.15,2022-10-31,Yes,auto-generated record
CUST102377,44.0,Male,West,55249.84,15,2369.96,25826.96,2023-01-02,No,auto-generated record
CUST102378,18.0,Male,Central,48269.74,9,3073.03,30313.6,2023-04-12,Yes,auto-generated record
CUST102379,48.0,Female,West,63115.75,12,1208.78,15784.24,2024-06-09,No,auto-generated record
CUST102380,28.0,Female,Central,48704.19,14,2567.13,27693.1,2022-05-21,Yes,auto-generated record
CUST102381,35.0,Male,North,83130.83,14,2309.17,25801.57,2023-10-16,No,auto-generated record
CUST102382,38.0,Male,East,43114.99,7,2676.63,20451.18,2022-06-26,Yes,auto-generated record
CUST102383,48.0,Male,West,37894.71,9,1608.73,11048.12,2022-03-13,Yes,auto-generated record
CUST102384,38.0,Male,Central,68507.01,11,2179.69,22735.66,2023-04-26,Yes,auto-generated record
CUST102385,41.0,Male,North,56185.32,7,1509.26,9601.58,2022-02-28,Yes,auto-generated record
CUST102386,,Female,West,33044.92,7,2128.58,12900.59,2023-01-01,No,auto-generated record
CUST102387,65.0,Male,North,79778.42,10,1667.38,15741.52,2024-05-09,No,auto-generated record
CUST102388,38.0,Female,South,72456.5,14,,19661.83,2022-09-04,No,auto-generated record
CUST102389,28.0,Male,West,40809.35,14,1771.44,20156.92,2024-04-29,No,auto-generated record
CUST102390,23.0,Male,West,33546.97,5,2133.42,10136.78,2023-01-12,Yes,auto-generated record
CUST102391,38.0,Male,North,73270.71,13,2579.32,24256.06,2023-06-30,Yes,auto-generated record
CUST102392,33.0,Female,South,70108.59,7,3266.92,19661.99,2023-05-20,No,auto-generated record
CUST102393,40.0,Male,Central,73564.33,9,2673.97,17362.25,2023-06-22,No,auto-generated record
CUST102394,43.0,Male,East,55064.14,11,1630.22,18422.97,2022-02-04,Yes,auto-generated record
CUST102395,25.0,Male,East,70512.9,10,1671.18,17803.67,2022-09-08,Yes,auto-generated record
CUST102396,39.0,Female,South,89058.49,10,816.8,7061.75,2024-04-05,Yes,auto-generated record
CUST102397,30.0,Male,East,70073.52,6,949.68,5009.15,2023-12-23,Yes,auto-generated record
CUST102398,30.0,Male,South,,9,1642.56,12976.15,2023-08-17,Yes,auto-generated record
CUST102399,27.0,Female,North,76598.0,16,2229.77,32075.45,2023-09-24,No,auto-generated record
CUST102400,35.0,Female,South,67515.1,13,1770.0,22838.51,2022-12-06,No,auto-generated record
CUST102401,30.0,Male,East,57608.56,10,1496.12,14111.74,2022-06-25,Yes,auto-generated record
CUST102402,30.0,Female,East,63798.91,8,991.92,8458.31,2024-06-18,Yes,auto-generated record
CUST102403,34.0,Female,East,75777.51,12,781.63,7950.97,2023-09-30,No,auto-generated record
CUST102404,23.0,Male,South,60932.69,10,2996.02,22713.71,2023-02-06,No,auto-generated record
CUST102405,53.0,Male,South,76521.02,9,395.51,3488.32,2023-05-09,No,auto-generated record
CUST102406,45.0,Male,Central,55064.68,14,1268.58,19280.03,2023-01-18,No,auto-generated record
CUST102407,34.0,Female,Central,57069.1,8,1243.93,7719.73,2024-04-04,No,auto-generated record
CUST102408,41.0,Male,Central,34704.39,10,164.94,1394.14,2024-02-15,No,auto-generated record
CUST102409,27.0,Male,South,72276.61,11,2461.65,23236.52,2024-04-14,No,auto-generated record
CUST102410,39.0,Female,East,66393.8,4,1247.35,5208.61,2023-05-03,Yes,auto-generated record
CUST102411,20.0,Female,West,36291.75,11,1944.88,21849.43,2023-12-31,No,auto-generated record
CUST102412,37.0,Male,South,67579.96,8,1883.2,12179.67,2024-06-16,Yes,auto-generated record
CUST102413,39.0,Male,East,46076.1,10,2313.45,16342.03,2022-11-12,Yes,auto-generated record
CUST102414,34.0,Female,Central,67628.04,7,1868.39,10912.25,2023-06-12,Yes,auto-generated record
CUST102415,46.0,Male,West,96146.83,11,,18292.55,2023-06-27,Yes,auto-generated record
CUST102416,29.0,Female,West,59473.23,8,1629.83,9197.2,2022-10-28,Yes,auto-generated record
CUST102417,39.0,Female,North,47163.85,11,1910.72,16208.99,2023-06-30,No,auto-generated record
CUST102418,44.0,Male,North,53405.7,9,2617.07,20285.18,2022-01-08,Yes,auto-generated record
CUST102419,44.0,Male,West,65749.87,10,569.4,4614.39,2023-10-08,No,auto-generated record
CUST102420,,Male,East,52012.3,12,1703.71,18862.09,2023-02-20,No,auto-generated record
CUST102421,,Male,North,76712.04,7,1629.39,11068.9,2023-03-16,No,auto-generated record
CUST102422,47.0,Female,North,28798.33,4,1114.82,3188.24,2023-03-26,No,auto-generated record
CUST102423,46.0,Female,South,86186.44,12,1263.92,11173.82,2024-03-01,No,auto-generated record
CUST102424,30.0,Female,East,54244.43,9,2324.25,21089.91,2023-08-21,Yes,auto-generated record
CUST102425,39.0,Female,South,58769.48,10,1271.33,11317.7,2023-06-11,No,auto-generated record
CUST102426,32.0,Male,West,,10,940.26,8891.98,2022-02-20,No,auto-generated record
CUST102427,62.0,Male,North,,15,2954.95,40435.59,2022-09-07,No,auto-generated record
CUST102428,42.0,Female,West,28688.33,9,559.73,5509.4,2022-02-05,No,auto-generated record
CUST102429,29.0,Female,North,,12,2272.06,22539.21,2023-08-25,No,auto-generated record
CUST102430,48.0,Male,Central,77392.36,12,2244.74,19170.78,2024-03-25,No,auto-generated record
CUST102431,51.0,Male,South,55685.28,7,1726.7,10455.13,2023-01-07,Yes,auto-generated record
CUST102432,31.0,Female,North,40558.72,11,902.78,8430.28,2023-03-17,Yes,auto-generated record
CUST102433,40.0,Male,West,73150.09,14,1590.32,22410.65,2022-09-06,No,auto-generated record
CUST102434,67.0,Male,South,64915.16,11,1525.38,13681.17,2022-09-08,No,auto-generated record
CUST102435,38.0,Male,South,65555.94,14,3132.69,46380.7,2023-06-17,No,auto-generated record
CUST102436,42.0,Female,North,45020.06,9,1264.62,8446.18,2024-04-25,No,auto-generated record
CUST102437,74.0,Female,North,61076.53,8,,14117.28,2024-04-09,No,auto-generated record
CUST102438,38.0,Male,South,54973.16,11,2209.07,19384.88,2024-06-17,No,auto-generated record
CUST102439,24.0,Male,South,58890.76,8,2242.06,18349.83,2022-11-30,No,auto-generated record
CUST102440,27.0,Male,East,72928.07,12,1209.71,13925.25,2022-11-16,No,auto-generated record
CUST102441,40.0,Male,South,30371.73,5,2808.13,15356.31,2024-05-18,No,auto-generated record
CUST102442,47.0,Male,South,46613.23,8,1930.49,12462.42,2023-06-15,Yes,auto-generated record
CUST102443,28.0,Male,North,41830.88,12,1240.68,10962.38,2023-01-26,No,auto-generated record
CUST102444,18.0,Female,East,53988.42,9,2650.15,17414.78,2022-01-24,No,auto-generated record
CUST102445,45.0,Male,East,47149.9,6,2776.61,17659.7,2023-09-18,No,auto-generated record
CUST102446,36.0,Male,Central,58548.56,10,2403.41,21819.3,2024-02-10,Yes,auto-generated record
CUST102447,32.0,Female,West,75667.84,11,3301.17,28962.78,2023-02-23,Yes,auto-generated record
CUST102448,28.0,Female,North,57305.85,14,2164.09,30428.25,2023-09-02,No,auto-generated record
CUST102449,51.0,Female,South,83332.54,8,2183.65,13232.91,2022-04-17,Yes,auto-generated record
CUST102450,36.0,F,West,56947.39,9,1415.99,8997.83,2023-02-17,Yes,auto-generated record
CUST102451,23.0,Male,West,21633.11,8,2100.32,17579.43,2022-07-19,No,auto-generated record
CUST102452,26.0,Male,North,53615.81,13,2917.79,30812.8,2023-11-26,No,auto-generated record
CUST102453,33.0,Male,North,61600.39,16,1112.09,17628.08,2022-03-18,Yes,auto-generated record
CUST102454,21.0,Female,East,41356.12,11,2241.3,21678.96,2022-08-09,No,auto-generated record
CUST102455,32.0,Male,East,53510.16,8,2045.59,17156.2,2024-01-12,Yes,auto-generated record
CUST102456,51.0,Female,North,84215.49,12,1658.93,21212.56,2022-05-19,No,auto-generated record
CUST102457,48.0,Female,South,69100.71,17,2124.16,31754.69,2022-02-05,No,auto-generated record
CUST102458,50.0,Female,South,42395.45,8,1562.7,11056.26,2022-04-28,No,auto-generated record
CUST102459,49.0,Female,West,38820.94,13,2239.33,27864.95,2024-03-04,No,auto-generated record
CUST102460,40.0,Female,South,70009.49,9,2434.38,18933.46,2022-01-28,No,auto-generated record
CUST102461,42.0,Female,West,69434.36,12,1681.97,15565.67,2022-11-25,No,auto-generated record
CUST102462,18.0,Male,Central,30815.16,11,2957.93,25987.26,2022-05-11,Yes,auto-generated record
CUST102463,47.0,Male,South,57017.38,7,1314.48,9768.4,2022-03-07,No,auto-generated record
CUST102464,45.0,Female,Central,61319.23,13,2128.04,19371.54,2024-04-20,Yes,auto-generated record
CUST102465,41.0,Female,North,76152.76,11,1180.62,11074.01,2023-10-17,No,auto-generated record
CUST102466,41.0,,South,,8,1580.03,11391.23,2023-05-20,No,auto-generated record
CUST102467,25.0,Other,North,95445.71,14,2361.27,30607.44,2022-12-19,No,auto-generated record
CUST102468,32.0,Female,South,44167.09,11,1048.19,10831.2,2023-03-17,Yes,auto-generated record
CUST102469,20.0,Female,South,20992.75,13,3069.94,36147.57,2022-11-07,Yes,auto-generated record
CUST102470,32.0,Male,West,54432.67,9,1074.2,8720.31,2022-01-28,No,auto-generated record
CUST102471,35.0,Female,Central,74971.06,12,1056.3,9555.28,2023-10-05,No,auto-generated record
CUST102472,30.0,Male,South,35747.64,8,,7460.93,2023-05-20,No,auto-generated record
CUST102473,51.0,Female,South,43147.93,10,1642.22,14750.56,2023-10-29,No,auto-generated record
CUST102474,28.0,Male,Central,59100.22,7,1331.06,7813.76,2022-08-05,No,auto-generated record
CUST102475,42.0,Male,North,59719.13,10,2997.28,26097.91,2022-09-12,No,auto-generated record
CUST102476,40.0,Female,East,81463.59,11,2641.22,26906.28,2022-12-02,No,auto-generated record
CUST102477,36.0,Female,East,48914.31,11,425.82,3876.13,2023-01-08,No,auto-generated record
CUST102478,44.0,Female,West,106321.11,12,2166.41,26356.85,2024-02-10,Yes,auto-generated record
CUST102479,42.0,M,North,74954.49,10,2013.22,19564.71,2022-06-30,No,auto-generated record
CUST102480,,Female,South,72770.55,15,2235.94,30791.24,2023-02-16,No,auto-generated record
CUST102481,53.0,Male,North,39373.78,9,2112.5,17135.26,2023-06-01,Yes,auto-generated record
CUST102482,36.0,Female,West,65904.55,8,2414.69,18871.54,2022-09-06,No,auto-generated record
CUST102483,45.0,Female,West,92705.83,10,2151.55,20522.32,2022-07-06,Yes,auto-generated record
CUST102484,26.0,Male,Central,49904.39,11,1839.58,17733.23,2022-07-23,No,auto-generated record
CUST102485,27.0,Male,South,86640.89,11,2707.14,22960.56,2022-04-02,No,auto-generated record
CUST102486,40.0,F,North,72995.93,12,2558.49,31177.66,2022-03-09,No,auto-generated record
CUST102487,65.0,Male,Central,88085.79,14,1193.7,14757.79,2022-05-05,No,auto-generated record
CUST102488,23.0,Male,North,61447.27,8,1967.8,14903.1,2022-05-20,No,auto-generated record
CUST102489,24.0,Male,South,72336.73,10,2027.45,17445.59,2023-10-19,Yes,auto-generated record
CUST102490,29.0,Male,North,24305.02,5,2120.45,9605.74,2022-10-11,Yes,auto-generated record
CUST102491,33.0,Male,South,54165.8,8,1127.52,7111.07,2023-01-31,Yes,auto-generated record
CUST102492,39.0,Male,West,50373.51,14,1458.93,16139.79,2023-08-19,No,auto-generated record
CUST102493,,Female,Central,63380.82,9,1017.3,9735.72,2022-05-24,Yes,auto-generated record
CUST102494,36.0,Female,East,50075.04,9,1467.62,12551.19,2022-08-28,Yes,auto-generated record
CUST102495,45.0,Male,North,38182.7,9,2295.48,19569.16,2024-01-17,No,auto-generated record
CUST102496,38.0,Female,Central,65314.85,12,1845.84,17486.42,2022-05-23,No,auto-generated record
CUST102497,31.0,Female,North,61564.47,11,1021.23,8842.42,2023-07-25,Yes,auto-generated record
CUST102498,32.0,Male,North,55960.54,8,2613.4,14787.06,2022-05-18,No,auto-generated record
CUST102499,44.0,Female,South,76541.94,6,2584.55,14388.35,2024-05-11,No,auto-generated record
CUST102500,40.0,Female,Central,52087.49,9,1460.43,12671.09,2022-07-18,Yes,auto-generated record
CUST102501,53.0,Male,South,79129.92,11,1213.4,11180.35,2022-09-13,Yes,auto-generated record
CUST102502,40.0,Male,Central,72352.29,11,2040.46,20271.15,2022-09-28,No,auto-generated record
CUST102503,37.0,Male,East,41961.94,8,2958.8,19639.88,2022-01-14,No,auto-generated record
CUST102504,25.0,Female,East,68812.88,11,1130.5,11987.18,2023-04-29,Yes,auto-generated record
CUST102505,29.0,Male,West,50324.84,7,1910.59,12522.28,2023-11-22,Yes,auto-generated record
CUST102506,42.0,Female,North,65540.01,16,1982.16,32026.82,2022-04-10,Yes,auto-generated record
CUST102507,42.0,Male,South,52051.0,13,1938.22,25341.36,2022-05-16,No,auto-generated record
CUST102508,57.0,Female,Central,87249.32,18,1164.59,16067.57,2023-04-24,No,auto-generated record
CUST102509,31.0,Male,East,64437.13,10,3220.01,34799.63,2024-05-20,Yes,auto-generated record
CUST102510,46.0,Male,South,15000.0,9,1017.51,6916.96,2022-06-30,Yes,auto-generated record
CUST102511,37.0,Male,East,40737.86,10,2834.23,30762.63,2022-02-19,Yes,auto-generated record
CUST102512,18.0,Female,West,29424.74,8,1874.64,15021.66,2022-05-23,Yes,auto-generated record
CUST102513,25.0,Female,West,49101.38,5,,7357.05,2022-11-03,Yes,auto-generated record
CUST102514,41.0,Male,East,71120.76,11,1196.72,13956.64,2023-01-18,Yes,auto-generated record
CUST102515,34.0,Male,East,58045.96,8,825.57,6447.89,2024-01-04,No,auto-generated record
CUST102516,31.0,Male,South,24840.26,5,1444.52,7431.65,2023-10-10,Yes,auto-generated record
CUST102517,51.0,Female,East,23959.81,7,3473.78,25742.09,2022-11-06,No,auto-generated record
CUST102518,36.0,Female,Central,57333.86,10,2641.49,28919.75,2023-05-04,No,auto-generated record
CUST102519,42.0,Female,Central,53969.97,8,2013.2,13365.51,2022-03-30,Yes,auto-generated record
CUST102520,47.0,Female,North,75308.95,12,1309.76,14660.69,2022-11-16,No,auto-generated record
CUST102521,33.0,Other,South,66416.01,12,1899.43,23851.14,2023-11-07,No,auto-generated record
CUST102522,46.0,Female,South,64776.64,13,1730.71,24390.07,2023-03-20,No,auto-generated record
CUST102523,27.0,Female,South,79596.94,15,1487.34,16615.77,2024-04-07,No,auto-generated record
CUST102524,23.0,Female,South,59711.94,10,3097.3,26047.74,2023-02-09,Yes,auto-generated record
CUST102525,51.0,Female,South,74643.58,14,2021.32,20739.54,2022-12-21,No,auto-generated record
CUST102526,53.0,Male,East,54220.53,9,2226.66,14454.15,2023-03-28,Yes,auto-generated record
CUST102527,47.0,Female,South,67820.32,9,2226.66,21491.32,2023-09-10,No,auto-generated record
CUST102528,30.0,Male,West,86012.16,19,1313.6,23531.35,2023-09-30,Yes,auto-generated record
CUST102529,34.0,Female,North,36766.21,7,1443.99,9762.93,2023-09-01,No,auto-generated record
CUST102530,27.0,Female,Central,32304.65,6,2258.46,10459.83,2022-05-15,Yes,auto-generated record
CUST102531,27.0,Female,North,46304.97,6,157.6,1006.19,2022-09-09,No,auto-generated record
CUST102532,40.0,Female,Central,,12,2581.06,27600.42,2022-06-25,No,auto-generated record
CUST102533,33.0,Female,West,57469.68,13,1968.05,25004.63,2023-11-28,Yes,auto-generated record
CUST102534,52.0,Male,Central,48984.69,10,2748.79,28955.15,2023-05-06,No,auto-generated record
CUST102535,20.0,Other,South,63190.39,8,1387.68,11934.66,2023-06-30,No,auto-generated record
CUST102536,32.0,Male,South,55103.5,9,1506.68,14173.31,2023-10-18,No,auto-generated record
CUST102537,24.0,Female,East,53591.01,13,1182.8,12961.85,2023-07-11,No,auto-generated record
CUST102538,23.0,Female,North,29730.38,8,1703.33,14223.83,2024-05-19,No,auto-generated record
CUST102539,60.0,Male,South,31259.62,9,1471.84,12139.14,2022-10-16,Yes,auto-generated record
CUST102540,56.0,Male,East,71298.23,11,3003.09,26238.01,2022-12-19,No,auto-generated record
CUST102541,43.0,Male,North,49598.4,7,1602.13,11761.39,2022-06-16,Yes,auto-generated record
CUST102542,44.0,Male,West,72415.76,9,2399.92,15574.67,2024-06-15,No,auto-generated record
CUST102543,45.0,Male,East,96182.6,11,2871.88,24672.27,2023-01-15,Yes,auto-generated record
CUST102544,39.0,Male,East,73261.55,10,1545.61,11009.49,2024-03-13,Yes,auto-generated record
CUST102545,18.0,Female,West,30453.81,11,2184.18,22036.49,2022-08-11,Yes,auto-generated record
CUST102546,18.0,Male,Central,56792.79,13,1603.2,17690.54,2022-03-10,No,auto-generated record
CUST102547,45.0,Male,North,49623.63,11,2058.75,18474.61,2022-07-28,No,auto-generated record
CUST102548,18.0,Male,North,57617.71,10,1785.54,15302.85,2022-07-19,Yes,auto-generated record
CUST102549,54.0,Female,North,78909.47,12,1803.03,22674.45,2022-07-31,No,auto-generated record
CUST102550,47.0,Male,Central,55162.62,12,948.67,12216.69,2023-05-31,No,auto-generated record
CUST102551,42.0,Female,South,69472.09,8,2147.39,17404.6,2022-08-18,No,auto-generated record
CUST102552,42.0,Female,West,61890.53,15,587.57,8226.58,2023-07-09,No,auto-generated record
CUST102553,46.0,Male,North,69340.58,8,1018.19,8825.87,2022-01-25,Yes,auto-generated record
CUST102554,31.0,Male,Central,71163.75,10,1160.69,9255.18,2024-01-30,Yes,auto-generated record
CUST102555,59.0,Female,North,63487.91,6,1703.67,10839.37,2022-10-04,Yes,auto-generated record
CUST102556,35.0,Female,West,77530.61,11,2447.15,20648.33,2022-02-02,Yes,auto-generated record
CUST102557,27.0,Female,North,78046.07,11,2286.55,27120.77,2023-10-07,Yes,auto-generated record
CUST102558,59.0,Male,Central,48852.15,12,1646.95,17956.64,2023-03-15,Yes,auto-generated record
CUST102559,39.0,Male,South,55715.86,11,1721.8,13747.72,2022-08-20,Yes,auto-generated record
CUST102560,42.0,Male,East,58869.19,9,857.44,6776.24,2023-06-09,Yes,auto-generated record
CUST102561,52.0,,East,27829.83,12,2052.15,27009.22,2023-02-05,Yes,auto-generated record
CUST102562,64.0,Female,North,49768.73,12,1746.86,18799.9,2023-06-09,Yes,auto-generated record
CUST102563,37.0,Male,East,80665.47,14,2001.11,30218.8,2022-04-27,No,auto-generated record
CUST102564,39.0,Female,North,69030.58,11,2685.6,24410.44,2023-10-08,No,auto-generated record
CUST102565,22.0,Male,West,54684.18,10,1885.06,13623.96,2023-02-06,Yes,auto-generated record
CUST102566,38.0,Male,East,62014.64,11,100.0,1118.85,2022-02-22,Yes,auto-generated record
CUST102567,57.0,Female,South,81149.68,12,2401.03,27549.08,2022-10-10,No,auto-generated record
CUST102568,29.0,Male,South,34451.45,10,1886.07,19341.7,2024-03-03,Yes,auto-generated record
CUST102569,27.0,Female,South,81546.08,14,2622.66,29034.84,2024-03-29,Yes,auto-generated record
CUST102570,18.0,Male,North,42048.57,11,810.06,8350.35,2023-06-11,Yes,auto-generated record
CUST102571,23.0,Female,South,46916.64,11,1618.24,17501.23,2022-03-26,No,auto-generated record
CUST102572,22.0,Female,West,34827.57,15,1932.66,28344.78,2023-02-26,No,auto-generated record
CUST102573,38.0,Female,East,63769.48,14,2179.31,26701.71,2023-04-23,No,auto-generated record
CUST102574,41.0,Male,Central,43742.18,10,2601.14,18740.58,2022-08-05,Yes,auto-generated record
CUST102575,18.0,Female,West,50539.66,9,100.0,986.41,2023-01-24,Yes,auto-generated record
CUST102576,43.0,Female,Central,43436.97,10,2745.67,19918.36,2022-02-08,No,auto-generated record
CUST102577,53.0,Female,North,83076.27,13,1800.52,20997.53,2024-05-08,No,auto-generated record
CUST102578,48.0,Male,East,84241.04,11,2909.81,31612.95,2022-02-26,No,auto-generated record
CUST102579,29.0,Female,South,41630.94,9,2428.2,19873.46,2023-09-11,No,auto-generated record
CUST102580,48.0,Female,South,36750.95,5,1424.71,6887.79,2022-05-09,No,auto-generated record
CUST102581,32.0,Female,South,32988.51,5,2502.07,12264.45,2022-01-13,Yes,auto-generated record
CUST102582,25.0,Male,East,67857.28,11,1082.03,9838.76,2023-07-18,No,auto-generated record
CUST102583,21.0,Male,South,29153.8,8,1836.93,11554.41,2023-11-13,No,auto-generated record
CUST102584,20.0,Male,South,36442.0,4,1518.98,6587.05,2023-12-06,No,auto-generated record
CUST102585,34.0,Female,South,54944.69,8,2140.77,18256.45,2022-04-18,Yes,auto-generated record
CUST102586,45.0,Female,Central,86190.1,17,1292.77,18594.83,2023-10-01,No,auto-generated record
CUST102587,18.0,F,South,52701.93,10,1766.9,18539.78,2022-09-21,No,auto-generated record
CUST102588,18.0,Female,Central,46737.77,10,1320.89,14358.53,2023-09-02,No,auto-generated record
CUST102589,52.0,Female,Central,74053.63,11,1739.48,19289.65,2022-10-12,Yes,auto-generated record
CUST102590,27.0,Female,East,24120.08,9,2698.07,21505.44,2022-02-05,No,auto-generated record
CUST102591,64.0,Male,Central,46049.13,6,2038.42,9238.04,2023-03-20,Yes,auto-generated record
CUST102592,42.0,Female,Central,76187.4,12,3027.26,34554.22,2024-06-10,Yes,auto-generated record
CUST102593,21.0,Male,West,72258.3,15,2281.58,27598.45,2022-02-04,No,auto-generated record
CUST102594,49.0,Male,West,70991.31,15,810.94,10533.8,2024-02-23,No,auto-generated record
CUST102595,50.0,Male,South,68585.04,7,,15502.98,2022-08-31,No,auto-generated record
CUST102596,18.0,Male,North,,3,2034.72,5690.32,2024-01-04,No,auto-generated record
CUST102597,35.0,Male,North,52700.91,9,1428.97,10442.8,2023-05-24,No,auto-generated record
CUST102598,54.0,Male,North,94121.9,15,1911.8,30257.42,2023-06-26,Yes,auto-generated record
CUST102599,20.0,Male,East,34770.14,7,828.95,6348.0,2022-06-15,Yes,auto-generated record
CUST102600,43.0,Female,South,82046.04,10,1207.11,10102.21,2024-06-08,Yes,auto-generated record
CUST102601,42.0,Male,West,58256.51,15,2124.32,34496.64,2022-02-04,No,auto-generated record
CUST102602,61.0,Female,South,37000.05,13,1636.22,19976.63,2023-12-08,Yes,auto-generated record
CUST102603,53.0,Female,East,72359.79,11,2080.29,16476.08,2024-05-22,No,auto-generated record
CUST102604,33.0,Female,South,42105.71,13,2851.74,26213.47,2023-03-15,No,auto-generated record
CUST102605,21.0,Female,South,60043.58,8,1748.91,12474.64,2023-11-13,Yes,auto-generated record
CUST102606,34.0,Male,West,63171.99,11,1779.92,17239.14,2022-10-02,Yes,auto-generated record
CUST102607,39.0,Other,South,99641.97,13,1411.36,18689.86,2024-05-02,No,auto-generated record
CUST102608,38.0,Male,East,47340.03,17,2303.07,37657.58,2023-02-03,No,auto-generated record
CUST102609,33.0,Male,South,21197.24,4,236.76,709.98,2024-04-17,Yes,auto-generated record
CUST102610,27.0,Female,West,62060.27,10,612.96,5115.46,2024-05-21,No,auto-generated record
CUST102611,53.0,Female,North,74020.98,11,1552.28,14989.39,2022-02-11,No,auto-generated record
CUST102612,33.0,Male,North,52094.43,7,2388.92,17963.09,2024-04-17,Yes,auto-generated record
CUST102613,,Female,East,42035.69,4,1542.86,6068.37,2022-09-26,Yes,auto-generated record
CUST102614,40.0,Female,East,67441.33,11,1341.85,13398.61,2024-05-28,No,auto-generated record
CUST102615,39.0,Male,West,70720.5,7,1339.36,8159.52,2022-04-16,Yes,auto-generated record
CUST102616,38.0,Female,North,50579.22,13,1810.66,18470.46,2022-01-23,No,auto-generated record
CUST102617,52.0,Female,West,77139.32,12,2892.75,37926.46,2023-11-09,No,auto-generated record
CUST102618,26.0,Female,North,55428.36,7,1694.57,9824.62,2024-06-04,Yes,auto-generated record
CUST102619,41.0,Male,Central,57582.05,14,1977.56,27972.79,2022-12-09,No,auto-generated record
CUST102620,50.0,Male,Central,40208.35,12,992.72,11877.26,2022-05-21,Yes,auto-generated record
CUST102621,32.0,Male,West,44470.6,11,2110.62,19980.11,2022-02-21,No,auto-generated record
CUST102622,40.0,Male,South,70548.98,12,528.91,5711.59,2023-11-27,No,auto-generated record
CUST102623,46.0,Female,West,82825.61,15,2069.42,25401.71,2022-11-14,No,auto-generated record
CUST102624,44.0,Male,Central,80290.5,7,1473.16,10092.58,2022-02-04,No,auto-generated record
CUST102625,38.0,Female,West,56501.23,8,2013.27,16825.55,2023-01-22,No,auto-generated record
CUST102626,23.0,Female,West,50793.93,12,2221.17,20868.22,2023-05-07,Yes,auto-generated record
CUST102627,27.0,Other,North,39496.13,11,515.13,4239.92,2023-09-08,No,auto-generated record
CUST102628,38.0,Female,North,43959.33,6,2749.59,13749.82,2023-10-05,Yes,auto-generated record
CUST102629,34.0,Male,East,50402.71,14,1635.28,23081.73,2023-06-13,No,auto-generated record
CUST102630,34.0,Male,East,74055.17,8,807.45,5640.22,2022-12-21,No,auto-generated record
CUST102631,32.0,Female,East,77466.2,8,2250.51,13576.66,2024-01-02,Yes,auto-generated record
CUST102632,18.0,Female,North,58409.23,7,773.54,3829.12,2023-10-22,No,auto-generated record
CUST102633,45.0,Male,South,70241.9,15,2446.95,27941.95,2023-09-10,Yes,auto-generated record
CUST102634,26.0,Other,Central,37635.34,8,1787.69,15142.59,2024-02-19,No,auto-generated record
CUST102635,57.0,Female,South,60457.68,12,1709.37,19426.11,2024-04-29,No,auto-generated record
CUST102636,71.0,Male,Central,80378.9,5,2390.24,12846.44,2024-01-29,Yes,auto-generated record
CUST102637,47.0,Male,North,61789.87,16,2780.12,47009.52,2022-11-28,No,auto-generated record
CUST102638,44.0,Male,East,70201.32,10,505.91,5128.11,2023-10-05,Yes,auto-generated record
CUST102639,31.0,Female,East,32717.16,9,3292.79,30191.36,2023-03-10,No,auto-generated record
CUST102640,26.0,Male,West,81472.77,12,838.62,8095.73,2022-01-05,No,auto-generated record
CUST102641,33.0,Male,West,50945.45,11,889.32,7778.54,2022-01-03,Yes,auto-generated record
CUST102642,50.0,Female,West,50359.01,11,697.26,7321.11,2023-04-05,Yes,auto-generated record
CUST102643,38.0,Other,West,59880.84,8,949.27,7326.09,2022-03-11,No,auto-generated record
CUST102644,19.0,Male,North,15000.0,9,1524.67,11578.43,2024-04-22,No,auto-generated record
CUST102645,47.0,Female,North,54763.44,11,1508.59,13395.89,2023-12-16,Yes,auto-generated record
CUST102646,32.0,Female,North,91847.29,10,1415.71,10006.88,2023-12-05,No,auto-generated record
CUST102647,,Female,North,50632.07,5,1164.57,6250.74,2023-11-24,No,auto-generated record
CUST102648,38.0,Male,West,74865.61,9,2022.3,14540.86,2022-01-12,Yes,auto-generated record
CUST102649,29.0,Female,East,25242.39,6,2417.57,15411.55,2022-07-30,Yes,auto-generated record
CUST102650,33.0,Female,West,31293.27,11,2169.73,24184.23,2023-07-19,Yes,auto-generated record
CUST102651,47.0,Other,East,32211.44,9,2053.8,17897.14,2024-05-02,No,auto-generated record
CUST102652,31.0,,East,80414.4,9,1735.9,12840.32,2023-03-28,No,auto-generated record
CUST102653,54.0,Female,North,28916.15,7,2330.58,16979.48,2024-05-24,Yes,auto-generated record
CUST102654,29.0,Female,Central,60400.47,11,2838.18,22111.72,2024-04-11,No,auto-generated record
CUST102655,55.0,Female,West,48268.05,15,812.34,9956.82,2022-10-29,No,auto-generated record
CUST102656,22.0,Female,West,64787.04,10,1590.88,14924.32,2023-05-27,No,auto-generated record
CUST102657,25.0,Female,Central,34749.73,8,1460.9,9550.97,2022-05-10,No,auto-generated record
CUST102658,45.0,F,South,47789.6,8,1873.11,14777.91,2023-07-20,No,auto-generated record
CUST102659,56.0,Female,South,70044.49,9,826.45,5505.74,2023-01-24,No,auto-generated record
CUST102660,35.0,Female,East,25858.29,11,1791.72,18045.48,2024-01-31,No,auto-generated record
CUST102661,47.0,Male,South,24091.8,7,1254.73,9217.36,2023-02-15,No,auto-generated record
CUST102662,27.0,Male,East,90564.08,10,2457.8,25786.21,2024-03-29,No,auto-generated record
CUST102663,26.0,Male,East,55768.68,10,2229.99,16841.3,2022-05-30,No,auto-generated record
CUST102664,38.0,,East,66866.22,12,702.46,6852.71,2023-11-18,No,auto-generated record
CUST102665,63.0,Female,North,65553.24,7,1066.83,7082.4,2022-08-22,No,auto-generated record
CUST102666,35.0,Female,West,63546.92,9,3811.17,24719.45,2022-11-27,Yes,auto-generated record
CUST102667,19.0,Female,North,52451.65,13,1745.58,19107.68,2023-11-25,Yes,auto-generated record
CUST102668,18.0,Female,North,59308.75,8,1450.15,11732.59,2023-04-04,Yes,auto-generated record
CUST102669,37.0,Male,South,35443.07,10,1403.82,9986.98,2023-12-22,Yes,auto-generated record
CUST102670,45.0,Female,Central,15000.0,13,2794.43,31746.89,2023-04-10,Yes,auto-generated record
CUST102671,34.0,Female,South,44864.3,13,2542.36,30591.89,2024-01-21,Yes,auto-generated record
CUST102672,40.0,Male,Central,86470.49,10,1691.31,16439.36,2024-01-08,Yes,auto-generated record
CUST102673,29.0,Female,East,43643.16,16,2616.72,31442.22,2024-04-16,No,auto-generated record
CUST102674,53.0,Female,West,29618.58,8,985.18,7024.69,2022-09-28,Yes,auto-generated record
CUST102675,44.0,Female,South,87209.21,7,1918.96,10566.53,2024-01-01,Yes,auto-generated record
CUST102676,21.0,Male,Central,71603.18,10,799.72,7485.89,2022-11-24,No,auto-generated record
CUST102677,30.0,Female,West,45096.56,7,2577.63,15699.63,2022-06-11,No,auto-generated record
CUST102678,52.0,Male,North,75871.57,6,2100.78,8911.28,2024-03-12,Yes,auto-generated record
CUST102679,37.0,Female,West,67401.93,13,146.79,1652.42,2022-12-01,Yes,auto-generated record
CUST102680,18.0,Male,East,29645.06,10,1932.11,14805.84,2022-02-25,No,auto-generated record
CUST102681,33.0,Male,Central,78394.56,16,2410.31,30222.71,2023-02-08,Yes,auto-generated record
CUST102682,32.0,Male,West,67913.61,10,2446.99,21600.47,2022-04-05,No,auto-generated record
CUST102683,18.0,Female,Central,60377.22,12,1817.5,18904.75,2022-04-08,No,auto-generated record
CUST102684,43.0,Male,Central,79641.02,10,2253.83,21158.83,2022-10-16,No,auto-generated record
CUST102685,54.0,Female,West,28394.9,8,3405.23,25382.55,2022-04-13,Yes,auto-generated record
CUST102686,31.0,Female,West,54125.4,9,2120.42,20838.16,2022-08-14,No,auto-generated record
CUST102687,27.0,Female,North,82887.08,13,2320.0,23939.36,2023-11-11,Yes,auto-generated record
CUST102688,35.0,Male,West,80331.23,11,1801.85,19421.74,2022-06-17,Yes,auto-generated record
CUST102689,32.0,Male,West,30126.91,7,3003.83,22072.25,2023-07-28,Yes,auto-generated record
CUST102690,36.0,Male,Central,69115.11,14,1952.14,22292.82,2023-04-24,Yes,auto-generated record
CUST102691,43.0,Female,West,48119.86,11,,1054.69,2023-06-19,Yes,auto-generated record
CUST102692,18.0,Male,East,59183.47,16,1837.01,29588.93,2023-02-21,Yes,auto-generated record
CUST102693,33.0,Female,West,43133.9,11,2664.04,27889.97,2023-09-05,No,auto-generated record
CUST102694,59.0,Male,East,89326.61,14,2074.97,29168.03,2022-05-10,No,auto-generated record
CUST102695,35.0,Male,East,95381.7,11,1333.29,11660.97,2022-05-30,No,auto-generated record
CUST102696,38.0,Female,Central,77778.8,9,1803.32,16458.0,2024-03-29,Yes,auto-generated record
CUST102697,,Female,East,79190.09,12,1484.77,16051.64,2022-03-31,Yes,auto-generated record
CUST102698,27.0,Male,North,59317.58,14,1848.2,22870.36,2023-03-12,No,auto-generated record
CUST102699,20.0,Female,North,50477.84,14,752.54,9826.77,2022-05-18,No,auto-generated record
CUST102700,64.0,Female,South,93963.86,10,1951.01,14856.85,2022-09-19,No,auto-generated record
CUST102701,37.0,Female,East,74475.04,19,2476.11,36598.75,2022-01-19,No,auto-generated record
CUST102702,25.0,Female,East,60866.62,15,1992.64,23772.81,2022-08-02,No,auto-generated record
CUST102703,47.0,Male,North,50728.51,11,436.56,3788.64,2022-07-16,No,auto-generated record
CUST102704,32.0,Male,East,37627.55,10,690.3,5531.49,2023-03-11,No,auto-generated record
CUST102705,26.0,Male,Central,71536.34,12,1347.67,15333.94,2022-11-11,No,auto-generated record
CUST102706,31.0,Male,West,72901.58,10,2290.02,23412.7,2022-01-01,Yes,auto-generated record
CUST102707,21.0,Female,West,54662.6,8,1327.42,11163.37,2022-10-25,No,auto-generated record
CUST102708,25.0,Female,East,57359.44,8,1314.71,7652.17,2024-01-22,Yes,auto-generated record
CUST102709,48.0,Female,Central,36730.72,9,2470.22,21540.11,2024-02-29,Yes,auto-generated record
CUST102710,38.0,Male,North,46748.11,10,1329.66,12610.6,2023-05-07,Yes,auto-generated record
CUST102711,34.0,Male,West,40868.1,11,1337.58,13590.8,2022-06-25,Yes,auto-generated record
CUST102712,52.0,Male,West,73567.03,11,1838.66,16040.81,2023-01-04,Yes,auto-generated record
CUST102713,45.0,Female,South,58106.81,9,1380.38,8796.44,2022-11-07,Yes,auto-generated record
CUST102714,32.0,Male,East,57635.28,11,2905.32,23099.45,2022-10-31,No,auto-generated record
CUST102715,19.0,Male,North,40546.76,6,2217.17,10089.97,2022-09-04,Yes,auto-generated record
CUST102716,30.0,Female,North,58487.17,12,1839.26,22902.53,2024-01-11,Yes,auto-generated record
CUST102717,52.0,Female,South,33898.63,9,100.0,704.54,2023-10-20,Yes,auto-generated record
CUST102718,26.0,Female,South,87330.75,6,2832.57,12014.39,2023-09-24,Yes,auto-generated record
CUST102719,62.0,Female,East,67316.79,15,3375.14,48368.06,2022-01-11,No,auto-generated record
CUST102720,34.0,Male,South,67175.77,10,1526.8,12141.09,2022-06-21,No,auto-generated record
CUST102721,21.0,Female,Central,62303.27,9,1624.35,16011.56,2023-12-14,No,auto-generated record
CUST102722,31.0,,North,,9,2169.48,17598.7,2022-12-21,No,auto-generated record
CUST102723,54.0,Male,Central,88970.04,13,2481.2,33160.57,2022-10-14,No,auto-generated record
CUST102724,29.0,Female,East,59991.31,9,1689.02,12904.68,2023-04-19,Yes,auto-generated record
CUST102725,42.0,Male,South,58143.4,8,2124.35,18227.54,2023-05-18,Yes,auto-generated record
CUST102726,46.0,Female,Central,80483.77,12,1752.74,20177.49,2024-05-14,No,auto-generated record
CUST102727,30.0,Female,East,41063.62,9,1671.87,14122.91,2024-03-08,No,auto-generated record
CUST102728,49.0,Male,North,74747.77,11,1242.52,11258.03,2022-11-08,Yes,auto-generated record
CUST102729,54.0,Female,Central,96202.51,15,1767.8,28528.14,2023-06-26,No,auto-generated record
CUST102730,46.0,Female,South,53449.62,13,926.54,8712.53,2023-03-06,Yes,auto-generated record
CUST102731,18.0,Male,East,61833.44,11,1811.44,17598.99,2022-03-16,Yes,auto-generated record
CUST102732,41.0,Male,West,36903.75,7,876.71,4593.52,2022-04-21,Yes,auto-generated record
CUST102733,46.0,Female,West,66578.46,15,2766.96,45077.68,2022-07-08,No,auto-generated record
CUST102734,48.0,Female,West,67884.05,12,2059.16,20494.21,2022-01-06,Yes,auto-generated record
CUST102735,59.0,Female,Central,36798.34,8,1441.82,11672.91,2023-11-14,Yes,auto-generated record
CUST102736,41.0,Male,West,89846.29,7,,12747.85,2024-05-22,No,auto-generated record
CUST102737,38.0,Male,North,96530.58,12,1617.18,20520.5,2023-07-20,No,auto-generated record
CUST102738,18.0,Male,East,19971.32,6,1401.07,6750.26,2024-01-16,Yes,auto-generated record
CUST102739,23.0,Other,East,62925.87,9,2413.3,22032.25,2022-02-21,No,auto-generated record
CUST102740,50.0,Female,North,55882.21,10,1796.0,12784.71,2022-06-01,No,auto-generated record
CUST102741,23.0,Female,South,50711.28,10,1642.65,17361.92,2023-07-12,Yes,auto-generated record
CUST102742,34.0,Male,West,65909.77,11,1910.39,18580.95,2023-09-14,No,auto-generated record
CUST102743,18.0,Female,East,54760.94,10,1938.05,21042.89,2022-08-03,Yes,auto-generated record
CUST102744,34.0,Female,South,54879.91,7,1434.14,10039.78,2022-06-26,Yes,auto-generated record
CUST102745,22.0,Female,East,59985.61,11,1899.22,20799.82,2022-11-07,No,auto-generated record
CUST102746,43.0,Male,East,54129.23,12,791.78,8504.51,2022-02-23,No,auto-generated record
CUST102747,36.0,Male,West,62983.14,8,2227.54,12812.3,2022-11-23,Yes,auto-generated record
CUST102748,41.0,Female,Central,48425.63,8,,22780.98,2022-08-21,No,auto-generated record
CUST102749,19.0,Female,South,69809.4,13,2269.48,21751.32,2024-05-01,Yes,auto-generated record
CUST102750,34.0,Male,South,,13,2791.0,33846.01,2022-03-27,No,auto-generated record
CUST102751,47.0,Male,South,62819.08,12,400.86,5165.08,2023-07-26,Yes,auto-generated record
CUST102752,18.0,Female,Central,48166.2,11,3144.87,27253.34,2022-02-03,Yes,auto-generated record
CUST102753,30.0,Female,Central,81527.07,14,1135.54,14620.56,2024-06-03,Yes,auto-generated record
CUST102754,36.0,Male,South,23587.18,10,2365.36,18380.61,2024-06-14,No,auto-generated record
CUST102755,47.0,Male,Central,,10,2255.62,22524.99,2022-07-21,Yes,auto-generated record
CUST102756,44.0,Female,East,40858.26,8,641.4,3650.12,2022-05-05,Yes,auto-generated record
CUST102757,44.0,Male,Central,51268.98,7,1564.74,10231.14,2023-09-05,Yes,auto-generated record
CUST102758,41.0,Female,East,41198.22,7,2274.35,16747.43,2022-10-03,No,auto-generated record
CUST102759,46.0,Male,Central,56614.42,8,993.02,7484.24,2023-04-06,Yes,auto-generated record
CUST102760,35.0,Male,East,80320.31,12,2373.99,30979.47,2022-07-01,Yes,auto-generated record
CUST102761,36.0,Female,South,43407.82,11,,25623.7,2023-04-26,No,auto-generated record
CUST102762,23.0,Female,Central,50851.5,10,,16197.44,2022-08-18,No,auto-generated record
CUST102763,34.0,Male,South,78408.65,9,2978.22,27084.71,2022-02-01,No,auto-generated record
CUST102764,34.0,Male,West,67239.98,9,2377.48,22555.76,2023-12-08,No,auto-generated record
CUST102765,55.0,Female,East,77567.46,9,2909.84,28175.2,2022-12-05,No,auto-generated record
CUST102766,24.0,Female,South,52739.11,15,582.25,7928.73,2024-05-27,No,auto-generated record
CUST102767,40.0,Male,East,50418.75,10,3475.46,35318.64,2022-08-28,No,auto-generated record
CUST102768,34.0,Male,Central,49759.95,5,2909.55,11118.33,2023-08-20,No,auto-generated record
CUST102769,38.0,Female,South,,8,528.5,4425.39,2023-08-30,No,auto-generated record
CUST102770,50.0,Male,North,38989.61,15,3674.77,52961.39,2022-07-28,Yes,auto-generated record
CUST102771,36.0,Female,Central,16051.96,5,1731.66,7588.78,2023-08-29,Yes,auto-generated record
CUST102772,26.0,Female,North,45827.61,8,2329.21,18752.76,2024-05-12,No,auto-generated record
CUST102773,38.0,Male,South,62776.74,12,1672.47,20894.94,2022-09-13,No,auto-generated record
CUST102774,49.0,Male,East,51931.87,14,3242.41,44888.48,2022-06-07,No,auto-generated record
CUST102775,41.0,Female,West,79184.68,7,1316.93,6629.22,2023-02-12,No,auto-generated record
CUST102776,46.0,Male,Central,81918.58,14,1111.33,13111.51,2022-11-09,No,auto-generated record
CUST102777,21.0,Female,North,55086.44,14,2264.08,23357.16,2023-11-15,No,auto-generated record
CUST102778,48.0,Female,South,55674.37,19,2241.43,33308.73,2023-10-07,Yes,auto-generated record
CUST102779,31.0,Male,Central,64549.64,10,1554.18,15310.71,2022-03-08,Yes,auto-generated record
CUST102780,23.0,Female,East,44932.6,4,1304.38,4190.27,2024-03-19,Yes,auto-generated record
CUST102781,41.0,Male,Central,55606.25,15,2122.01,33873.02,2023-08-10,No,auto-generated record
CUST102782,20.0,Other,South,38088.14,7,914.94,6540.42,2023-08-17,No,auto-generated record
CUST102783,41.0,Female,South,47719.4,8,1818.1,11271.21,2023-11-21,Yes,auto-generated record
CUST102784,56.0,Female,Central,74395.02,10,2432.03,23368.09,2023-12-08,No,auto-generated record
CUST102785,31.0,Female,North,49097.76,10,2549.72,22756.47,2023-10-02,Yes,auto-generated record
CUST102786,27.0,Other,South,64212.59,11,2723.33,32020.79,2022-10-03,No,auto-generated record
CUST102787,51.0,Male,South,62556.36,7,1666.27,9471.32,2023-07-25,Yes,auto-generated record
CUST102788,45.0,Male,South,62090.42,11,2620.78,30192.96,2023-11-22,No,auto-generated record
CUST102789,48.0,Female,North,67630.47,12,1053.45,10455.35,2024-04-17,Yes,auto-generated record
CUST102790,18.0,Male,South,15000.0,13,2659.89,37881.16,2023-05-09,No,auto-generated record
CUST102791,27.0,Female,North,47747.1,14,2208.93,28699.19,2022-03-07,Yes,auto-generated record
CUST102792,60.0,Female,East,70555.05,8,2309.28,17326.71,2023-08-13,No,auto-generated record
CUST102793,28.0,Female,West,81683.32,13,1268.1,15013.79,2022-10-24,Yes,auto-generated record
CUST102794,32.0,Female,East,66366.06,14,2115.69,26919.31,2022-08-27,No,auto-generated record
CUST102795,39.0,Other,North,104707.46,11,1590.27,18176.35,2022-03-15,No,auto-generated record
CUST102796,40.0,Female,East,82736.06,12,2389.05,22471.2,2023-11-30,Yes,auto-generated record
CUST102797,,Male,West,60569.04,9,2122.47,16330.41,2022-12-31,No,auto-generated record
CUST102798,18.0,Female,North,29904.98,6,1893.77,10097.79,2024-01-04,No,auto-generated record
CUST102799,44.0,Female,East,55364.79,14,2488.71,31364.16,2023-12-13,No,auto-generated record
CUST102800,24.0,Male,Central,50743.6,14,2470.42,31841.74,2022-08-17,Yes,auto-generated record
CUST102801,49.0,Male,Central,63787.74,9,1563.69,13219.34,2022-09-16,No,auto-generated record
CUST102802,52.0,Male,East,69897.28,13,1570.17,22281.75,2022-10-26,Yes,auto-generated record
CUST102803,24.0,Female,South,30996.57,7,1562.66,12005.84,2022-03-08,No,auto-generated record
CUST102804,39.0,Female,North,68171.2,10,2481.12,19148.96,2024-06-01,Yes,auto-generated record
CUST102805,57.0,Male,North,,16,1752.47,27224.22,2022-08-26,Yes,auto-generated record
CUST102806,58.0,Male,South,52899.98,13,1103.6,12075.03,2022-03-18,Yes,auto-generated record
CUST102807,49.0,Male,East,39024.64,14,2185.19,21781.7,2024-03-15,No,auto-generated record
CUST102808,31.0,Male,East,60397.75,10,2437.54,23763.43,2023-03-31,No,auto-generated record
CUST102809,43.0,Male,North,50973.5,9,1452.56,13751.41,2022-12-28,Yes,auto-generated record
CUST102810,26.0,Male,East,15000.0,8,2227.87,18200.8,2023-03-30,No,auto-generated record
CUST102811,56.0,Female,East,65233.07,8,2387.09,18043.25,2023-11-04,No,auto-generated record
CUST102812,42.0,Other,West,56255.25,12,1904.19,20850.64,2023-08-23,No,auto-generated record
CUST102813,54.0,Male,Central,33651.57,9,845.85,6007.13,2022-02-11,No,auto-generated record
CUST102814,18.0,Male,Central,63845.31,13,2734.78,37125.7,2023-08-27,No,auto-generated record
CUST102815,31.0,Male,East,51390.56,5,2355.98,12087.99,2022-08-29,Yes,auto-generated record
CUST102816,31.0,Female,Central,63318.64,13,547.32,5910.9,2023-03-11,No,auto-generated record
CUST102817,33.0,Male,East,34765.1,11,1125.04,12721.54,2022-07-16,No,auto-generated record
CUST102818,23.0,Female,North,44238.21,8,2341.55,14440.35,2022-03-20,No,auto-generated record
CUST102819,43.0,Male,North,66462.37,8,1749.0,9901.79,2022-10-23,Yes,auto-generated record
CUST102820,27.0,Male,East,67001.71,7,2980.29,17109.45,2022-02-01,Yes,auto-generated record
CUST102821,60.0,Male,West,52490.21,13,1345.32,12787.61,2023-05-25,Yes,auto-generated record
CUST102822,33.0,Female,West,15000.0,6,1895.63,9381.46,2022-02-21,No,auto-generated record
CUST102823,32.0,Male,East,60369.18,8,1701.67,13220.08,2023-10-13,Yes,auto-generated record
CUST102824,29.0,Male,East,51597.5,9,973.85,7207.24,2022-02-01,No,auto-generated record
CUST102825,45.0,Female,West,85212.23,14,826.38,9398.3,2022-04-07,Yes,auto-generated record
CUST102826,,Female,West,41157.04,5,1256.33,4652.75,2023-12-22,No,auto-generated record
CUST102827,26.0,Male,North,62975.26,9,883.19,8019.6,2023-12-25,Yes,auto-generated record
CUST102828,18.0,Female,East,25781.33,14,2701.55,35598.67,2023-05-19,No,auto-generated record
CUST102829,33.0,Male,South,61964.58,11,1408.66,14938.39,2023-03-23,Yes,auto-generated record
CUST102830,27.0,Other,East,48372.07,13,971.59,9086.42,2022-08-22,No,auto-generated record
CUST102831,38.0,Female,South,62118.25,12,2144.28,24834.82,2024-01-11,No,auto-generated record
CUST102832,27.0,Male,North,53617.64,8,2064.95,16731.6,2022-10-02,Yes,auto-generated record
CUST102833,41.0,Male,West,55845.66,10,2694.5,20022.02,2023-03-19,Yes,auto-generated record
CUST102834,24.0,Female,East,81998.54,16,2142.26,25790.94,2024-05-06,Yes,auto-generated record
CUST102835,41.0,Female,Central,80088.94,14,1107.92,11439.73,2022-12-02,No,auto-generated record
CUST102836,35.0,Female,North,57382.68,11,1793.59,18594.95,2023-08-19,Yes,auto-generated record
CUST102837,49.0,Female,North,44858.46,11,1891.61,19156.14,2022-02-18,Yes,auto-generated record
CUST102838,36.0,Female,North,42866.39,13,2042.44,23368.72,2023-06-07,No,auto-generated record
CUST102839,45.0,Male,Central,79352.58,16,3210.89,46388.17,2023-04-21,No,auto-generated record
CUST102840,34.0,Male,East,57706.23,14,1778.01,24940.6,2023-06-06,No,auto-generated record
CUST102841,35.0,Female,West,44245.19,5,3211.83,12269.37,2023-05-31,Yes,auto-generated record
CUST102842,29.0,Female,North,43393.97,10,1386.21,10094.55,2022-07-23,No,auto-generated record
CUST102843,22.0,Male,West,77859.88,9,1801.75,13548.12,2023-02-19,Yes,auto-generated record
CUST102844,40.0,Male,North,60968.69,14,1151.18,15089.64,2023-09-12,No,auto-generated record
CUST102845,37.0,Female,Central,42108.12,11,1590.62,17159.02,2022-10-20,No,auto-generated record
CUST102846,56.0,Female,East,90732.11,9,1632.06,15617.77,2022-12-03,Yes,auto-generated record
CUST102847,43.0,Female,Central,66430.05,9,2886.49,21134.62,2022-04-12,Yes,auto-generated record
CUST102848,60.0,Male,East,39794.57,7,1463.89,10926.79,2023-10-12,No,auto-generated record
CUST102849,61.0,Female,East,42589.77,12,2157.59,23712.21,2022-07-10,No,auto-generated record
CUST102850,41.0,Female,North,64628.4,15,246.82,3005.08,2022-07-17,No,auto-generated record
CUST102851,26.0,Female,East,41225.01,8,2041.64,13433.83,2024-04-10,No,auto-generated record
CUST102852,35.0,Male,West,49350.11,5,327.95,1612.48,2024-04-14,Yes,auto-generated record
CUST102853,50.0,Female,East,94305.88,11,1056.32,9319.77,2022-08-22,No,auto-generated record
CUST102854,37.0,Female,West,93119.76,15,2809.21,29972.7,2023-11-12,Yes,auto-generated record
CUST102855,51.0,Male,Central,94566.49,16,1255.95,14234.6,2024-03-15,No,auto-generated record
CUST102856,33.0,Male,West,65318.19,9,2663.47,21324.42,2023-06-20,No,auto-generated record
CUST102857,39.0,Female,West,63470.06,15,1527.59,16234.57,2023-09-20,No,auto-generated record
CUST102858,49.0,Male,East,41319.52,5,2435.94,8551.27,2022-04-02,No,auto-generated record
CUST102859,46.0,Male,East,39642.84,12,1184.38,12908.23,2022-06-22,Yes,auto-generated record
CUST102860,42.0,Female,West,61507.73,16,1199.86,18554.32,2023-08-04,No,auto-generated record
CUST102861,41.0,Male,Central,62133.15,6,2151.95,13492.57,2024-05-27,No,auto-generated record
CUST102862,45.0,Other,West,77834.68,15,1612.14,19183.55,2023-01-30,No,auto-generated record
CUST102863,37.0,Male,North,73035.59,5,324.6,1270.06,2022-11-04,Yes,auto-generated record
CUST102864,50.0,Female,South,70756.31,16,1991.0,31989.81,2022-07-26,No,auto-generated record
CUST102865,31.0,Female,East,67704.14,9,1693.2,12474.7,2022-09-04,No,auto-generated record
CUST102866,74.0,Male,East,74062.0,5,2694.61,12859.19,2022-06-12,No,auto-generated record
CUST102867,41.0,F,Central,83173.81,12,2305.65,27497.51,2023-12-20,No,auto-generated record
CUST102868,28.0,Male,Central,35948.16,11,2145.48,18466.55,2022-10-20,No,auto-generated record
CUST102869,19.0,Male,Central,,11,1173.83,12344.26,2024-05-07,Yes,auto-generated record
CUST102870,27.0,Male,East,66118.12,8,1299.59,7869.41,2022-01-20,Yes,auto-generated record
CUST102871,43.0,Female,West,36031.36,4,1763.4,5123.66,2023-08-09,Yes,auto-generated record
CUST102872,32.0,Female,Central,61953.96,11,2755.58,22696.86,2023-09-20,Yes,auto-generated record
CUST102873,52.0,Female,North,93961.8,8,1385.56,9040.08,2024-03-01,Yes,auto-generated record
CUST102874,34.0,Male,South,46604.83,10,1741.03,16449.25,2022-01-22,No,auto-generated record
CUST102875,25.0,Female,North,64404.63,16,1643.6,28680.34,2024-02-12,No,auto-generated record
CUST102876,34.0,Female,East,56301.03,14,2258.28,27406.4,2022-07-18,No,auto-generated record
CUST102877,,Male,Central,83098.36,13,3364.96,31027.72,2024-04-18,Yes,auto-generated record
CUST102878,36.0,Male,North,62372.16,14,4123.21,63086.03,2022-11-02,No,auto-generated record
CUST102879,24.0,Male,North,,9,1424.95,12653.17,2022-04-09,Yes,auto-generated record
CUST102880,36.0,Female,North,66383.48,14,1462.41,20313.73,2023-11-14,Yes,auto-generated record
CUST102881,18.0,Male,West,61409.49,11,984.29,10320.68,2023-08-02,Yes,auto-generated record
CUST102882,40.0,Male,South,61349.06,13,1462.73,15613.16,2023-06-09,No,auto-generated record
CUST102883,36.0,Female,North,48278.39,12,2762.73,28792.13,2022-04-30,Yes,auto-generated record
CUST102884,36.0,Male,South,32847.3,8,2386.38,16472.42,2023-10-23,Yes,auto-generated record
CUST102885,28.0,Male,South,55069.96,9,1062.24,9527.2,2023-06-16,No,auto-generated record
CUST102886,37.0,Female,South,29315.65,11,1128.16,11617.34,2023-11-25,No,auto-generated record
CUST102887,40.0,Female,East,,7,2140.4,14228.79,2022-02-13,Yes,auto-generated record
CUST102888,18.0,Male,West,54108.16,13,1338.49,16795.29,2023-11-15,No,auto-generated record
CUST102889,50.0,Female,South,81649.0,12,1180.54,10660.36,2023-10-12,No,auto-generated record
CUST102890,36.0,Male,East,74166.68,10,1672.73,16285.47,2023-10-04,No,auto-generated record
CUST102891,44.0,Female,North,29010.07,9,1207.4,11802.56,2022-06-04,No,auto-generated record
CUST102892,56.0,Male,Central,81610.79,8,1529.92,11402.2,2022-03-29,Yes,auto-generated record
CUST102893,23.0,Male,North,16951.94,7,1508.94,7940.34,2023-10-14,No,auto-generated record
CUST102894,26.0,Male,East,58977.63,6,1616.86,8138.84,2022-12-07,Yes,auto-generated record
CUST102895,26.0,Male,Central,56915.15,12,1767.27,20636.8,2023-09-02,Yes,auto-generated record
CUST102896,38.0,Female,South,74627.14,14,1690.14,19177.18,2023-05-28,Yes,auto-generated record
CUST102897,26.0,Female,South,58266.18,5,1398.86,5131.67,2024-01-30,Yes,auto-generated record
CUST102898,,Female,West,74667.68,13,1096.76,10823.13,2023-12-05,No,auto-generated record
CUST102899,59.0,Male,East,54175.85,14,1997.8,28036.21,2022-07-09,No,auto-generated record
CUST102900,35.0,Male,South,55736.51,7,1293.78,9810.68,2022-07-14,No,auto-generated record
CUST102901,43.0,Female,East,75987.41,8,2546.63,17276.13,2022-07-10,No,auto-generated record
CUST102902,50.0,Female,Central,52831.35,12,3033.49,34297.45,2023-06-12,Yes,auto-generated record
CUST102903,56.0,Female,West,54381.15,13,1716.07,18367.93,2022-07-02,Yes,auto-generated record
CUST102904,21.0,Male,South,54934.45,19,1945.55,26783.24,2024-05-06,No,auto-generated record
CUST102905,43.0,Female,West,32510.67,10,2049.07,20648.82,2023-08-27,No,auto-generated record
CUST102906,47.0,Male,Central,57239.65,17,2187.63,26192.27,2024-01-04,No,auto-generated record
CUST102907,51.0,Female,North,44324.52,6,2527.85,16626.32,2023-04-07,Yes,auto-generated record
CUST102908,30.0,Other,West,82755.15,13,1352.13,19269.95,2022-02-24,No,auto-generated record
CUST102909,33.0,Female,East,79849.82,20,2628.67,57054.91,2023-08-25,No,auto-generated record
CUST102910,40.0,Female,West,72032.37,10,1060.93,8496.17,2022-08-27,Yes,auto-generated record
CUST102911,39.0,Female,North,,11,1002.26,10114.05,2022-12-28,Yes,auto-generated record
CUST102912,34.0,Male,South,61345.86,10,462.43,4959.26,2024-06-04,Yes,auto-generated record
CUST102913,31.0,Female,South,50111.99,11,2148.78,17700.01,2022-11-15,Yes,auto-generated record
CUST102914,37.0,Male,Central,64671.27,9,2200.02,17739.73,2023-05-24,Yes,auto-generated record
CUST102915,35.0,Male,South,63507.41,17,2262.71,36334.95,2023-09-29,Yes,auto-generated record
CUST102916,41.0,Female,South,54640.32,15,3177.13,36982.29,2022-06-18,Yes,auto-generated record
CUST102917,31.0,Female,West,63218.59,8,3142.51,26049.29,2022-08-06,No,auto-generated record
CUST102918,26.0,Male,North,33558.74,9,1809.5,16853.48,2024-01-21,No,auto-generated record
CUST102919,33.0,Female,South,,6,1427.03,8518.66,2023-05-24,Yes,auto-generated record
CUST102920,36.0,Female,East,63194.15,12,2306.71,24677.67,2023-09-17,Yes,auto-generated record
CUST102921,51.0,Female,South,40609.15,13,2615.81,25161.3,2023-03-11,Yes,auto-generated record
CUST102922,33.0,Male,East,77282.73,8,1461.03,10877.74,2022-04-01,No,auto-generated record
CUST102923,18.0,Female,East,60494.6,10,2238.84,23566.61,2023-09-30,No,auto-generated record
CUST102924,65.0,Other,North,56093.39,14,904.54,10013.78,2023-04-05,No,auto-generated record
CUST102925,53.0,Female,North,,11,2335.61,28260.82,2024-04-12,No,auto-generated record
CUST102926,45.0,Male,West,65217.69,14,285.2,3565.29,2023-06-11,Yes,auto-generated record
CUST102927,44.0,Male,South,90333.09,11,1189.44,12157.84,2023-12-07,No,auto-generated record
CUST102928,39.0,Female,North,55435.83,9,1665.34,15617.23,2023-04-14,No,auto-generated record
CUST102929,59.0,Male,North,55496.29,10,2177.83,16050.18,2022-02-23,Yes,auto-generated record
CUST102930,24.0,Other,South,62518.5,12,514.7,6120.83,2022-10-08,No,auto-generated record
CUST102931,47.0,Male,Central,43045.95,12,2034.97,26022.49,2023-05-19,No,auto-generated record
CUST102932,47.0,Male,North,80007.62,10,1687.19,15819.39,2023-10-23,No,auto-generated record
CUST102933,67.0,Other,Central,74253.34,12,2793.09,26395.09,2023-01-18,Yes,auto-generated record
CUST102934,37.0,Female,North,15000.0,7,3373.74,17067.85,2022-12-23,Yes,auto-generated record
CUST102935,57.0,Female,East,,9,1945.28,18188.16,2023-07-28,Yes,auto-generated record
CUST102936,44.0,Female,West,63975.48,8,1764.62,14984.33,2024-03-24,Yes,auto-generated record
CUST102937,26.0,Male,East,32908.66,14,1140.98,15375.49,2024-03-18,Yes,auto-generated record
CUST102938,25.0,Male,South,49116.57,11,815.02,7532.55,2022-12-10,Yes,auto-generated record
CUST102939,53.0,Male,South,57004.48,4,1617.4,5170.59,2023-04-17,No,auto-generated record
CUST102940,24.0,Male,East,18602.95,9,874.82,7865.05,2022-05-31,No,auto-generated record
CUST102941,35.0,Male,Central,62252.03,14,1557.04,23636.97,2022-10-19,Yes,auto-generated record
CUST102942,59.0,Male,South,63756.77,10,1240.69,11023.92,2023-02-26,Yes,auto-generated record
CUST102943,27.0,Male,South,42841.73,11,2556.26,20630.03,2024-04-07,Yes,auto-generated record
CUST102944,45.0,Male,South,53025.15,15,1796.48,27998.56,2023-12-15,Yes,auto-generated record
CUST102945,62.0,Male,Central,66352.25,12,1475.22,18207.57,2023-11-21,Yes,auto-generated record
CUST102946,57.0,Female,South,83577.46,5,1803.79,7961.72,2024-05-08,Yes,auto-generated record
CUST102947,48.0,Female,North,69535.97,9,2059.87,18116.83,2023-08-23,No,auto-generated record
CUST102948,30.0,Male,Central,51283.39,12,1391.76,17628.01,2022-02-13,No,auto-generated record
CUST102949,60.0,Male,North,58430.45,13,1620.46,15818.99,2024-03-25,Yes,auto-generated record
CUST102950,45.0,Male,Central,51479.22,7,1523.0,11304.98,2023-12-30,Yes,auto-generated record
CUST102951,39.0,Female,East,75836.07,11,2516.74,23573.73,2022-09-02,Yes,auto-generated record
CUST102952,25.0,Female,Central,60890.29,12,1702.62,18667.31,2022-07-06,Yes,auto-generated record
CUST102953,18.0,Female,South,43065.33,10,3110.24,27523.4,2024-03-23,Yes,auto-generated record
CUST102954,43.0,Male,Central,84080.42,10,3198.11,29805.95,2022-02-04,No,auto-generated record
CUST102955,33.0,Male,North,71350.64,10,1593.22,14414.72,2022-04-21,No,auto-generated record
CUST102956,18.0,Male,West,37415.67,11,1759.12,20940.53,2024-04-10,Yes,auto-generated record
CUST102957,49.0,Male,South,71257.15,9,1506.59,14415.95,2022-07-19,Yes,auto-generated record
CUST102958,41.0,Female,East,62899.76,9,2020.36,18966.82,2022-08-20,No,auto-generated record
CUST102959,31.0,Female,West,63292.02,13,2408.66,32652.34,2023-06-05,Yes,auto-generated record
CUST102960,33.0,Female,East,69903.32,13,2221.75,27019.28,2023-06-29,Yes,auto-generated record
CUST102961,45.0,Male,East,54680.49,6,1814.08,8897.45,2024-06-10,No,auto-generated record
CUST102962,45.0,Female,South,51419.66,7,2634.53,18324.75,2023-03-17,No,auto-generated record
CUST102963,28.0,Male,West,35832.86,12,1185.57,14831.45,2023-09-24,No,auto-generated record
CUST102964,50.0,Male,East,67530.75,15,2342.8,33666.88,2022-06-26,No,auto-generated record
CUST102965,36.0,Female,South,56521.52,14,2877.63,32489.59,2024-02-27,Yes,auto-generated record
CUST102966,26.0,Female,South,23807.62,13,1758.86,16845.97,2023-03-07,No,auto-generated record
CUST102967,37.0,Female,West,58904.02,13,1166.95,10655.21,2023-08-19,No,auto-generated record
CUST102968,39.0,Female,North,65856.98,10,580.05,4520.32,2023-01-05,No,auto-generated record
CUST102969,53.0,Male,South,66104.66,10,1535.85,14675.54,2022-06-27,Yes,auto-generated record
CUST102970,47.0,Other,West,56152.48,7,1354.53,7049.78,2022-03-08,Yes,auto-generated record
CUST102971,18.0,Male,East,65740.67,10,2226.55,19879.41,2022-07-09,No,auto-generated record
CUST102972,24.0,Female,South,44324.2,14,1704.15,26040.18,2023-01-23,No,auto-generated record
CUST102973,48.0,Female,North,34843.62,4,2331.0,7710.53,2024-04-19,No,auto-generated record
CUST102974,42.0,Female,North,86732.67,11,1860.45,16589.94,2023-03-17,Yes,auto-generated record
CUST102975,27.0,Male,South,29442.38,16,2352.65,27041.72,2022-11-05,Yes,auto-generated record
CUST102976,32.0,Female,West,62005.19,7,1646.96,9200.47,2024-03-07,No,auto-generated record
CUST102977,58.0,Male,South,96353.1,11,1120.19,9287.9,2023-04-23,Yes,auto-generated record
CUST102978,18.0,Male,Central,44168.38,9,1591.83,11498.27,2024-05-09,No,auto-generated record
CUST102979,53.0,Male,East,84988.56,14,1994.83,20269.54,2022-12-21,No,auto-generated record
CUST102980,51.0,Male,East,58717.73,13,2061.51,23279.25,2022-09-11,Yes,auto-generated record
CUST102981,31.0,Female,West,51972.29,11,2301.71,24493.63,2023-09-24,No,auto-generated record
CUST102982,35.0,Female,South,,3,1040.48,2844.2,2022-02-03,Yes,auto-generated record
CUST102983,43.0,Female,Central,72088.86,9,3141.5,23875.98,2024-03-12,Yes,auto-generated record
CUST102984,39.0,Male,South,47728.6,11,1833.33,22152.21,2024-04-21,Yes,auto-generated record
CUST102985,44.0,Female,North,74205.17,8,1857.63,11058.07,2023-05-19,No,auto-generated record
CUST102986,,Female,Central,47613.24,6,1597.0,8632.42,2023-04-02,Yes,auto-generated record
CUST102987,31.0,Female,East,59008.83,8,1132.19,9477.19,2023-02-02,Yes,auto-generated record
CUST102988,38.0,Male,Central,61523.44,12,3269.95,31344.54,2023-10-04,No,auto-generated record
CUST102989,44.0,Female,North,84530.27,16,1684.94,25290.96,2022-09-25,No,auto-generated record
CUST102990,33.0,Male,North,72181.6,13,717.32,10146.03,2023-01-08,Yes,auto-generated record
CUST102991,38.0,Female,East,38060.21,6,1527.44,6983.04,2022-03-21,Yes,auto-generated record
CUST102992,56.0,Female,Central,81039.12,8,2198.82,18292.8,2023-11-28,Yes,auto-generated record
CUST102993,18.0,Female,North,50704.23,13,898.02,11342.08,2023-11-08,Yes,auto-generated record
CUST102994,42.0,Female,East,47719.0,8,1686.24,10868.64,2023-05-24,No,auto-generated record
CUST102995,32.0,Male,West,48781.27,11,1526.09,17554.07,2023-11-30,No,auto-generated record
CUST102996,25.0,Female,South,72168.83,11,761.96,6753.27,2022-07-06,Yes,auto-generated record
CUST102997,36.0,Male,East,29542.63,10,1880.26,18342.38,2022-03-10,No,auto-generated record
CUST102998,43.0,Female,Central,51463.14,5,947.2,3933.73,2022-01-09,Yes,auto-generated record
CUST102999,48.0,Male,East,42129.96,10,1034.7,8673.38,2023-09-14,Yes,auto-generated record
CUST101957,44.0,Female,South,54617.78,9,1981.94,18540.81,2023-06-15,No,auto-generated record
CUST102087,50.0,Male,West,61978.98,8,1183.15,10016.59,2024-01-10,No,auto-generated record
CUST101394,33.0,Male,West,55550.11,9,1310.08,9434.14,2023-10-02,Yes,auto-generated record
CUST101520,54.0,Female,South,55286.46,7,1719.69,9378.85,2024-04-16,Yes,auto-generated record
CUST101098,39.0,Female,East,52739.82,12,1142.01,12343.73,2023-12-23,No,auto-generated record
CUST100393,40.0,Female,West,96734.28,9,634.48,4845.49,2024-02-15,No,auto-generated record
CUST100028,55.0,Female,West,59873.09,11,1055.59,12660.01,2022-10-15,No,auto-generated record
CUST100099,24.0,Female,West,63072.28,13,1202.98,13873.92,2023-08-28,No,auto-generated record
CUST100351,41.0,Male,North,56418.43,9,908.31,5782.88,2023-01-11,No,auto-generated record
CUST102020,38.0,,North,47183.03,5,1345.21,5658.11,2024-02-23,Yes,auto-generated record
CUST101352,26.0,Other,South,47905.05,10,1279.5,13515.53,2023-06-09,No,auto-generated record
CUST101144,55.0,Male,North,71670.64,8,2369.11,15557.59,2023-12-11,Yes,auto-generated record
CUST102855,51.0,Male,Central,94566.49,16,1255.95,14234.6,2024-03-15,No,auto-generated record
CUST101225,60.0,Female,West,75246.54,11,2530.98,30529.04,2023-04-27,No,auto-generated record
CUST100297,44.0,Male,North,64235.11,9,1901.36,18193.11,2023-11-22,No,auto-generated record
CUST101785,34.0,Female,Central,63853.5,5,1279.79,5613.9,2023-02-19,Yes,auto-generated record
CUST100126,22.0,Female,East,57449.44,8,2765.15,16853.35,2023-06-13,Yes,auto-generated record
CUST102757,44.0,Male,Central,51268.98,7,1564.74,10231.14,2023-09-05,Yes,auto-generated record
CUST101596,29.0,Female,South,22641.78,10,2038.88,18878.2,2023-04-08,No,auto-generated record
CUST102027,22.0,Male,North,53072.67,9,1907.11,12566.18,2022-03-19,No,auto-generated record
CUST102996,25.0,Female,South,72168.83,11,761.96,6753.27,2022-07-06,Yes,auto-generated record
CUST100681,24.0,Male,North,,9,1229.58,9653.16,2023-04-19,Yes,auto-generated record
CUST100045,36.0,Female,West,49582.82,6,1961.73,12679.49,2023-06-11,No,auto-generated record
CUST101436,18.0,Male,East,,9,1178.79,10372.03,2022-11-30,No,auto-generated record
CUST102747,36.0,Male,West,62983.14,8,2227.54,12812.3,2022-11-23,Yes,auto-generated record
