transaction_id,customer_id,purchase_date,amount,quantity,product_category,payment_method,discount_applied,source,age,location,customer_segment,registration_date,category_name,avg_price,inventory,last_updated,total_spending,spending_quartile,is_high_value,year,month,quarter,day_of_week,is_weekend,is_holiday_season,first_purchase_date,last_purchase_date,customer_age_days,recency_days,purchase_frequency,frequency_category,category_beauty,category_books,category_clothing,category_electronics,category_groceries,category_home  garden,category_sports,category_toys,rfm_recency,rfm_frequency,rfm_monetary
1.0,CUST_00092,2025-10-14 05:22:02.990913,42.46,3.0,electronics,Wallet,False,transactions,,,,,,,,,1025.5700000000002,Q1,0,2025,10,4,Tuesday,0,0,2025-08-12 05:22:02.996074,2026-08-02 05:22:03.001766,62,4,9,Regular,False,False,False,True,False,False,False,False,4,9,1025.5700000000002
2.0,CUST_00403,2026-02-28 05:22:02.991016,79.79,4.0,clothing,Debit Card,False,transactions,,,,,,,,,253.47000000000003,Q2,0,2026,2,1,Saturday,1,0,2025-12-06 05:22:02.999814,2026-02-28 05:22:02.991016,83,160,2,Occasional,False,False,True,False,False,False,False,False,160,2,253.47000000000003
3.0,CUST_00363,2025-12-27 05:22:02.991030,170.94,1.0,sports,Credit Card,True,transactions,,,,,,,,,707.75,Q4,1,2025,12,4,Saturday,1,1,2025-12-02 05:22:03.003136,2026-06-25 05:22:02.992150,24,43,6,Regular,False,False,False,False,False,False,True,False,43,6,707.75
4.0,CUST_00472,2026-02-19 05:22:02.991040,133.24,5.0,beauty,Credit Card,True,transactions,,,,,,,,,1449.15,Q3,0,2026,2,1,Thursday,0,0,2025-08-28 05:22:02.994535,2026-04-25 05:22:02.993473,174,104,10,Regular,True,False,False,False,False,False,False,False,104,10,1449.15
5.0,CUST_00154,2025-11-21 05:22:02.991047,53.29,3.0,groceries,PayPal,False,transactions,,,,,,,,,632.98,Q1,0,2025,11,4,Friday,0,1,2025-09-14 05:22:02.991724,2026-03-25 05:22:03.002540,67,134,6,Regular,False,False,False,False,True,False,False,False,134,6,632.98
6.0,CUST_00099,2026-01-04 05:22:02.991054,93.12,4.0,home  garden,PayPal,False,transactions,,,,,,,,,403.45,Q3,0,2026,1,1,Sunday,1,0,2025-08-24 05:22:02.998773,2026-04-03 05:22:02.992614,132,126,6,Regular,False,False,False,False,False,True,False,False,126,6,403.45
7.0,CUST_00427,2026-08-07 05:22:02.991061,62.1,3.0,books,PayPal,False,transactions,,,,,,,,,231.51999999999998,Q2,0,2026,8,3,Friday,0,0,2025-11-22 05:22:03.000766,2026-08-07 05:22:02.991061,257,0,4,Occasional,False,True,False,False,False,False,False,False,0,4,231.51999999999998
8.0,CUST_00227,2025-08-27 05:22:02.991067,115.3,2.0,toys,Debit Card,False,transactions,,,,,,,,,785.0,Q3,0,2025,8,3,Wednesday,0,0,2025-08-27 05:22:02.991067,2026-05-25 05:22:02.997848,0,74,7,Regular,False,False,False,False,False,False,False,True,74,7,785.0
9.0,CUST_00146,2025-11-17 05:22:02.991074,167.09,5.0,beauty,Debit Card,False,transactions,,,,,,,,,607.22,Q4,1,2025,11,4,Monday,0,1,2025-08-31 05:22:02.997915,2026-06-01 05:22:03.000372,77,67,5,Occasional,True,False,False,False,False,False,False,False,67,5,607.22
10.0,CUST_00116,2026-04-28 05:22:02.991079,47.07,2.0,,Wallet,False,transactions,,,,,,,,,273.93,Q1,0,2026,4,2,Tuesday,0,0,2025-08-26 05:22:02.991773,2026-04-28 05:22:02.991079,244,101,4,Occasional,False,False,False,False,False,False,False,False,101,4,273.93
11.0,CUST_00394,2026-07-01 05:22:02.991085,80.17,4.0,groceries,Debit Card,True,transactions,,,,,,,,,602.33,Q2,0,2026,7,3,Wednesday,0,0,2026-02-21 05:22:03.002731,2026-08-04 05:22:02.997832,129,3,6,Regular,False,False,False,False,True,False,False,False,3,6,602.33
12.0,CUST_00197,2025-11-27 05:22:02.991091,69.12,4.0,sports,Credit Card,True,transactions,,,,,,,,,587.45,Q2,0,2025,11,4,Thursday,0,1,2025-08-21 05:22:03.002043,2026-06-24 05:22:02.999609,97,44,4,Occasional,False,False,False,False,False,False,True,False,44,4,587.45
13.0,CUST_00441,2026-06-14 05:22:02.991097,226.95,4.0,sports,Wallet,False,transactions,,,,,,,,,726.8,Q4,1,2026,6,2,Sunday,1,0,2025-10-20 05:22:02.993452,2026-06-14 05:22:02.991097,236,54,6,Regular,False,False,False,False,False,False,True,False,54,6,726.8
14.0,CUST_00128,2026-06-06 05:22:02.991103,79.64,4.0,home  garden,PayPal,True,transactions,,,,,,,,,639.78,Q2,0,2026,6,2,Saturday,1,0,2026-04-14 05:22:02.994243,2026-08-01 05:22:03.001464,52,6,4,Occasional,False,False,False,False,False,True,False,False,6,4,639.78
15.0,CUST_00457,2025-12-24 05:22:02.991109,198.11,5.0,groceries,Wallet,True,transactions,,,,,,,,,802.2,Q4,1,2025,12,4,Wednesday,0,1,2025-08-29 05:22:02.998146,2026-05-04 05:22:03.002915,116,94,5,Occasional,False,False,False,False,True,False,False,False,94,5,802.2
16.0,CUST_00381,2025-12-07 05:22:02.991114,133.36,4.0,books,PayPal,True,transactions,,,,,,,,,352.27,Q3,0,2025,12,4,Sunday,1,1,2025-10-19 05:22:02.995793,2026-06-28 05:22:03.002121,48,39,4,Occasional,False,True,False,False,False,False,False,False,39,4,352.27
17.0,CUST_00267,2025-12-02 05:22:02.991120,102.21,2.0,books,PayPal,False,transactions,,,,,,,,,758.0699999999999,Q3,0,2025,12,4,Tuesday,0,1,2025-09-11 05:22:02.996773,2026-06-04 05:22:03.001316,81,64,6,Regular,False,True,False,False,False,False,False,False,64,6,758.0699999999999
18.0,CUST_00172,2026-02-25 05:22:02.991126,90.16,5.0,clothing,Debit Card,False,transactions,,,,,,,,,614.76,Q2,0,2026,2,1,Wednesday,0,0,2025-12-13 05:22:03.002290,2026-07-10 05:22:02.996700,73,28,5,Occasional,False,False,True,False,False,False,False,False,28,5,614.76
19.0,CUST_00079,2025-08-11 05:22:02.991131,39.96,2.0,clothing,PayPal,False,transactions,,,,,,,,,751.87,Q1,0,2025,8,3,Monday,0,0,2025-08-11 05:22:02.991131,2026-07-16 05:22:02.999626,0,22,8,Regular,False,False,True,False,False,False,False,False,22,8,751.87
20.0,CUST_00213,2026-07-07 05:22:02.991137,113.01,2.0,groceries,Credit Card,True,transactions,,,,,,,,,309.11,Q3,0,2026,7,3,Tuesday,0,0,2025-12-24 05:22:02.996877,2026-07-07 05:22:02.991137,194,31,3,Occasional,False,False,False,False,True,False,False,False,31,3,309.11
21.0,CUST_00392,2025-10-17 05:22:02.991142,76.5,4.0,,PayPal,False,transactions,,,,,,,,,705.46,Q2,0,2025,10,4,Friday,0,0,2025-10-17 05:22:02.991142,2026-05-31 05:22:03.003244,0,67,7,Regular,False,False,False,False,False,False,False,False,67,7,705.46
22.0,CUST_00200,2026-01-05 05:22:02.991148,119.93,5.0,sports,PayPal,False,transactions,,,,,,,,,358.39,Q3,0,2026,1,1,Monday,0,0,2025-08-20 05:22:03.002630,2026-04-13 05:22:03.003430,137,115,4,Occasional,False,False,False,False,False,False,True,False,115,4,358.39
23.0,CUST_00015,2026-01-20 05:22:02.991153,42.31,3.0,groceries,Wallet,True,transactions,,,,,,,,,177.9,Q1,0,2026,1,1,Tuesday,0,0,2026-01-20 05:22:02.991153,2026-04-04 05:22:02.997278,0,125,3,Occasional,False,False,False,False,True,False,False,False,125,3,177.9
24.0,CUST_00319,2025-11-07 05:22:02.991159,42.41,1.0,groceries,Credit Card,False,transactions,,,,,,,,,471.9,Q1,0,2025,11,4,Friday,0,1,2025-08-30 05:22:03.003435,2026-06-13 05:22:03.000314,68,55,5,Occasional,False,False,False,False,True,False,False,False,55,5,471.9
25.0,CUST_00220,2026-05-30 05:22:02.991164,23.14,4.0,home  garden,Wallet,False,transactions,,,,,,,,,919.2,Q1,0,2026,5,2,Saturday,1,0,2026-01-20 05:22:02.993206,2026-05-30 05:22:02.991164,129,69,7,Regular,False,False,False,False,False,True,False,False,69,7,919.2
26.0,CUST_00233,2026-02-21 05:22:02.991169,51.75,3.0,groceries,Wallet,False,transactions,,,,,,,,,287.99,Q1,0,2026,2,1,Saturday,1,0,2025-10-01 05:22:02.992728,2026-07-02 05:22:02.991491,142,36,4,Occasional,False,False,False,False,True,False,False,False,36,4,287.99
27.0,CUST_00042,2025-12-10 05:22:02.991175,88.54,1.0,electronics,PayPal,False,transactions,,,,,,,,,294.77,Q2,0,2025,12,4,Wednesday,0,1,2025-12-10 05:22:02.991175,2026-02-24 05:22:02.991921,0,164,3,Occasional,False,False,False,True,False,False,False,False,164,3,294.77
28.0,CUST_00036,2025-09-08 05:22:02.991181,75.0,1.0,electronics,Debit Card,True,transactions,,,,,,,,,340.03,Q2,0,2025,9,3,Monday,0,0,2025-09-08 05:22:02.991181,2026-03-20 05:22:03.000073,0,140,3,Occasional,False,False,False,True,False,False,False,False,140,3,340.03
29.0,CUST_00319,2026-05-21 05:22:02.991187,57.63,2.0,home  garden,Credit Card,False,transactions,,,,,,,,,471.9,Q1,0,2026,5,2,Thursday,0,0,2025-08-30 05:22:03.003435,2026-06-13 05:22:03.000314,263,55,5,Occasional,False,False,False,False,False,True,False,False,55,5,471.9
30.0,CUST_00112,2025-12-12 05:22:02.991192,143.94,3.0,beauty,Credit Card,True,transactions,,,,,,,,,396.09000000000003,Q4,1,2025,12,4,Friday,0,1,2025-10-08 05:22:02.999661,2026-05-26 05:22:02.997322,64,73,4,Occasional,True,False,False,False,False,False,False,False,73,4,396.09000000000003
31.0,CUST_00084,2026-03-01 05:22:02.991198,177.02,1.0,electronics,Wallet,False,transactions,,,,,,,,,305.47,Q4,1,2026,3,1,Sunday,1,0,2025-09-11 05:22:02.995273,2026-03-01 05:22:02.991198,170,159,3,Occasional,False,False,False,True,False,False,False,False,159,3,305.47
32.0,CUST_00367,2026-04-28 05:22:02.991203,206.79,1.0,sports,PayPal,True,transactions,,,,,,,,,817.11,Q4,1,2026,4,2,Tuesday,0,0,2025-11-19 05:22:03.002354,2026-07-24 05:22:02.999103,159,14,8,Regular,False,False,False,False,False,False,True,False,14,8,817.11
33.0,CUST_00308,2026-06-07 05:22:02.991209,146.19,5.0,electronics,Wallet,False,transactions,,,,,,,,,365.07,Q4,1,2026,6,2,Sunday,1,0,2025-12-24 05:22:02.995478,2026-06-07 05:22:02.991209,164,61,4,Occasional,False,False,False,True,False,False,False,False,61,4,365.07
34.0,CUST_00036,2025-11-21 05:22:02.991214,214.95,3.0,electronics,Wallet,False,transactions,,,,,,,,,340.03,Q4,1,2025,11,4,Friday,0,1,2025-09-08 05:22:02.991181,2026-03-20 05:22:03.000073,74,140,3,Occasional,False,False,False,True,False,False,False,False,140,3,340.03
35.0,CUST_00492,2026-02-03 05:22:02.991220,178.93,4.0,home  garden,PayPal,False,transactions,,,,,,,,,877.08,Q4,1,2026,2,1,Tuesday,0,0,2025-09-12 05:22:02.999432,2026-05-13 05:22:03.003141,143,85,8,Regular,False,False,False,False,False,True,False,False,85,8,877.08
36.0,CUST_00471,2025-11-05 05:22:02.991225,100.19,4.0,toys,PayPal,False,transactions,,,,,,,,,359.9,Q3,0,2025,11,4,Wednesday,0,1,2025-09-25 05:22:02.996467,2026-07-17 05:22:02.992998,40,21,5,Occasional,False,False,False,False,False,False,False,True,21,5,359.9
37.0,CUST_00126,2026-06-24 05:22:02.991231,63.38,3.0,toys,Wallet,False,transactions,,,,,,,,,83.55000000000001,Q2,0,2026,6,2,Wednesday,0,0,2026-06-24 05:22:02.991231,2026-06-29 05:22:02.999873,0,39,2,Occasional,False,False,False,False,False,False,False,True,39,2,83.55000000000001
38.0,CUST_00343,2026-01-25 05:22:02.991236,20.16,3.0,electronics,PayPal,False,transactions,,,,,,,,,1101.07,Q1,0,2026,1,1,Sunday,1,0,2025-11-09 05:22:02.992646,2026-07-29 05:22:02.995660,76,9,9,Regular,False,False,False,True,False,False,False,False,9,9,1101.07
39.0,CUST_00109,2026-02-07 05:22:02.991242,76.56,3.0,beauty,PayPal,False,transactions,,,,,,,,,338.52,Q2,0,2026,2,1,Saturday,1,0,2025-09-07 05:22:02.996457,2026-07-27 05:22:03.000068,152,11,5,Occasional,True,False,False,False,False,False,False,False,11,5,338.52
40.0,CUST_00265,2026-05-02 05:22:02.991247,81.5,1.0,sports,Wallet,False,transactions,,,,,,,,,872.91,Q2,0,2026,5,2,Saturday,1,0,2025-09-04 05:22:03.001891,2026-05-26 05:22:03.000751,239,73,7,Regular,False,False,False,False,False,False,True,False,73,7,872.91
41.0,CUST_00124,2025-08-19 05:22:02.991252,83.78,4.0,toys,Credit Card,False,transactions,,,,,,,,,329.86,Q2,0,2025,8,3,Tuesday,0,0,2025-08-19 05:22:02.991252,2026-07-30 05:22:03.000475,0,8,3,Occasional,False,False,False,False,False,False,False,True,8,3,329.86
42.0,CUST_00114,2026-01-12 05:22:02.991258,215.16,2.0,books,PayPal,False,transactions,,,,,,,,,837.96,Q4,1,2026,1,1,Monday,0,0,2025-09-26 05:22:02.994732,2026-07-06 05:22:03.002152,107,31,6,Regular,False,True,False,False,False,False,False,False,31,6,837.96
43.0,CUST_00272,2026-02-12 05:22:02.991263,166.19,4.0,beauty,Wallet,False,transactions,,,,,,,,,308.94,Q4,1,2026,2,1,Thursday,0,0,2026-02-12 05:22:02.991263,2026-06-20 05:22:02.996574,0,48,3,Occasional,True,False,False,False,False,False,False,False,48,3,308.94
44.0,CUST_00129,2026-04-11 05:22:02.991269,13.48,1.0,sports,Debit Card,False,transactions,,,,,,,,,13.48,Q1,0,2026,4,2,Saturday,1,0,2026-04-11 05:22:02.991269,2026-04-11 05:22:02.991269,0,118,1,One-time,False,False,False,False,False,False,True,False,118,1,13.48
45.0,CUST_00379,2025-12-03 05:22:02.991275,208.36,3.0,books,Debit Card,False,transactions,,,,,,,,,372.47,Q4,1,2025,12,4,Wednesday,0,1,2025-12-03 05:22:02.991275,2026-06-18 05:22:02.991464,0,50,4,Occasional,False,True,False,False,False,False,False,False,50,4,372.47
46.0,CUST_00185,2026-05-08 05:22:02.991281,105.18,3.0,electronics,Debit Card,False,transactions,,,,,,,,,556.77,Q3,0,2026,5,2,Friday,0,0,2025-09-22 05:22:02.999980,2026-05-08 05:22:02.991281,227,91,5,Occasional,False,False,False,True,False,False,False,False,91,5,556.77
47.0,CUST_00499,2026-07-11 05:22:02.991286,218.94,5.0,books,Debit Card,False,transactions,,,,,,,,,498.2,Q4,1,2026,7,3,Saturday,1,0,2025-08-18 05:22:02.997455,2026-07-11 05:22:02.991286,326,27,4,Occasional,False,True,False,False,False,False,False,False,27,4,498.2
48.0,CUST_00386,2025-11-29 05:22:02.991291,149.85,1.0,electronics,Wallet,False,transactions,,,,,,,,,860.97,Q4,1,2025,11,4,Saturday,1,1,2025-08-10 05:22:02.998125,2026-06-14 05:22:03.001297,110,54,7,Regular,False,False,False,True,False,False,False,False,54,7,860.97
49.0,CUST_00175,2026-05-05 05:22:02.991296,110.99,1.0,books,Wallet,False,transactions,,,,,,,,,147.57999999999998,Q3,0,2026,5,2,Tuesday,0,0,2026-01-17 05:22:02.995960,2026-05-05 05:22:02.991296,107,94,2,Occasional,False,True,False,False,False,False,False,False,94,2,147.57999999999998
50.0,CUST_00034,2026-01-14 05:22:02.991379,92.06,4.0,clothing,Credit Card,False,transactions,,,,,,,,,92.06,Q2,0,2026,1,1,Wednesday,0,0,2026-01-14 05:22:02.991379,2026-01-14 05:22:02.991379,0,205,1,One-time,False,False,True,False,False,False,False,False,205,1,92.06
51.0,CUST_00416,2025-10-23 05:22:02.991428,141.93,3.0,clothing,Credit Card,False,transactions,,,,,,,,,407.99,Q4,1,2025,10,4,Thursday,0,0,2025-10-23 05:22:02.991428,2026-01-31 05:22:03.000409,0,188,4,Occasional,False,False,True,False,False,False,False,False,188,4,407.99
52.0,CUST_00214,2025-10-01 05:22:02.991446,82.72,5.0,sports,Wallet,False,transactions,,,,,,,,,237.07,Q2,0,2025,10,4,Wednesday,0,0,2025-10-01 05:22:02.991446,2026-07-30 05:22:03.002084,0,7,3,Occasional,False,False,False,False,False,False,True,False,7,3,237.07
53.0,CUST_00227,2026-03-08 05:22:02.991455,91.78,5.0,groceries,Credit Card,False,transactions,,,,,,,,,785.0,Q2,0,2026,3,1,Sunday,1,0,2025-08-27 05:22:02.991067,2026-05-25 05:22:02.997848,193,74,7,Regular,False,False,False,False,True,False,False,False,74,7,785.0
54.0,CUST_00379,2026-06-18 05:22:02.991464,62.39,2.0,sports,Credit Card,False,transactions,,,,,,,,,372.47,Q2,0,2026,6,2,Thursday,0,0,2025-12-03 05:22:02.991275,2026-06-18 05:22:02.991464,197,50,4,Occasional,False,False,False,False,False,False,True,False,50,4,372.47
55.0,CUST_00089,2025-10-29 05:22:02.991473,51.38,1.0,,Wallet,False,transactions,,,,,,,,,125.41,Q1,0,2025,10,4,Wednesday,0,0,2025-10-29 05:22:02.991473,2026-03-06 05:22:03.001962,0,153,3,Occasional,False,False,False,False,False,False,False,False,153,3,125.41
56.0,CUST_00241,2026-03-11 05:22:02.991483,81.03,1.0,sports,PayPal,True,transactions,,,,,,,,,854.38,Q2,0,2026,3,1,Wednesday,0,0,2025-11-22 05:22:02.996662,2026-07-21 05:22:03.002838,108,16,7,Regular,False,False,False,False,False,False,True,False,16,7,854.38
57.0,CUST_00233,2026-07-02 05:22:02.991491,21.68,2.0,books,Debit Card,False,transactions,,,,,,,,,287.99,Q1,0,2026,7,3,Thursday,0,0,2025-10-01 05:22:02.992728,2026-07-02 05:22:02.991491,273,36,4,Occasional,False,True,False,False,False,False,False,False,36,4,287.99
58.0,CUST_00279,2026-04-14 05:22:02.991500,75.44,2.0,books,Credit Card,False,transactions,,,,,,,,,184.35,Q2,0,2026,4,2,Tuesday,0,0,2025-08-18 05:22:02.999762,2026-04-14 05:22:02.991500,238,115,4,Occasional,False,True,False,False,False,False,False,False,115,4,184.35
59.0,CUST_00406,2026-03-03 05:22:02.991537,27.04,5.0,books,Wallet,False,transactions,,,,,,,,,178.03,Q1,0,2026,3,1,Tuesday,0,0,2025-12-02 05:22:03.001469,2026-08-06 05:22:02.996909,90,1,4,Occasional,False,True,False,False,False,False,False,False,1,4,178.03
60.0,CUST_00359,2026-01-13 05:22:02.991547,141.55,3.0,toys,Credit Card,True,transactions,,,,,,,,,501.77,Q4,1,2026,1,1,Tuesday,0,0,2026-01-13 05:22:02.991547,2026-07-28 05:22:02.999251,0,10,4,Occasional,False,False,False,False,False,False,False,True,10,4,501.77
61.0,CUST_00377,2026-02-23 05:22:02.991554,78.49,5.0,,Debit Card,True,transactions,,,,,,,,,1291.2,Q2,0,2026,2,1,Monday,0,0,2025-11-12 05:22:02.995617,2026-07-07 05:22:02.992600,102,31,9,Regular,False,False,False,False,False,False,False,False,31,9,1291.2
62.0,CUST_00429,2025-10-17 05:22:02.991560,48.34,5.0,electronics,PayPal,False,transactions,,,,,,,,,721.2,Q1,0,2025,10,4,Friday,0,0,2025-09-25 05:22:02.995077,2026-01-21 05:22:02.995433,21,198,5,Occasional,False,False,False,True,False,False,False,False,198,5,721.2
63.0,CUST_00391,2026-05-10 05:22:02.991566,58.09,4.0,toys,Debit Card,True,transactions,,,,,,,,,304.55,Q1,0,2026,5,2,Sunday,1,0,2026-05-10 05:22:02.991566,2026-06-29 05:22:02.992348,0,39,2,Occasional,False,False,False,False,False,False,False,True,39,2,304.55
64.0,CUST_00224,2025-09-16 05:22:02.991572,156.55,4.0,clothing,Wallet,False,transactions,,,,,,,,,329.65000000000003,Q4,1,2025,9,3,Tuesday,0,0,2025-09-16 05:22:02.991572,2026-04-07 05:22:02.993482,0,122,3,Occasional,False,False,True,False,False,False,False,False,122,3,329.65000000000003
65.0,CUST_00344,2026-06-15 05:22:02.991577,110.06,2.0,beauty,Wallet,False,transactions,,,,,,,,,682.0,Q3,0,2026,6,2,Monday,0,0,2025-08-13 05:22:02.992156,2026-08-04 05:22:03.000735,305,3,6,Regular,True,False,False,False,False,False,False,False,3,6,682.0
66.0,CUST_00484,2026-01-14 05:22:02.991583,168.74,5.0,electronics,PayPal,False,transactions,,,,,,,,,442.57,Q4,1,2026,1,1,Wednesday,0,0,2026-01-14 05:22:02.991583,2026-06-09 05:22:03.003353,0,58,2,Occasional,False,False,False,True,False,False,False,False,58,2,442.57
67.0,CUST_00060,2026-01-13 05:22:02.991588,87.22,5.0,electronics,Wallet,False,transactions,,,,,,,,,916.01,Q2,0,2026,1,1,Tuesday,0,0,2025-10-18 05:22:02.999130,2026-08-01 05:22:02.997695,86,6,10,Regular,False,False,False,True,False,False,False,False,6,10,916.01
68.0,CUST_00097,2025-11-15 05:22:02.991594,96.89,3.0,toys,Credit Card,False,transactions,,,,,,,,,182.7,Q3,0,2025,11,4,Saturday,1,1,2025-11-15 05:22:02.991594,2026-05-27 05:22:02.999294,0,72,2,Occasional,False,False,False,False,False,False,False,True,72,2,182.7
69.0,CUST_00282,2026-06-01 05:22:02.991599,139.94,3.0,toys,Wallet,False,transactions,,,,,,,,,521.5600000000001,Q3,0,2026,6,2,Monday,0,0,2025-09-12 05:22:02.994412,2026-06-01 05:22:02.991599,261,67,4,Occasional,False,False,False,False,False,False,False,True,67,4,521.5600000000001
70.0,CUST_00499,2025-09-19 05:22:02.991610,64.86,5.0,sports,PayPal,False,transactions,,,,,,,,,498.2,Q2,0,2025,9,3,Friday,0,0,2025-08-18 05:22:02.997455,2026-07-11 05:22:02.991286,31,27,4,Occasional,False,False,False,False,False,False,True,False,27,4,498.2
71.0,CUST_00283,2026-01-11 05:22:02.991616,69.27,1.0,sports,Credit Card,False,transactions,,,,,,,,,432.96999999999997,Q2,0,2026,1,1,Sunday,1,0,2025-09-08 05:22:03.000290,2026-06-02 05:22:02.992386,124,66,5,Occasional,False,False,False,False,False,False,True,False,66,5,432.96999999999997
72.0,CUST_00061,2025-09-10 05:22:02.991621,86.8,2.0,toys,PayPal,False,transactions,,,,,,,,,514.39,Q2,0,2025,9,3,Wednesday,0,0,2025-09-10 05:22:02.991621,2026-07-23 05:22:02.993536,0,15,5,Occasional,False,False,False,False,False,False,False,True,15,5,514.39
73.0,CUST_00140,2026-01-07 05:22:02.991627,131.22,4.0,toys,Debit Card,False,transactions,,,,,,,,,355.42,Q3,0,2026,1,1,Wednesday,0,0,2025-08-14 05:22:02.995289,2026-01-07 05:22:02.991627,145,212,3,Occasional,False,False,False,False,False,False,False,True,212,3,355.42
74.0,CUST_00472,2025-10-05 05:22:02.991632,196.63,5.0,home  garden,PayPal,True,transactions,,,,,,,,,1449.15,Q4,1,2025,10,4,Sunday,1,0,2025-08-28 05:22:02.994535,2026-04-25 05:22:02.993473,37,104,10,Regular,False,False,False,False,False,True,False,False,104,10,1449.15
75.0,CUST_00438,2026-01-07 05:22:02.991637,141.1,3.0,books,PayPal,True,transactions,,,,,,,,,507.83,Q4,1,2026,1,1,Wednesday,0,0,2026-01-07 05:22:02.991637,2026-07-21 05:22:02.993950,0,17,4,Occasional,False,True,False,False,False,False,False,False,17,4,507.83
77.0,CUST_00177,2026-02-18 05:22:02.991648,104.77,5.0,groceries,PayPal,True,transactions,,,,,,,,,347.28999999999996,Q3,0,2026,2,1,Wednesday,0,0,2025-11-03 05:22:02.993939,2026-05-03 05:22:03.002903,106,95,3,Occasional,False,False,False,False,True,False,False,False,95,3,347.28999999999996
78.0,CUST_00358,2026-04-07 05:22:02.991655,93.14,5.0,groceries,Wallet,False,transactions,,,,,,,,,679.42,Q3,0,2026,4,2,Tuesday,0,0,2025-09-16 05:22:03.003114,2026-07-10 05:22:03.003393,202,27,7,Regular,False,False,False,False,True,False,False,False,27,7,679.42
79.0,CUST_00382,2025-12-08 05:22:02.991660,217.72,4.0,groceries,Debit Card,False,transactions,,,,,,,,,1186.79,Q4,1,2025,12,4,Monday,0,1,2025-08-23 05:22:02.998568,2026-08-04 05:22:02.999405,106,3,9,Regular,False,False,False,False,True,False,False,False,3,9,1186.79
80.0,CUST_00019,2026-06-04 05:22:02.991665,145.7,5.0,beauty,Wallet,False,transactions,,,,,,,,,541.76,Q4,1,2026,6,2,Thursday,0,0,2025-08-17 05:22:02.996244,2026-06-04 05:22:02.991665,290,64,5,Occasional,True,False,False,False,False,False,False,False,64,5,541.76
81.0,CUST_00467,2025-12-17 05:22:02.991670,85.04,1.0,home  garden,Debit Card,False,transactions,,,,,,,,,320.31,Q2,0,2025,12,4,Wednesday,0,1,2025-09-04 05:22:02.998686,2026-07-10 05:22:02.992407,103,28,4,Occasional,False,False,False,False,False,True,False,False,28,4,320.31
82.0,CUST_00401,2026-03-25 05:22:02.991676,189.16,3.0,groceries,PayPal,True,transactions,,,,,,,,,866.36,Q4,1,2026,3,1,Wednesday,0,0,2025-12-02 05:22:02.993748,2026-07-09 05:22:03.001072,112,29,8,Regular,False,False,False,False,True,False,False,False,29,8,866.36
83.0,CUST_00440,2025-11-07 05:22:02.991681,60.08,4.0,beauty,Wallet,True,transactions,,,,,,,,,821.35,Q2,0,2025,11,4,Friday,0,1,2025-09-25 05:22:03.002969,2026-06-24 05:22:02.999378,42,44,7,Regular,True,False,False,False,False,False,False,False,44,7,821.35
84.0,CUST_00019,2025-09-25 05:22:02.991687,91.35,1.0,sports,PayPal,True,transactions,,,,,,,,,541.76,Q2,0,2025,9,3,Thursday,0,0,2025-08-17 05:22:02.996244,2026-06-04 05:22:02.991665,38,64,5,Occasional,False,False,False,False,False,False,True,False,64,5,541.76
85.0,CUST_00383,2026-06-22 05:22:02.991692,130.51,4.0,clothing,Credit Card,False,transactions,,,,,,,,,517.96,Q3,0,2026,6,2,Monday,0,0,2025-08-26 05:22:02.996606,2026-06-22 05:22:02.991692,299,46,4,Occasional,False,False,True,False,False,False,False,False,46,4,517.96
86.0,CUST_00356,2026-03-07 05:22:02.991697,81.04,1.0,electronics,Credit Card,False,transactions,,,,,,,,,240.66000000000003,Q2,0,2026,3,1,Saturday,1,0,2025-10-09 05:22:02.996122,2026-03-07 05:22:02.991697,148,153,4,Occasional,False,False,False,True,False,False,False,False,153,4,240.66000000000003
87.0,CUST_00192,2025-12-30 05:22:02.991702,79.04,2.0,sports,Debit Card,False,transactions,,,,,,,,,842.55,Q2,0,2025,12,4,Tuesday,0,1,2025-08-13 05:22:02.994451,2026-07-26 05:22:03.002614,138,11,10,Regular,False,False,False,False,False,False,True,False,11,10,842.55
88.0,CUST_00041,2025-09-29 05:22:02.991708,100.1,4.0,sports,Debit Card,False,transactions,,,,,,,,,863.45,Q3,0,2025,9,3,Monday,0,0,2025-09-21 05:22:02.999965,2026-05-27 05:22:02.996223,7,72,7,Regular,False,False,False,False,False,False,True,False,72,7,863.45
89.0,CUST_00327,2026-03-30 05:22:02.991713,96.16,4.0,books,Wallet,True,transactions,,,,,,,,,703.51,Q3,0,2026,3,1,Monday,0,0,2025-10-07 05:22:02.993447,2026-04-21 05:22:02.995945,173,108,8,Regular,False,True,False,False,False,False,False,False,108,8,703.51
90.0,CUST_00347,2025-11-01 05:22:02.991719,179.12,2.0,clothing,PayPal,True,transactions,,,,,,,,,344.89,Q4,1,2025,11,4,Saturday,1,1,2025-08-12 05:22:03.002672,2025-11-01 05:22:02.991719,80,279,4,Occasional,False,False,True,False,False,False,False,False,279,4,344.89
91.0,CUST_00154,2025-09-14 05:22:02.991724,133.67,4.0,books,PayPal,False,transactions,,,,,,,,,632.98,Q3,0,2025,9,3,Sunday,1,0,2025-09-14 05:22:02.991724,2026-03-25 05:22:03.002540,0,134,6,Regular,False,True,False,False,False,False,False,False,134,6,632.98
93.0,CUST_00359,2026-03-09 05:22:02.991734,186.59,1.0,groceries,Credit Card,True,transactions,,,,,,,,,501.77,Q4,1,2026,3,1,Monday,0,0,2026-01-13 05:22:02.991547,2026-07-28 05:22:02.999251,55,10,4,Occasional,False,False,False,False,True,False,False,False,10,4,501.77
94.0,CUST_00382,2025-11-26 05:22:02.991740,97.51,3.0,sports,PayPal,False,transactions,,,,,,,,,1186.79,Q3,0,2025,11,4,Wednesday,0,1,2025-08-23 05:22:02.998568,2026-08-04 05:22:02.999405,94,3,9,Regular,False,False,False,False,False,False,True,False,3,9,1186.79
95.0,CUST_00098,2025-09-24 05:22:02.991746,66.8,3.0,home  garden,Credit Card,False,transactions,,,,,,,,,212.0,Q2,0,2025,9,3,Wednesday,0,0,2025-09-24 05:22:02.991746,2026-02-24 05:22:02.995628,0,164,2,Occasional,False,False,False,False,False,True,False,False,164,2,212.0
96.0,CUST_00226,2026-07-21 05:22:02.991751,45.81,5.0,beauty,Credit Card,True,transactions,,,,,,,,,45.81,Q1,0,2026,7,3,Tuesday,0,0,2026-07-21 05:22:02.991751,2026-07-21 05:22:02.991751,0,17,1,One-time,True,False,False,False,False,False,False,False,17,1,45.81
97.0,CUST_00168,2026-01-07 05:22:02.991756,115.58,2.0,sports,PayPal,False,transactions,,,,,,,,,447.82,Q3,0,2026,1,1,Wednesday,0,0,2025-10-18 05:22:03.002656,2026-03-16 05:22:03.001995,80,143,4,Occasional,False,False,False,False,False,False,True,False,143,4,447.82
98.0,CUST_00468,2026-03-21 05:22:02.991763,58.95,2.0,books,Wallet,True,transactions,,,,,,,,,462.56000000000006,Q1,0,2026,3,1,Saturday,1,0,2025-09-06 05:22:02.993578,2026-07-29 05:22:02.998081,195,9,5,Occasional,False,True,False,False,False,False,False,False,9,5,462.56000000000006
99.0,CUST_00152,2026-02-15 05:22:02.991768,90.68,1.0,toys,Debit Card,True,transactions,,,,,,,,,940.64,Q2,0,2026,2,1,Sunday,1,0,2025-09-11 05:22:02.993442,2026-06-16 05:22:02.999768,156,52,9,Regular,False,False,False,False,False,False,False,True,52,9,940.64
100.0,CUST_00116,2025-08-26 05:22:02.991773,134.63,4.0,beauty,Wallet,False,transactions,,,,,,,,,273.93,Q3,0,2025,8,3,Tuesday,0,0,2025-08-26 05:22:02.991773,2026-04-28 05:22:02.991079,0,101,4,Occasional,True,False,False,False,False,False,False,False,101,4,273.93
101.0,CUST_00275,2026-06-05 05:22:02.991779,63.02,4.0,beauty,PayPal,False,transactions,,,,,,,,,425.59000000000003,Q2,0,2026,6,2,Friday,0,0,2025-08-20 05:22:03.000091,2026-06-05 05:22:02.991779,288,63,6,Regular,True,False,False,False,False,False,False,False,63,6,425.59000000000003
102.0,CUST_00422,2025-09-15 05:22:02.991784,141.75,3.0,clothing,Wallet,False,transactions,,,,,,,,,1100.56,Q4,1,2025,9,3,Monday,0,0,2025-09-09 05:22:02.994639,2026-05-25 05:22:02.994987,5,74,10,Regular,False,False,True,False,False,False,False,False,74,10,1100.56
103.0,CUST_00453,2025-10-24 05:22:02.991789,240.97,3.0,sports,Wallet,True,transactions,,,,,,,,,429.37,Q4,1,2025,10,4,Friday,0,0,2025-10-02 05:22:03.001741,2026-02-10 05:22:02.992218,21,178,3,Occasional,False,False,False,False,False,False,True,False,178,3,429.37
104.0,CUST_00155,2025-09-09 05:22:02.991795,117.5,4.0,clothing,Credit Card,False,transactions,,,,,,,,,504.53,Q3,0,2025,9,3,Tuesday,0,0,2025-08-31 05:22:02.997015,2026-03-23 05:22:02.993076,8,137,7,Regular,False,False,True,False,False,False,False,False,137,7,504.53
105.0,CUST_00253,2026-06-09 05:22:02.991800,78.31,1.0,sports,Debit Card,False,transactions,,,,,,,,,183.5,Q2,0,2026,6,2,Tuesday,0,0,2025-09-18 05:22:03.002523,2026-06-09 05:22:02.991800,263,59,3,Occasional,False,False,False,False,False,False,True,False,59,3,183.5
106.0,CUST_00190,2025-08-29 05:22:02.991840,60.53,5.0,groceries,Debit Card,True,transactions,,,,,,,,,262.55,Q2,0,2025,8,3,Friday,0,0,2025-08-29 05:22:02.991840,2026-07-16 05:22:02.994918,0,22,4,Occasional,False,False,False,False,True,False,False,False,22,4,262.55
107.0,CUST_00336,2026-06-18 05:22:02.991851,79.86,4.0,groceries,PayPal,False,transactions,,,,,,,,,168.3,Q2,0,2026,6,2,Thursday,0,0,2026-05-21 05:22:03.000459,2026-06-18 05:22:02.991851,27,50,2,Occasional,False,False,False,False,True,False,False,False,50,2,168.3
108.0,CUST_00190,2026-04-18 05:22:02.991859,106.19,4.0,toys,PayPal,False,transactions,,,,,,,,,262.55,Q3,0,2026,4,2,Saturday,1,0,2025-08-29 05:22:02.991840,2026-07-16 05:22:02.994918,232,22,4,Occasional,False,False,False,False,False,False,False,True,22,4,262.55
109.0,CUST_00352,2026-01-31 05:22:02.991865,195.77,5.0,beauty,PayPal,False,transactions,,,,,,,,,794.77,Q4,1,2026,1,1,Saturday,1,0,2025-10-08 05:22:02.997400,2026-05-12 05:22:03.001875,114,86,7,Regular,True,False,False,False,False,False,False,False,86,7,794.77
110.0,CUST_00063,2025-12-18 05:22:02.991872,78.99,1.0,sports,Credit Card,False,transactions,,,,,,,,,363.51,Q2,0,2025,12,4,Thursday,0,1,2025-12-18 05:22:02.991872,2026-07-14 05:22:02.992245,0,24,3,Occasional,False,False,False,False,False,False,True,False,24,3,363.51
111.0,CUST_00171,2026-04-05 05:22:02.991878,153.61,2.0,sports,Debit Card,False,transactions,,,,,,,,,320.76,Q4,1,2026,4,2,Sunday,1,0,2026-03-21 05:22:02.999331,2026-07-11 05:22:03.001946,14,26,3,Occasional,False,False,False,False,False,False,True,False,26,3,320.76
112.0,CUST_00417,2026-04-10 05:22:02.991884,145.1,3.0,home  garden,Credit Card,False,transactions,,,,,,,,,519.9,Q4,1,2026,4,2,Friday,0,0,2025-09-27 05:22:03.002068,2026-04-24 05:22:02.993293,194,105,5,Occasional,False,False,False,False,False,True,False,False,105,5,519.9
113.0,CUST_00075,2026-06-02 05:22:02.991889,151.9,5.0,books,Credit Card,False,transactions,,,,,,,,,407.97,Q4,1,2026,6,2,Tuesday,0,0,2025-11-09 05:22:02.996307,2026-07-11 05:22:02.994560,204,27,4,Occasional,False,True,False,False,False,False,False,False,27,4,407.97
114.0,CUST_00014,2026-06-01 05:22:02.991895,173.63,1.0,beauty,Debit Card,False,transactions,,,,,,,,,613.27,Q4,1,2026,6,2,Monday,0,0,2025-08-16 05:22:02.999860,2026-06-01 05:22:02.991895,288,67,6,Regular,True,False,False,False,False,False,False,False,67,6,613.27
116.0,CUST_00382,2026-07-06 05:22:02.991905,54.12,4.0,toys,Credit Card,False,transactions,,,,,,,,,1186.79,Q1,0,2026,7,3,Monday,0,0,2025-08-23 05:22:02.998568,2026-08-04 05:22:02.999405,316,3,9,Regular,False,False,False,False,False,False,False,True,3,9,1186.79
117.0,CUST_00114,2025-09-27 05:22:02.991910,190.34,1.0,books,Credit Card,False,transactions,,,,,,,,,837.96,Q4,1,2025,9,3,Saturday,1,0,2025-09-26 05:22:02.994732,2026-07-06 05:22:03.002152,0,31,6,Regular,False,True,False,False,False,False,False,False,31,6,837.96
118.0,CUST_00246,2026-01-14 05:22:02.991916,67.18,4.0,clothing,Wallet,False,transactions,,,,,,,,,298.88,Q2,0,2026,1,1,Wednesday,0,0,2025-09-05 05:22:03.001004,2026-01-14 05:22:02.991916,130,205,4,Occasional,False,False,True,False,False,False,False,False,205,4,298.88
119.0,CUST_00042,2026-02-24 05:22:02.991921,86.25,5.0,home  garden,PayPal,False,transactions,,,,,,,,,294.77,Q2,0,2026,2,1,Tuesday,0,0,2025-12-10 05:22:02.991175,2026-02-24 05:22:02.991921,76,164,3,Occasional,False,False,False,False,False,True,False,False,164,3,294.77
120.0,CUST_00300,2025-10-31 05:22:02.991927,36.64,3.0,groceries,PayPal,False,transactions,,,,,,,,,1011.3299999999999,Q1,0,2025,10,4,Friday,0,0,2025-08-16 05:22:02.995819,2026-06-27 05:22:02.997671,75,41,8,Regular,False,False,False,False,True,False,False,False,41,8,1011.3299999999999
121.0,CUST_00310,2025-12-30 05:22:02.991932,99.21,1.0,clothing,Debit Card,False,transactions,,,,,,,,,304.24,Q3,0,2025,12,4,Tuesday,0,1,2025-10-17 05:22:02.996107,2026-06-02 05:22:02.996358,73,66,4,Occasional,False,False,True,False,False,False,False,False,66,4,304.24
122.0,CUST_00455,2026-04-13 05:22:02.991938,193.52,4.0,beauty,Wallet,False,transactions,,,,,,,,,729.98,Q4,1,2026,4,2,Monday,0,0,2025-11-02 05:22:02.997875,2026-07-12 05:22:02.995339,161,26,6,Regular,True,False,False,False,False,False,False,False,26,6,729.98
123.0,CUST_00049,2026-02-28 05:22:02.991943,126.99,4.0,beauty,PayPal,True,transactions,,,,,,,,,477.57,Q3,0,2026,2,1,Saturday,1,0,2025-10-04 05:22:02.998817,2026-05-05 05:22:02.992702,146,94,4,Occasional,True,False,False,False,False,False,False,False,94,4,477.57
124.0,CUST_00352,2025-12-08 05:22:02.991949,136.47,1.0,clothing,Credit Card,False,transactions,,,,,,,,,794.77,Q3,0,2025,12,4,Monday,0,1,2025-10-08 05:22:02.997400,2026-05-12 05:22:03.001875,60,86,7,Regular,False,False,True,False,False,False,False,False,86,7,794.77
125.0,CUST_00382,2026-01-29 05:22:02.991960,21.93,2.0,electronics,PayPal,False,transactions,,,,,,,,,1186.79,Q1,0,2026,1,1,Thursday,0,0,2025-08-23 05:22:02.998568,2026-08-04 05:22:02.999405,158,3,9,Regular,False,False,False,True,False,False,False,False,3,9,1186.79
126.0,CUST_00211,2026-02-07 05:22:02.991967,61.85,4.0,electronics,PayPal,False,transactions,,,,,,,,,501.6,Q2,0,2026,2,1,Saturday,1,0,2025-12-14 05:22:03.000719,2026-05-03 05:22:03.002296,54,95,5,Occasional,False,False,False,True,False,False,False,False,95,5,501.6
127.0,CUST_00296,2025-11-21 05:22:02.991972,52.43,2.0,home  garden,Debit Card,True,transactions,,,,,,,,,686.35,Q1,0,2025,11,4,Friday,0,1,2025-09-18 05:22:02.993315,2026-06-03 05:22:02.998605,63,65,6,Regular,False,False,False,False,False,True,False,False,65,6,686.35
128.0,CUST_00180,2025-10-27 05:22:02.991978,141.86,3.0,clothing,Debit Card,True,transactions,,,,,,,,,330.72,Q4,1,2025,10,4,Monday,0,0,2025-10-27 05:22:02.991978,2025-10-30 05:22:02.996058,0,281,2,Occasional,False,False,True,False,False,False,False,False,281,2,330.72
129.0,CUST_00433,2025-10-24 05:22:02.991987,38.54,5.0,electronics,PayPal,False,transactions,,,,,,,,,38.54,Q1,0,2025,10,4,Friday,0,0,2025-10-24 05:22:02.991987,2025-10-24 05:22:02.991987,0,287,1,One-time,False,False,False,True,False,False,False,False,287,1,38.54
131.0,CUST_00290,2025-09-05 05:22:02.991999,83.51,4.0,clothing,Credit Card,False,transactions,,,,,,,,,616.6,Q2,0,2025,9,3,Friday,0,0,2025-09-04 05:22:02.994815,2026-05-23 05:22:02.995583,0,76,6,Regular,False,False,True,False,False,False,False,False,76,6,616.6
132.0,CUST_00272,2026-04-19 05:22:02.992004,37.81,4.0,groceries,Debit Card,False,transactions,,,,,,,,,308.94,Q1,0,2026,4,2,Sunday,1,0,2026-02-12 05:22:02.991263,2026-06-20 05:22:02.996574,66,48,3,Occasional,False,False,False,False,True,False,False,False,48,3,308.94
133.0,CUST_00370,2026-02-22 05:22:02.992009,58.02,5.0,clothing,Debit Card,False,transactions,,,,,,,,,255.55,Q1,0,2026,2,1,Sunday,1,0,2025-11-12 05:22:03.002843,2026-04-18 05:22:02.998697,101,111,4,Occasional,False,False,True,False,False,False,False,False,111,4,255.55
134.0,CUST_00317,2026-07-13 05:22:02.992015,169.65,1.0,books,Wallet,False,transactions,,,,,,,,,444.56,Q4,1,2026,7,3,Monday,0,0,2025-09-06 05:22:03.001128,2026-07-13 05:22:02.992015,309,25,3,Occasional,False,True,False,False,False,False,False,False,25,3,444.56
135.0,CUST_00227,2026-01-07 05:22:02.992020,83.33,3.0,sports,Credit Card,False,transactions,,,,,,,,,785.0,Q2,0,2026,1,1,Wednesday,0,0,2025-08-27 05:22:02.991067,2026-05-25 05:22:02.997848,133,74,7,Regular,False,False,False,False,False,False,True,False,74,7,785.0
136.0,CUST_00057,2026-03-15 05:22:02.992025,33.28,5.0,toys,PayPal,False,transactions,,,,,,,,,429.26,Q1,0,2026,3,1,Sunday,1,0,2025-11-14 05:22:02.997051,2026-06-02 05:22:02.998649,120,66,4,Occasional,False,False,False,False,False,False,False,True,66,4,429.26
137.0,CUST_00203,2025-10-05 05:22:02.992030,31.01,1.0,electronics,Debit Card,True,transactions,,,,,,,,,479.35,Q1,0,2025,10,4,Sunday,1,0,2025-08-15 05:22:02.998114,2026-07-19 05:22:03.001094,50,19,6,Regular,False,False,False,True,False,False,False,False,19,6,479.35
138.0,CUST_00392,2026-03-30 05:22:02.992036,138.9,3.0,beauty,Wallet,True,transactions,,,,,,,,,705.46,Q3,0,2026,3,1,Monday,0,0,2025-10-17 05:22:02.991142,2026-05-31 05:22:03.003244,164,67,7,Regular,True,False,False,False,False,False,False,False,67,7,705.46
139.0,CUST_00090,2026-06-02 05:22:02.992041,125.46,4.0,sports,PayPal,False,transactions,,,,,,,,,544.84,Q3,0,2026,6,2,Tuesday,0,0,2025-09-06 05:22:03.000824,2026-07-23 05:22:02.993689,268,15,6,Regular,False,False,False,False,False,False,True,False,15,6,544.84
140.0,CUST_00442,2026-07-17 05:22:02.992046,44.18,4.0,electronics,Credit Card,True,transactions,,,,,,,,,761.14,Q1,0,2026,7,3,Friday,0,0,2026-01-24 05:22:03.001051,2026-07-17 05:22:02.992046,173,21,7,Regular,False,False,False,True,False,False,False,False,21,7,761.14
141.0,CUST_00295,2025-12-31 05:22:02.992052,113.97,5.0,groceries,Wallet,False,transactions,,,,,,,,,742.64,Q3,0,2025,12,4,Wednesday,0,1,2025-12-31 05:22:02.992052,2026-08-06 05:22:02.996409,0,1,6,Regular,False,False,False,False,True,False,False,False,1,6,742.64
142.0,CUST_00208,2026-07-28 05:22:02.992057,90.72,3.0,home  garden,Wallet,True,transactions,,,,,,,,,90.72,Q2,0,2026,7,3,Tuesday,0,0,2026-07-28 05:22:02.992057,2026-07-28 05:22:02.992057,0,10,1,One-time,False,False,False,False,False,True,False,False,10,1,90.72
143.0,CUST_00471,2026-02-03 05:22:02.992062,46.3,1.0,groceries,Debit Card,False,transactions,,,,,,,,,359.9,Q1,0,2026,2,1,Tuesday,0,0,2025-09-25 05:22:02.996467,2026-07-17 05:22:02.992998,130,21,5,Occasional,False,False,False,False,True,False,False,False,21,5,359.9
144.0,CUST_00206,2025-11-12 05:22:02.992067,247.59,1.0,groceries,PayPal,False,transactions,,,,,,,,,1233.1399999999999,Q4,1,2025,11,4,Wednesday,0,1,2025-09-25 05:22:02.999905,2026-06-26 05:22:02.993468,47,42,8,Regular,False,False,False,False,True,False,False,False,42,8,1233.1399999999999
145.0,CUST_00399,2026-05-13 05:22:02.992073,198.96,1.0,clothing,Debit Card,True,transactions,,,,,,,,,198.96,Q4,1,2026,5,2,Wednesday,0,0,2026-05-13 05:22:02.992073,2026-05-13 05:22:02.992073,0,86,1,One-time,False,False,True,False,False,False,False,False,86,1,198.96
146.0,CUST_00179,2026-02-09 05:22:02.992078,151.0,2.0,sports,PayPal,False,transactions,,,,,,,,,788.22,Q4,1,2026,2,1,Monday,0,0,2026-02-04 05:22:02.999847,2026-07-25 05:22:03.001062,4,13,7,Regular,False,False,False,False,False,False,True,False,13,7,788.22
147.0,CUST_00309,2026-05-21 05:22:02.992083,169.91,1.0,home  garden,Wallet,False,transactions,,,,,,,,,937.38,Q4,1,2026,5,2,Thursday,0,0,2026-01-24 05:22:02.997613,2026-07-18 05:22:02.992886,116,20,5,Occasional,False,False,False,False,False,True,False,False,20,5,937.38
148.0,CUST_00289,2025-10-15 05:22:02.992091,160.74,4.0,beauty,PayPal,False,transactions,,,,,,,,,558.95,Q4,1,2025,10,4,Wednesday,0,0,2025-09-15 05:22:02.994880,2026-07-17 05:22:02.992431,29,21,4,Occasional,True,False,False,False,False,False,False,False,21,4,558.95
149.0,CUST_00035,2025-12-10 05:22:02.992097,74.15,4.0,books,Credit Card,False,transactions,,,,,,,,,362.19,Q2,0,2025,12,4,Wednesday,0,1,2025-12-03 05:22:02.999636,2026-06-17 05:22:02.992832,6,51,6,Regular,False,True,False,False,False,False,False,False,51,6,362.19
150.0,CUST_00038,2026-03-02 05:22:02.992102,96.44,4.0,,PayPal,True,transactions,,,,,,,,,686.39,Q3,0,2026,3,1,Monday,0,0,2025-12-06 05:22:02.999867,2026-07-11 05:22:02.994684,85,27,6,Regular,False,False,False,False,False,False,False,False,27,6,686.39
151.0,CUST_00040,2025-09-11 05:22:02.992107,195.44,1.0,groceries,Credit Card,False,transactions,,,,,,,,,613.99,Q4,1,2025,9,3,Thursday,0,0,2025-09-11 05:22:02.992107,2026-07-01 05:22:03.001485,0,37,6,Regular,False,False,False,False,True,False,False,False,37,6,613.99
152.0,CUST_00415,2025-10-19 05:22:02.992117,57.55,2.0,beauty,Debit Card,True,transactions,,,,,,,,,266.84999999999997,Q1,0,2025,10,4,Sunday,1,0,2025-09-19 05:22:03.001567,2026-05-01 05:22:02.999012,29,98,4,Occasional,True,False,False,False,False,False,False,False,98,4,266.84999999999997
153.0,CUST_00231,2026-06-16 05:22:02.992123,178.36,3.0,clothing,Debit Card,False,transactions,,,,,,,,,375.59000000000003,Q4,1,2026,6,2,Tuesday,0,0,2025-08-14 05:22:03.002382,2026-06-16 05:22:02.992123,305,52,2,Occasional,False,False,True,False,False,False,False,False,52,2,375.59000000000003
154.0,CUST_00363,2025-12-26 05:22:02.992129,99.39,4.0,home  garden,PayPal,False,transactions,,,,,,,,,707.75,Q3,0,2025,12,4,Friday,0,1,2025-12-02 05:22:03.003136,2026-06-25 05:22:02.992150,23,43,6,Regular,False,False,False,False,False,True,False,False,43,6,707.75
155.0,CUST_00397,2026-02-15 05:22:02.992134,40.34,5.0,electronics,PayPal,False,transactions,,,,,,,,,500.53000000000003,Q1,0,2026,2,1,Sunday,1,0,2026-01-25 05:22:03.000063,2026-05-31 05:22:02.993410,20,68,8,Regular,False,False,False,True,False,False,False,False,68,8,500.53000000000003
156.0,CUST_00049,2025-10-26 05:22:02.992139,167.87,4.0,books,Debit Card,False,transactions,,,,,,,,,477.57,Q4,1,2025,10,4,Sunday,1,0,2025-10-04 05:22:02.998817,2026-05-05 05:22:02.992702,21,94,4,Occasional,False,True,False,False,False,False,False,False,94,4,477.57
157.0,CUST_00299,2025-09-02 05:22:02.992145,134.33,2.0,beauty,Wallet,False,transactions,,,,,,,,,443.6,Q3,0,2025,9,3,Tuesday,0,0,2025-09-02 05:22:02.992145,2026-08-03 05:22:02.996164,0,4,4,Occasional,True,False,False,False,False,False,False,False,4,4,443.6
158.0,CUST_00363,2026-06-25 05:22:02.992150,107.68,3.0,groceries,PayPal,True,transactions,,,,,,,,,707.75,Q3,0,2026,6,2,Thursday,0,0,2025-12-02 05:22:03.003136,2026-06-25 05:22:02.992150,204,43,6,Regular,False,False,False,False,True,False,False,False,43,6,707.75
159.0,CUST_00344,2025-08-13 05:22:02.992156,164.05,5.0,clothing,Wallet,False,transactions,,,,,,,,,682.0,Q4,1,2025,8,3,Wednesday,0,0,2025-08-13 05:22:02.992156,2026-08-04 05:22:03.000735,0,3,6,Regular,False,False,True,False,False,False,False,False,3,6,682.0
160.0,CUST_00010,2026-02-03 05:22:02.992161,119.72,3.0,home  garden,PayPal,True,transactions,,,,,,,,,162.62,Q3,0,2026,2,1,Tuesday,0,0,2026-02-03 05:22:02.992161,2026-02-05 05:22:02.997784,0,183,2,Occasional,False,False,False,False,False,True,False,False,183,2,162.62
161.0,CUST_00249,2026-05-01 05:22:02.992166,82.72,2.0,home  garden,PayPal,True,transactions,,,,,,,,,444.15999999999997,Q2,0,2026,5,2,Friday,0,0,2025-09-10 05:22:03.002431,2026-07-28 05:22:02.997300,232,10,5,Occasional,False,False,False,False,False,True,False,False,10,5,444.15999999999997
162.0,CUST_00052,2025-11-21 05:22:02.992172,131.45,5.0,electronics,Debit Card,False,transactions,,,,,,,,,461.03,Q3,0,2025,11,4,Friday,0,1,2025-08-19 05:22:02.997206,2026-05-04 05:22:03.001907,93,94,4,Occasional,False,False,False,True,False,False,False,False,94,4,461.03
163.0,CUST_00079,2026-05-16 05:22:02.992177,209.49,2.0,home  garden,Credit Card,False,transactions,,,,,,,,,751.87,Q4,1,2026,5,2,Saturday,1,0,2025-08-11 05:22:02.991131,2026-07-16 05:22:02.999626,278,22,8,Regular,False,False,False,False,False,True,False,False,22,8,751.87
165.0,CUST_00123,2026-03-02 05:22:02.992188,194.21,4.0,sports,Wallet,False,transactions,,,,,,,,,228.02,Q4,1,2026,3,1,Monday,0,0,2025-11-16 05:22:02.995279,2026-03-02 05:22:02.992188,105,158,2,Occasional,False,False,False,False,False,False,True,False,158,2,228.02
166.0,CUST_00145,2026-01-24 05:22:02.992194,256.37,5.0,groceries,Debit Card,True,transactions,,,,,,,,,599.3100000000001,Q4,1,2026,1,1,Saturday,1,0,2025-08-19 05:22:02.997773,2026-07-23 05:22:02.996175,157,15,5,Occasional,False,False,False,False,True,False,False,False,15,5,599.3100000000001
167.0,CUST_00071,2026-04-01 05:22:02.992199,67.01,1.0,toys,Credit Card,True,transactions,,,,,,,,,214.56,Q2,0,2026,4,2,Wednesday,0,0,2025-12-31 05:22:02.997843,2026-05-16 05:22:02.995765,90,83,4,Occasional,False,False,False,False,False,False,False,True,83,4,214.56
169.0,CUST_00263,2026-05-24 05:22:02.992212,68.85,4.0,clothing,Debit Card,True,transactions,,,,,,,,,433.06,Q2,0,2026,5,2,Sunday,1,0,2025-09-22 05:22:03.000018,2026-07-28 05:22:02.994073,243,10,5,Occasional,False,False,True,False,False,False,False,False,10,5,433.06
170.0,CUST_00453,2026-02-10 05:22:02.992218,135.91,1.0,groceries,PayPal,False,transactions,,,,,,,,,429.37,Q3,0,2026,2,1,Tuesday,0,0,2025-10-02 05:22:03.001741,2026-02-10 05:22:02.992218,130,178,3,Occasional,False,False,False,False,True,False,False,False,178,3,429.37
171.0,CUST_00042,2026-01-28 05:22:02.992223,119.98,2.0,electronics,Credit Card,True,transactions,,,,,,,,,294.77,Q3,0,2026,1,1,Wednesday,0,0,2025-12-10 05:22:02.991175,2026-02-24 05:22:02.991921,49,164,3,Occasional,False,False,False,True,False,False,False,False,164,3,294.77
172.0,CUST_00333,2026-02-17 05:22:02.992228,34.12,2.0,,Wallet,False,transactions,,,,,,,,,411.41,Q1,0,2026,2,1,Tuesday,0,0,2026-02-17 05:22:02.992228,2026-07-02 05:22:02.996112,0,36,5,Occasional,False,False,False,False,False,False,False,False,36,5,411.41
173.0,CUST_00072,2025-08-11 05:22:02.992233,197.1,4.0,toys,Credit Card,False,transactions,,,,,,,,,639.12,Q4,1,2025,8,3,Monday,0,0,2025-08-11 05:22:02.992233,2026-07-20 05:22:02.996441,0,18,5,Occasional,False,False,False,False,False,False,False,True,18,5,639.12
174.0,CUST_00111,2026-05-23 05:22:02.992239,82.5,5.0,groceries,PayPal,False,transactions,,,,,,,,,481.33,Q2,0,2026,5,2,Saturday,1,0,2025-11-27 05:22:02.999162,2026-05-25 05:22:03.003178,176,73,4,Occasional,False,False,False,False,True,False,False,False,73,4,481.33
175.0,CUST_00063,2026-07-14 05:22:02.992245,53.29,2.0,groceries,Wallet,False,transactions,,,,,,,,,363.51,Q1,0,2026,7,3,Tuesday,0,0,2025-12-18 05:22:02.991872,2026-07-14 05:22:02.992245,208,24,3,Occasional,False,False,False,False,True,False,False,False,24,3,363.51
176.0,CUST_00429,2025-11-25 05:22:02.992250,128.5,5.0,electronics,Debit Card,True,transactions,,,,,,,,,721.2,Q3,0,2025,11,4,Tuesday,0,1,2025-09-25 05:22:02.995077,2026-01-21 05:22:02.995433,60,198,5,Occasional,False,False,False,True,False,False,False,False,198,5,721.2
177.0,CUST_00150,2025-12-31 05:22:02.992255,69.06,1.0,beauty,Wallet,False,transactions,,,,,,,,,582.1800000000001,Q2,0,2025,12,4,Wednesday,0,1,2025-09-07 05:22:03.001015,2026-07-18 05:22:02.999674,114,20,5,Occasional,True,False,False,False,False,False,False,False,20,5,582.1800000000001
178.0,CUST_00343,2026-06-25 05:22:02.992260,189.76,5.0,beauty,Credit Card,False,transactions,,,,,,,,,1101.07,Q4,1,2026,6,2,Thursday,0,0,2025-11-09 05:22:02.992646,2026-07-29 05:22:02.995660,227,9,9,Regular,True,False,False,False,False,False,False,False,9,9,1101.07
179.0,CUST_00241,2026-07-16 05:22:02.992266,76.83,4.0,beauty,Credit Card,False,transactions,,,,,,,,,854.38,Q2,0,2026,7,3,Thursday,0,0,2025-11-22 05:22:02.996662,2026-07-21 05:22:03.002838,235,16,7,Regular,True,False,False,False,False,False,False,False,16,7,854.38
180.0,CUST_00035,2026-02-12 05:22:02.992271,95.19,2.0,clothing,PayPal,False,transactions,,,,,,,,,362.19,Q3,0,2026,2,1,Thursday,0,0,2025-12-03 05:22:02.999636,2026-06-17 05:22:02.992832,70,51,6,Regular,False,False,True,False,False,False,False,False,51,6,362.19
181.0,CUST_00181,2025-11-01 05:22:02.992276,242.62,3.0,home  garden,Wallet,True,transactions,,,,,,,,,803.96,Q4,1,2025,11,4,Saturday,1,1,2025-10-25 05:22:03.001204,2026-02-08 05:22:03.000135,6,180,4,Occasional,False,False,False,False,False,True,False,False,180,4,803.96
182.0,CUST_00246,2025-09-18 05:22:02.992282,69.6,2.0,home  garden,Wallet,False,transactions,,,,,,,,,298.88,Q2,0,2025,9,3,Thursday,0,0,2025-09-05 05:22:03.001004,2026-01-14 05:22:02.991916,12,205,4,Occasional,False,False,False,False,False,True,False,False,205,4,298.88
183.0,CUST_00104,2026-07-16 05:22:02.992287,98.38,2.0,electronics,PayPal,False,transactions,,,,,,,,,330.49,Q3,0,2026,7,3,Thursday,0,0,2025-11-13 05:22:02.994902,2026-07-16 05:22:02.992287,244,22,6,Regular,False,False,False,True,False,False,False,False,22,6,330.49
184.0,CUST_00418,2025-11-02 05:22:02.992292,210.52,4.0,,Debit Card,False,transactions,,,,,,,,,994.5699999999999,Q4,1,2025,11,4,Sunday,1,1,2025-09-27 05:22:02.998165,2026-07-23 05:22:02.995698,35,15,7,Regular,False,False,False,False,False,False,False,False,15,7,994.5699999999999
185.0,CUST_00442,2026-07-14 05:22:02.992298,125.03,3.0,books,PayPal,False,transactions,,,,,,,,,761.14,Q3,0,2026,7,3,Tuesday,0,0,2026-01-24 05:22:03.001051,2026-07-17 05:22:02.992046,170,21,7,Regular,False,True,False,False,False,False,False,False,21,7,761.14
186.0,CUST_00205,2025-12-25 05:22:02.992303,48.14,4.0,beauty,Wallet,False,transactions,,,,,,,,,201.07999999999998,Q1,0,2025,12,4,Thursday,0,1,2025-10-20 05:22:02.995553,2025-12-25 05:22:02.992303,65,225,3,Occasional,True,False,False,False,False,False,False,False,225,3,201.07999999999998
187.0,CUST_00189,2025-11-15 05:22:02.992311,32.68,3.0,clothing,Credit Card,False,transactions,,,,,,,,,295.54999999999995,Q1,0,2025,11,4,Saturday,1,1,2025-11-15 05:22:02.992311,2026-02-03 05:22:03.002012,0,184,3,Occasional,False,False,True,False,False,False,False,False,184,3,295.54999999999995
188.0,CUST_00422,2026-05-07 05:22:02.992316,65.56,5.0,books,Credit Card,False,transactions,,,,,,,,,1100.56,Q2,0,2026,5,2,Thursday,0,0,2025-09-09 05:22:02.994639,2026-05-25 05:22:02.994987,239,74,10,Regular,False,True,False,False,False,False,False,False,74,10,1100.56
189.0,CUST_00152,2026-03-04 05:22:02.992322,140.32,4.0,groceries,Wallet,False,transactions,,,,,,,,,940.64,Q4,1,2026,3,1,Wednesday,0,0,2025-09-11 05:22:02.993442,2026-06-16 05:22:02.999768,173,52,9,Regular,False,False,False,False,True,False,False,False,52,9,940.64
190.0,CUST_00022,2026-02-08 05:22:02.992327,252.97,5.0,groceries,Credit Card,False,transactions,,,,,,,,,548.63,Q4,1,2026,2,1,Sunday,1,0,2025-10-14 05:22:02.995349,2026-03-06 05:22:02.996903,116,154,4,Occasional,False,False,False,False,True,False,False,False,154,4,548.63
191.0,CUST_00327,2026-01-12 05:22:02.992332,205.77,3.0,home  garden,Debit Card,True,transactions,,,,,,,,,703.51,Q4,1,2026,1,1,Monday,0,0,2025-10-07 05:22:02.993447,2026-04-21 05:22:02.995945,96,108,8,Regular,False,False,False,False,False,True,False,False,108,8,703.51
192.0,CUST_00348,2025-12-26 05:22:02.992338,55.66,1.0,home  garden,PayPal,False,transactions,,,,,,,,,395.57,Q1,0,2025,12,4,Friday,0,1,2025-10-10 05:22:02.993166,2026-07-27 05:22:02.998243,76,11,6,Regular,False,False,False,False,False,True,False,False,11,6,395.57
193.0,CUST_00487,2025-10-21 05:22:02.992343,84.5,1.0,home  garden,PayPal,False,transactions,,,,,,,,,367.36,Q2,0,2025,10,4,Tuesday,0,0,2025-10-21 05:22:02.992343,2026-07-31 05:22:02.994230,0,7,5,Occasional,False,False,False,False,False,True,False,False,7,5,367.36
194.0,CUST_00391,2026-06-29 05:22:02.992348,246.46,5.0,home  garden,Wallet,False,transactions,,,,,,,,,304.55,Q4,1,2026,6,2,Monday,0,0,2026-05-10 05:22:02.991566,2026-06-29 05:22:02.992348,50,39,2,Occasional,False,False,False,False,False,True,False,False,39,2,304.55
195.0,CUST_00143,2026-04-02 05:22:02.992353,25.85,1.0,electronics,Wallet,False,transactions,,,,,,,,,560.87,Q1,0,2026,4,2,Thursday,0,0,2025-10-20 05:22:02.998176,2026-07-13 05:22:03.002974,163,24,5,Occasional,False,False,False,True,False,False,False,False,24,5,560.87
196.0,CUST_00468,2025-10-24 05:22:02.992359,111.87,1.0,books,Wallet,False,transactions,,,,,,,,,462.56000000000006,Q3,0,2025,10,4,Friday,0,0,2025-09-06 05:22:02.993578,2026-07-29 05:22:02.998081,47,9,5,Occasional,False,True,False,False,False,False,False,False,9,5,462.56000000000006
197.0,CUST_00314,2026-03-14 05:22:02.992364,55.24,4.0,sports,Credit Card,False,transactions,,,,,,,,,166.45,Q1,0,2026,3,1,Saturday,1,0,2025-09-30 05:22:02.993488,2026-03-14 05:22:02.992364,164,146,2,Occasional,False,False,False,False,False,False,True,False,146,2,166.45
198.0,CUST_00461,2025-12-23 05:22:02.992369,260.53,1.0,beauty,Credit Card,False,transactions,,,,,,,,,620.4,Q4,1,2025,12,4,Tuesday,0,1,2025-11-12 05:22:02.995722,2026-01-17 05:22:02.998006,40,202,3,Occasional,True,False,False,False,False,False,False,False,202,3,620.4
199.0,CUST_00149,2026-03-07 05:22:02.992375,237.2,2.0,home  garden,Debit Card,False,transactions,,,,,,,,,389.19,Q4,1,2026,3,1,Saturday,1,0,2026-03-07 05:22:02.992375,2026-06-24 05:22:02.999125,0,44,4,Occasional,False,False,False,False,False,True,False,False,44,4,389.19
200.0,CUST_00103,2026-05-28 05:22:02.992380,124.54,2.0,,PayPal,False,transactions,,,,,,,,,908.8100000000001,Q3,0,2026,5,2,Thursday,0,0,2026-03-26 05:22:02.994312,2026-06-22 05:22:02.998768,62,46,6,Regular,False,False,False,False,False,False,False,False,46,6,908.8100000000001
201.0,CUST_00283,2026-06-02 05:22:02.992386,75.46,5.0,clothing,Wallet,True,transactions,,,,,,,,,432.96999999999997,Q2,0,2026,6,2,Tuesday,0,0,2025-09-08 05:22:03.000290,2026-06-02 05:22:02.992386,266,66,5,Occasional,False,False,True,False,False,False,False,False,66,5,432.96999999999997
203.0,CUST_00163,2025-09-13 05:22:02.992396,60.76,1.0,toys,PayPal,False,transactions,,,,,,,,,821.9399999999999,Q2,0,2025,9,3,Saturday,1,0,2025-08-09 05:22:02.997491,2026-06-10 05:22:03.000108,34,58,9,Regular,False,False,False,False,False,False,False,True,58,9,821.9399999999999
204.0,CUST_00425,2025-10-29 05:22:02.992402,137.32,5.0,home  garden,Debit Card,False,transactions,,,,,,,,,455.53999999999996,Q3,0,2025,10,4,Wednesday,0,0,2025-09-09 05:22:03.000740,2026-02-13 05:22:02.999521,49,175,4,Occasional,False,False,False,False,False,True,False,False,175,4,455.53999999999996
205.0,CUST_00467,2026-07-10 05:22:02.992407,100.99,1.0,home  garden,Debit Card,False,transactions,,,,,,,,,320.31,Q3,0,2026,7,3,Friday,0,0,2025-09-04 05:22:02.998686,2026-07-10 05:22:02.992407,308,28,4,Occasional,False,False,False,False,False,True,False,False,28,4,320.31
206.0,CUST_00364,2026-04-14 05:22:02.992412,220.85,3.0,books,PayPal,False,transactions,,,,,,,,,437.51,Q4,1,2026,4,2,Tuesday,0,0,2025-11-21 05:22:02.994037,2026-04-14 05:22:02.992412,143,115,3,Occasional,False,True,False,False,False,False,False,False,115,3,437.51
207.0,CUST_00490,2025-10-29 05:22:02.992420,26.72,3.0,home  garden,Credit Card,False,transactions,,,,,,,,,380.08,Q1,0,2025,10,4,Wednesday,0,0,2025-10-29 05:22:02.992420,2026-05-05 05:22:02.994623,0,94,4,Occasional,False,False,False,False,False,True,False,False,94,4,380.08
208.0,CUST_00087,2025-10-08 05:22:02.992425,147.83,5.0,home  garden,PayPal,True,transactions,,,,,,,,,385.53000000000003,Q4,1,2025,10,4,Wednesday,0,0,2025-08-09 05:22:03.003041,2026-04-04 05:22:02.998092,59,125,5,Occasional,False,False,False,False,False,True,False,False,125,5,385.53000000000003
209.0,CUST_00289,2026-07-17 05:22:02.992431,172.97,1.0,,PayPal,False,transactions,,,,,,,,,558.95,Q4,1,2026,7,3,Friday,0,0,2025-09-15 05:22:02.994880,2026-07-17 05:22:02.992431,304,21,4,Occasional,False,False,False,False,False,False,False,False,21,4,558.95
210.0,CUST_00393,2025-10-19 05:22:02.992436,243.1,4.0,electronics,PayPal,False,transactions,,,,,,,,,1145.53,Q4,1,2025,10,4,Sunday,1,0,2025-08-22 05:22:03.002710,2026-06-10 05:22:02.999544,57,58,10,Regular,False,False,False,True,False,False,False,False,58,10,1145.53
211.0,CUST_00155,2025-12-03 05:22:02.992441,74.25,2.0,groceries,Credit Card,False,transactions,,,,,,,,,504.53,Q2,0,2025,12,4,Wednesday,0,1,2025-08-31 05:22:02.997015,2026-03-23 05:22:02.993076,93,137,7,Regular,False,False,False,False,True,False,False,False,137,7,504.53
212.0,CUST_00081,2025-12-25 05:22:02.992447,67.48,4.0,toys,PayPal,False,transactions,,,,,,,,,583.34,Q2,0,2025,12,4,Thursday,0,1,2025-12-25 05:22:02.992447,2026-03-20 05:22:02.996051,0,140,4,Occasional,False,False,False,False,False,False,False,True,140,4,583.34
213.0,CUST_00161,2026-02-25 05:22:02.992455,59.2,3.0,groceries,PayPal,False,transactions,,,,,,,,,787.8,Q2,0,2026,2,1,Wednesday,0,0,2025-09-23 05:22:03.003130,2026-05-11 05:22:02.992605,154,88,6,Regular,False,False,False,False,True,False,False,False,88,6,787.8
214.0,CUST_00055,2026-02-25 05:22:02.992463,63.27,2.0,toys,Wallet,False,transactions,,,,,,,,,96.36000000000001,Q2,0,2026,2,1,Wednesday,0,0,2025-11-03 05:22:02.999751,2026-02-25 05:22:02.992463,113,163,2,Occasional,False,False,False,False,False,False,False,True,163,2,96.36000000000001
215.0,CUST_00050,2026-07-13 05:22:02.992468,260.39,3.0,groceries,Wallet,False,transactions,,,,,,,,,537.5,Q4,1,2026,7,3,Monday,0,0,2025-11-12 05:22:02.992969,2026-07-13 05:22:02.992468,242,25,4,Occasional,False,False,False,False,True,False,False,False,25,4,537.5
216.0,CUST_00444,2026-05-18 05:22:02.992473,153.75,3.0,beauty,Debit Card,False,transactions,,,,,,,,,463.45,Q4,1,2026,5,2,Monday,0,0,2026-01-15 05:22:02.997618,2026-05-18 05:22:02.992473,122,81,3,Occasional,True,False,False,False,False,False,False,False,81,3,463.45
217.0,CUST_00264,2025-12-11 05:22:02.992478,28.11,4.0,books,Credit Card,True,transactions,,,,,,,,,251.14999999999998,Q1,0,2025,12,4,Thursday,0,1,2025-08-22 05:22:02.999400,2026-06-02 05:22:03.002869,110,65,4,Occasional,False,True,False,False,False,False,False,False,65,4,251.14999999999998
218.0,CUST_00259,2025-12-16 05:22:02.992484,130.24,2.0,sports,Credit Card,False,transactions,,,,,,,,,253.84,Q3,0,2025,12,4,Tuesday,0,1,2025-12-16 05:22:02.992484,2026-05-31 05:22:02.993641,0,68,2,Occasional,False,False,False,False,False,False,True,False,68,2,253.84
219.0,CUST_00254,2025-10-06 05:22:02.992489,41.74,4.0,books,Credit Card,False,transactions,,,,,,,,,449.11,Q1,0,2025,10,4,Monday,0,0,2025-10-06 05:22:02.992489,2026-06-07 05:22:03.003270,0,60,4,Occasional,False,True,False,False,False,False,False,False,60,4,449.11
220.0,CUST_00452,2026-03-25 05:22:02.992494,99.4,3.0,groceries,Wallet,False,transactions,,,,,,,,,560.9300000000001,Q3,0,2026,3,1,Wednesday,0,0,2025-09-24 05:22:03.000542,2026-06-29 05:22:03.000581,181,39,5,Occasional,False,False,False,False,True,False,False,False,39,5,560.9300000000001
221.0,CUST_00288,2026-04-30 05:22:02.992500,97.52,3.0,books,Wallet,True,transactions,,,,,,,,,798.88,Q3,0,2026,4,2,Thursday,0,0,2025-10-06 05:22:03.000097,2026-08-03 05:22:03.000029,205,4,7,Regular,False,True,False,False,False,False,False,False,4,7,798.88
222.0,CUST_00144,2025-09-22 05:22:02.992538,101.36,5.0,clothing,Credit Card,False,transactions,,,,,,,,,208.0,Q3,0,2025,9,3,Monday,0,0,2025-09-22 05:22:02.992538,2026-05-08 05:22:03.001708,0,91,3,Occasional,False,False,True,False,False,False,False,False,91,3,208.0
223.0,CUST_00407,2026-02-15 05:22:02.992547,54.93,5.0,beauty,Debit Card,False,transactions,,,,,,,,,377.78,Q1,0,2026,2,1,Sunday,1,0,2025-08-25 05:22:02.996157,2026-06-27 05:22:02.999074,173,41,5,Occasional,True,False,False,False,False,False,False,False,41,5,377.78
224.0,CUST_00206,2025-11-24 05:22:02.992553,128.63,1.0,,PayPal,True,transactions,,,,,,,,,1233.1399999999999,Q3,0,2025,11,4,Monday,0,1,2025-09-25 05:22:02.999905,2026-06-26 05:22:02.993468,59,42,8,Regular,False,False,False,False,False,False,False,False,42,8,1233.1399999999999
225.0,CUST_00266,2025-12-17 05:22:02.992559,156.86,2.0,home  garden,PayPal,False,transactions,,,,,,,,,794.69,Q4,1,2025,12,4,Wednesday,0,1,2025-10-04 05:22:03.000188,2026-04-22 05:22:03.001453,73,107,6,Regular,False,False,False,False,False,True,False,False,107,6,794.69
226.0,CUST_00316,2026-03-07 05:22:02.992567,36.82,5.0,beauty,Wallet,True,transactions,,,,,,,,,749.88,Q1,0,2026,3,1,Saturday,1,0,2025-08-21 05:22:02.993420,2026-06-05 05:22:03.000782,197,63,8,Regular,True,False,False,False,False,False,False,False,63,8,749.88
227.0,CUST_00154,2025-12-07 05:22:02.992573,105.77,1.0,beauty,Credit Card,True,transactions,,,,,,,,,632.98,Q3,0,2025,12,4,Sunday,1,1,2025-09-14 05:22:02.991724,2026-03-25 05:22:03.002540,84,134,6,Regular,True,False,False,False,False,False,False,False,134,6,632.98
228.0,CUST_00299,2026-03-03 05:22:02.992579,104.57,1.0,toys,Debit Card,True,transactions,,,,,,,,,443.6,Q3,0,2026,3,1,Tuesday,0,0,2025-09-02 05:22:02.992145,2026-08-03 05:22:02.996164,182,4,4,Occasional,False,False,False,False,False,False,False,True,4,4,443.6
229.0,CUST_00299,2025-12-05 05:22:02.992584,139.93,2.0,groceries,Debit Card,False,transactions,,,,,,,,,443.6,Q3,0,2025,12,4,Friday,0,1,2025-09-02 05:22:02.992145,2026-08-03 05:22:02.996164,94,4,4,Occasional,False,False,False,False,True,False,False,False,4,4,443.6
230.0,CUST_00486,2025-08-14 05:22:02.992589,102.77,1.0,,PayPal,False,transactions,,,,,,,,,536.38,Q3,0,2025,8,3,Thursday,0,0,2025-08-14 05:22:02.992589,2026-04-15 05:22:02.996091,0,114,6,Regular,False,False,False,False,False,False,False,False,114,6,536.38
231.0,CUST_00212,2025-08-19 05:22:02.992595,21.86,2.0,groceries,Wallet,True,transactions,,,,,,,,,242.87,Q1,0,2025,8,3,Tuesday,0,0,2025-08-19 05:22:02.992595,2026-02-08 05:22:02.995056,0,180,3,Occasional,False,False,False,False,True,False,False,False,180,3,242.87
232.0,CUST_00377,2026-07-07 05:22:02.992600,170.27,2.0,sports,Wallet,False,transactions,,,,,,,,,1291.2,Q4,1,2026,7,3,Tuesday,0,0,2025-11-12 05:22:02.995617,2026-07-07 05:22:02.992600,236,31,9,Regular,False,False,False,False,False,False,True,False,31,9,1291.2
233.0,CUST_00161,2026-05-11 05:22:02.992605,156.61,4.0,beauty,PayPal,False,transactions,,,,,,,,,787.8,Q4,1,2026,5,2,Monday,0,0,2025-09-23 05:22:03.003130,2026-05-11 05:22:02.992605,229,88,6,Regular,True,False,False,False,False,False,False,False,88,6,787.8
234.0,CUST_00099,2026-04-03 05:22:02.992614,70.18,3.0,books,PayPal,True,transactions,,,,,,,,,403.45,Q2,0,2026,4,2,Friday,0,0,2025-08-24 05:22:02.998773,2026-04-03 05:22:02.992614,221,126,6,Regular,False,True,False,False,False,False,False,False,126,6,403.45
235.0,CUST_00361,2026-04-23 05:22:02.992619,77.54,4.0,beauty,PayPal,False,transactions,,,,,,,,,350.48,Q2,0,2026,4,2,Thursday,0,0,2025-09-17 05:22:02.996689,2026-04-28 05:22:02.994047,217,101,5,Occasional,True,False,False,False,False,False,False,False,101,5,350.48
236.0,CUST_00294,2025-08-26 05:22:02.992625,64.67,5.0,groceries,Wallet,True,transactions,,,,,,,,,553.54,Q2,0,2025,8,3,Tuesday,0,0,2025-08-26 05:22:02.992625,2026-08-05 05:22:02.997909,0,2,6,Regular,False,False,False,False,True,False,False,False,2,6,553.54
237.0,CUST_00489,2026-05-25 05:22:02.992630,166.12,3.0,electronics,Credit Card,False,transactions,,,,,,,,,394.88,Q4,1,2026,5,2,Monday,0,0,2025-12-26 05:22:02.995782,2026-07-01 05:22:02.993457,149,37,3,Occasional,False,False,False,True,False,False,False,False,37,3,394.88
238.0,CUST_00227,2025-09-06 05:22:02.992635,84.69,3.0,toys,PayPal,True,transactions,,,,,,,,,785.0,Q2,0,2025,9,3,Saturday,1,0,2025-08-27 05:22:02.991067,2026-05-25 05:22:02.997848,10,74,7,Regular,False,False,False,False,False,False,False,True,74,7,785.0
239.0,CUST_00357,2026-03-21 05:22:02.992641,74.36,2.0,clothing,Debit Card,False,transactions,,,,,,,,,770.7,Q2,0,2026,3,1,Saturday,1,0,2025-09-11 05:22:02.999315,2026-07-08 05:22:02.994366,190,30,8,Regular,False,False,True,False,False,False,False,False,30,8,770.7
240.0,CUST_00343,2025-11-09 05:22:02.992646,170.74,2.0,sports,Wallet,False,transactions,,,,,,,,,1101.07,Q4,1,2025,11,4,Sunday,1,1,2025-11-09 05:22:02.992646,2026-07-29 05:22:02.995660,0,9,9,Regular,False,False,False,False,False,False,True,False,9,9,1101.07
241.0,CUST_00242,2026-06-17 05:22:02.992651,187.4,2.0,electronics,Debit Card,False,transactions,,,,,,,,,1064.32,Q4,1,2026,6,2,Wednesday,0,0,2025-08-22 05:22:03.002307,2026-07-28 05:22:02.997730,298,10,10,Regular,False,False,False,True,False,False,False,False,10,10,1064.32
242.0,CUST_00479,2025-12-07 05:22:02.992656,30.1,4.0,sports,PayPal,False,transactions,,,,,,,,,589.47,Q1,0,2025,12,4,Sunday,1,1,2025-12-07 05:22:02.992656,2026-05-19 05:22:02.994400,0,80,4,Occasional,False,False,False,False,False,False,True,False,80,4,589.47
243.0,CUST_00331,2026-07-08 05:22:02.992661,163.52,1.0,sports,Credit Card,True,transactions,,,,,,,,,922.5600000000001,Q4,1,2026,7,3,Wednesday,0,0,2025-08-17 05:22:02.999884,2026-07-28 05:22:02.996765,324,10,8,Regular,False,False,False,False,False,False,True,False,10,8,922.5600000000001
244.0,CUST_00090,2026-01-06 05:22:02.992667,17.25,2.0,electronics,Wallet,True,transactions,,,,,,,,,544.84,Q1,0,2026,1,1,Tuesday,0,0,2025-09-06 05:22:03.000824,2026-07-23 05:22:02.993689,121,15,6,Regular,False,False,False,True,False,False,False,False,15,6,544.84
245.0,CUST_00096,2026-03-12 05:22:02.992672,75.26,1.0,electronics,Credit Card,True,transactions,,,,,,,,,171.8,Q2,0,2026,3,1,Thursday,0,0,2026-02-27 05:22:02.993242,2026-03-12 05:22:02.992672,12,148,2,Occasional,False,False,False,True,False,False,False,False,148,2,171.8
246.0,CUST_00172,2026-03-15 05:22:02.992680,91.11,4.0,toys,Debit Card,True,transactions,,,,,,,,,614.76,Q2,0,2026,3,1,Sunday,1,0,2025-12-13 05:22:03.002290,2026-07-10 05:22:02.996700,91,28,5,Occasional,False,False,False,False,False,False,False,True,28,5,614.76
247.0,CUST_00240,2026-03-21 05:22:02.992685,205.04,2.0,clothing,Wallet,False,transactions,,,,,,,,,1090.39,Q4,1,2026,3,1,Saturday,1,0,2025-09-03 05:22:02.996364,2026-03-21 05:22:02.992685,198,139,9,Regular,False,False,True,False,False,False,False,False,139,9,1090.39
248.0,CUST_00368,2026-05-04 05:22:02.992691,146.97,1.0,beauty,Debit Card,False,transactions,,,,,,,,,237.68,Q4,1,2026,5,2,Monday,0,0,2026-01-10 05:22:02.994456,2026-05-04 05:22:02.992691,113,95,2,Occasional,True,False,False,False,False,False,False,False,95,2,237.68
249.0,CUST_00439,2025-09-14 05:22:02.992696,26.17,4.0,groceries,Credit Card,False,transactions,,,,,,,,,289.96,Q1,0,2025,9,3,Sunday,1,0,2025-08-14 05:22:02.999079,2025-12-10 05:22:03.000167,30,240,5,Occasional,False,False,False,False,True,False,False,False,240,5,289.96
250.0,CUST_00049,2026-05-05 05:22:02.992702,104.86,2.0,toys,Debit Card,False,transactions,,,,,,,,,477.57,Q3,0,2026,5,2,Tuesday,0,0,2025-10-04 05:22:02.998817,2026-05-05 05:22:02.992702,212,94,4,Occasional,False,False,False,False,False,False,False,True,94,4,477.57
251.0,CUST_00197,2026-04-09 05:22:02.992707,248.31,4.0,books,PayPal,False,transactions,,,,,,,,,587.45,Q4,1,2026,4,2,Thursday,0,0,2025-08-21 05:22:03.002043,2026-06-24 05:22:02.999609,230,44,4,Occasional,False,True,False,False,False,False,False,False,44,4,587.45
252.0,CUST_00294,2026-08-02 05:22:02.992712,116.13,3.0,beauty,Credit Card,False,transactions,,,,,,,,,553.54,Q3,0,2026,8,3,Sunday,1,0,2025-08-26 05:22:02.992625,2026-08-05 05:22:02.997909,341,2,6,Regular,True,False,False,False,False,False,False,False,2,6,553.54
253.0,CUST_00239,2026-03-03 05:22:02.992717,77.06,2.0,groceries,PayPal,False,transactions,,,,,,,,,288.34000000000003,Q2,0,2026,3,1,Tuesday,0,0,2025-09-25 05:22:02.996705,2026-03-03 05:22:02.992717,158,157,3,Occasional,False,False,False,False,True,False,False,False,157,3,288.34000000000003
254.0,CUST_00328,2026-03-09 05:22:02.992723,204.2,3.0,sports,Debit Card,False,transactions,,,,,,,,,658.91,Q4,1,2026,3,1,Monday,0,0,2025-11-07 05:22:02.995246,2026-07-07 05:22:02.995446,121,31,4,Occasional,False,False,False,False,False,False,True,False,31,4,658.91
255.0,CUST_00233,2025-10-01 05:22:02.992728,101.96,3.0,groceries,Wallet,True,transactions,,,,,,,,,287.99,Q3,0,2025,10,4,Wednesday,0,0,2025-10-01 05:22:02.992728,2026-07-02 05:22:02.991491,0,36,4,Occasional,False,False,False,False,True,False,False,False,36,4,287.99
256.0,CUST_00411,2025-09-01 05:22:02.992733,120.35,2.0,sports,Credit Card,False,transactions,,,,,,,,,672.35,Q3,0,2025,9,3,Monday,0,0,2025-09-01 05:22:02.992733,2026-04-22 05:22:03.002817,0,106,8,Regular,False,False,False,False,False,False,True,False,106,8,672.35
257.0,CUST_00271,2025-08-12 05:22:02.992739,31.76,3.0,clothing,Credit Card,False,transactions,,,,,,,,,248.17,Q1,0,2025,8,3,Tuesday,0,0,2025-08-12 05:22:02.992739,2026-02-26 05:22:02.998038,0,162,2,Occasional,False,False,True,False,False,False,False,False,162,2,248.17
258.0,CUST_00281,2025-11-22 05:22:02.992744,87.34,2.0,home  garden,Wallet,False,transactions,,,,,,,,,344.19,Q2,0,2025,11,4,Saturday,1,1,2025-11-22 05:22:02.992744,2026-02-28 05:22:02.994499,0,160,3,Occasional,False,False,False,False,False,True,False,False,160,3,344.19
260.0,CUST_00233,2026-06-01 05:22:02.992756,112.6,5.0,groceries,Credit Card,False,transactions,,,,,,,,,287.99,Q3,0,2026,6,2,Monday,0,0,2025-10-01 05:22:02.992728,2026-07-02 05:22:02.991491,243,36,4,Occasional,False,False,False,False,True,False,False,False,36,4,287.99
261.0,CUST_00345,2026-03-03 05:22:02.992761,50.46,1.0,groceries,Credit Card,True,transactions,,,,,,,,,161.38,Q1,0,2026,3,1,Tuesday,0,0,2025-08-09 05:22:03.003086,2026-03-03 05:22:02.992761,205,157,3,Occasional,False,False,False,False,True,False,False,False,157,3,161.38
262.0,CUST_00297,2026-07-01 05:22:02.992766,104.34,1.0,groceries,Credit Card,False,transactions,,,,,,,,,533.72,Q3,0,2026,7,3,Wednesday,0,0,2026-01-12 05:22:02.994791,2026-07-31 05:22:02.997031,169,7,4,Occasional,False,False,False,False,True,False,False,False,7,4,533.72
263.0,CUST_00031,2026-07-03 05:22:02.992771,41.98,4.0,electronics,Debit Card,True,transactions,,,,,,,,,365.79999999999995,Q1,0,2026,7,3,Friday,0,0,2025-11-18 05:22:03.002689,2026-07-03 05:22:02.992771,226,35,5,Occasional,False,False,False,True,False,False,False,False,35,5,365.79999999999995
264.0,CUST_00393,2025-09-13 05:22:02.992777,97.48,4.0,beauty,Wallet,False,transactions,,,,,,,,,1145.53,Q3,0,2025,9,3,Saturday,1,0,2025-08-22 05:22:03.002710,2026-06-10 05:22:02.999544,21,58,10,Regular,True,False,False,False,False,False,False,False,58,10,1145.53
265.0,CUST_00470,2026-01-26 05:22:02.992785,61.16,4.0,clothing,Debit Card,False,transactions,,,,,,,,,560.4200000000001,Q2,0,2026,1,1,Monday,0,0,2025-09-01 05:22:02.996096,2026-05-30 05:22:02.998720,146,69,5,Occasional,False,False,True,False,False,False,False,False,69,5,560.4200000000001
266.0,CUST_00179,2026-06-08 05:22:02.992791,47.86,2.0,groceries,Debit Card,True,transactions,,,,,,,,,788.22,Q1,0,2026,6,2,Monday,0,0,2026-02-04 05:22:02.999847,2026-07-25 05:22:03.001062,123,13,7,Regular,False,False,False,False,True,False,False,False,13,7,788.22
267.0,CUST_00388,2026-07-27 05:22:02.992815,84.39,3.0,toys,Wallet,False,transactions,,,,,,,,,265.46999999999997,Q2,0,2026,7,3,Monday,0,0,2025-09-16 05:22:02.997893,2026-07-27 05:22:02.992815,313,11,3,Occasional,False,False,False,False,False,False,False,True,11,3,265.46999999999997
268.0,CUST_00422,2026-04-12 05:22:02.992821,156.02,2.0,toys,PayPal,False,transactions,,,,,,,,,1100.56,Q4,1,2026,4,2,Sunday,1,0,2025-09-09 05:22:02.994639,2026-05-25 05:22:02.994987,214,74,10,Regular,False,False,False,False,False,False,False,True,74,10,1100.56
269.0,CUST_00449,2026-06-11 05:22:02.992826,128.07,1.0,groceries,Credit Card,False,transactions,,,,,,,,,618.48,Q3,0,2026,6,2,Thursday,0,0,2025-11-11 05:22:03.000633,2026-06-17 05:22:02.997372,211,51,6,Regular,False,False,False,False,True,False,False,False,51,6,618.48
270.0,CUST_00035,2026-06-17 05:22:02.992832,15.83,5.0,electronics,Credit Card,False,transactions,,,,,,,,,362.19,Q1,0,2026,6,2,Wednesday,0,0,2025-12-03 05:22:02.999636,2026-06-17 05:22:02.992832,195,51,6,Regular,False,False,False,True,False,False,False,False,51,6,362.19
271.0,CUST_00023,2026-01-14 05:22:02.992837,110.35,4.0,sports,Credit Card,False,transactions,,,,,,,,,310.36,Q3,0,2026,1,1,Wednesday,0,0,2025-09-06 05:22:02.997602,2026-06-03 05:22:02.994868,129,65,5,Occasional,False,False,False,False,False,False,True,False,65,5,310.36
273.0,CUST_00449,2026-05-26 05:22:02.992849,41.95,5.0,sports,PayPal,False,transactions,,,,,,,,,618.48,Q1,0,2026,5,2,Tuesday,0,0,2025-11-11 05:22:03.000633,2026-06-17 05:22:02.997372,195,51,6,Regular,False,False,False,False,False,False,True,False,51,6,618.48
274.0,CUST_00486,2025-10-09 05:22:02.992854,128.12,2.0,groceries,Credit Card,True,transactions,,,,,,,,,536.38,Q3,0,2025,10,4,Thursday,0,0,2025-08-14 05:22:02.992589,2026-04-15 05:22:02.996091,56,114,6,Regular,False,False,False,False,True,False,False,False,114,6,536.38
275.0,CUST_00483,2025-09-12 05:22:02.992859,115.5,4.0,beauty,Wallet,False,transactions,,,,,,,,,137.2,Q3,0,2025,9,3,Friday,0,0,2025-09-12 05:22:02.992859,2026-06-04 05:22:03.000114,0,64,2,Occasional,True,False,False,False,False,False,False,False,64,2,137.2
276.0,CUST_00193,2026-05-05 05:22:02.992865,233.7,5.0,toys,Debit Card,False,transactions,,,,,,,,,892.0699999999999,Q4,1,2026,5,2,Tuesday,0,0,2025-12-27 05:22:03.000708,2026-06-17 05:22:02.993864,128,51,6,Regular,False,False,False,False,False,False,False,True,51,6,892.0699999999999
277.0,CUST_00363,2026-05-26 05:22:02.992870,146.52,4.0,electronics,Wallet,False,transactions,,,,,,,,,707.75,Q4,1,2026,5,2,Tuesday,0,0,2025-12-02 05:22:03.003136,2026-06-25 05:22:02.992150,174,43,6,Regular,False,False,False,True,False,False,False,False,43,6,707.75
278.0,CUST_00069,2026-01-21 05:22:02.992876,126.49,2.0,books,Credit Card,True,transactions,,,,,,,,,199.45,Q3,0,2026,1,1,Wednesday,0,0,2025-09-19 05:22:02.995149,2026-01-21 05:22:02.992876,123,198,2,Occasional,False,True,False,False,False,False,False,False,198,2,199.45
279.0,CUST_00434,2026-01-30 05:22:02.992881,61.79,1.0,sports,Wallet,False,transactions,,,,,,,,,468.0,Q2,0,2026,1,1,Friday,0,0,2025-10-02 05:22:02.995754,2026-05-08 05:22:03.001107,119,91,5,Occasional,False,False,False,False,False,False,True,False,91,5,468.0
280.0,CUST_00309,2026-07-18 05:22:02.992886,124.46,1.0,sports,Debit Card,False,transactions,,,,,,,,,937.38,Q3,0,2026,7,3,Saturday,1,0,2026-01-24 05:22:02.997613,2026-07-18 05:22:02.992886,174,20,5,Occasional,False,False,False,False,False,False,True,False,20,5,937.38
281.0,CUST_00446,2026-02-18 05:22:02.992892,130.18,3.0,electronics,Debit Card,True,transactions,,,,,,,,,630.79,Q3,0,2026,2,1,Wednesday,0,0,2025-08-09 05:22:02.999471,2026-08-03 05:22:03.001902,192,3,6,Regular,False,False,False,True,False,False,False,False,3,6,630.79
282.0,CUST_00061,2025-12-05 05:22:02.992897,72.16,2.0,sports,Debit Card,False,transactions,,,,,,,,,514.39,Q2,0,2025,12,4,Friday,0,1,2025-09-10 05:22:02.991621,2026-07-23 05:22:02.993536,86,15,5,Occasional,False,False,False,False,False,False,True,False,15,5,514.39
283.0,CUST_00398,2026-03-16 05:22:02.992903,62.75,4.0,toys,PayPal,False,transactions,,,,,,,,,415.83000000000004,Q2,0,2026,3,1,Monday,0,0,2026-03-16 05:22:02.992903,2026-05-10 05:22:02.995112,0,89,3,Occasional,False,False,False,False,False,False,False,True,89,3,415.83000000000004
284.0,CUST_00185,2025-11-18 05:22:02.992908,46.27,4.0,toys,Wallet,True,transactions,,,,,,,,,556.77,Q1,0,2025,11,4,Tuesday,0,1,2025-09-22 05:22:02.999980,2026-05-08 05:22:02.991281,56,91,5,Occasional,False,False,False,False,False,False,False,True,91,5,556.77
285.0,CUST_00164,2026-04-25 05:22:02.992913,33.69,3.0,beauty,Debit Card,True,transactions,,,,,,,,,315.41999999999996,Q1,0,2026,4,2,Saturday,1,0,2026-02-11 05:22:03.002165,2026-04-28 05:22:03.000357,72,101,4,Occasional,True,False,False,False,False,False,False,False,101,4,315.41999999999996
286.0,CUST_00009,2026-03-27 05:22:02.992921,151.97,5.0,groceries,Debit Card,False,transactions,,,,,,,,,663.55,Q4,1,2026,3,1,Friday,0,0,2025-12-01 05:22:02.996540,2026-08-04 05:22:03.002788,115,2,6,Regular,False,False,False,False,True,False,False,False,2,6,663.55
287.0,CUST_00195,2025-10-20 05:22:02.992926,68.3,2.0,toys,PayPal,False,transactions,,,,,,,,,269.06,Q2,0,2025,10,4,Monday,0,0,2025-10-20 05:22:02.992926,2026-01-26 05:22:02.992985,0,193,3,Occasional,False,False,False,False,False,False,False,True,193,3,269.06
288.0,CUST_00421,2025-11-30 05:22:02.992932,56.22,4.0,toys,PayPal,False,transactions,,,,,,,,,688.19,Q1,0,2025,11,4,Sunday,1,1,2025-09-11 05:22:03.000172,2026-05-06 05:22:02.994891,79,93,4,Occasional,False,False,False,False,False,False,False,True,93,4,688.19
289.0,CUST_00369,2025-11-01 05:22:02.992937,21.56,4.0,home  garden,Credit Card,False,transactions,,,,,,,,,21.56,Q1,0,2025,11,4,Saturday,1,1,2025-11-01 05:22:02.992937,2025-11-01 05:22:02.992937,0,279,1,One-time,False,False,False,False,False,True,False,False,279,1,21.56
290.0,CUST_00430,2026-06-30 05:22:02.992943,19.82,1.0,electronics,Debit Card,False,transactions,,,,,,,,,350.29999999999995,Q1,0,2026,6,2,Tuesday,0,0,2025-10-03 05:22:02.995889,2026-06-30 05:22:02.992943,269,38,4,Occasional,False,False,False,True,False,False,False,False,38,4,350.29999999999995
291.0,CUST_00078,2026-08-03 05:22:02.992948,180.38,2.0,toys,Wallet,False,transactions,,,,,,,,,180.38,Q4,1,2026,8,3,Monday,0,0,2026-08-03 05:22:02.992948,2026-08-03 05:22:02.992948,0,4,1,One-time,False,False,False,False,False,False,False,True,4,1,180.38
292.0,CUST_00009,2026-08-04 05:22:02.992958,64.08,5.0,,PayPal,False,transactions,,,,,,,,,663.55,Q2,0,2026,8,3,Tuesday,0,0,2025-12-01 05:22:02.996540,2026-08-04 05:22:03.002788,245,2,6,Regular,False,False,False,False,False,False,False,False,2,6,663.55
293.0,CUST_00147,2026-07-30 05:22:02.992964,104.73,5.0,groceries,Debit Card,False,transactions,,,,,,,,,262.48,Q3,0,2026,7,3,Thursday,0,0,2026-04-14 05:22:03.000880,2026-07-30 05:22:02.992964,106,8,3,Occasional,False,False,False,False,True,False,False,False,8,3,262.48
294.0,CUST_00050,2025-11-12 05:22:02.992969,110.65,2.0,sports,PayPal,True,transactions,,,,,,,,,537.5,Q3,0,2025,11,4,Wednesday,0,1,2025-11-12 05:22:02.992969,2026-07-13 05:22:02.992468,0,25,4,Occasional,False,False,False,False,False,False,True,False,25,4,537.5
295.0,CUST_00137,2026-01-16 05:22:02.992974,26.15,1.0,beauty,Wallet,False,transactions,,,,,,,,,231.98000000000002,Q1,0,2026,1,1,Friday,0,0,2025-11-10 05:22:02.995452,2026-08-04 05:22:02.999028,66,3,4,Occasional,True,False,False,False,False,False,False,False,3,4,231.98000000000002
296.0,CUST_00357,2026-04-14 05:22:02.992980,242.71,3.0,clothing,Credit Card,False,transactions,,,,,,,,,770.7,Q4,1,2026,4,2,Tuesday,0,0,2025-09-11 05:22:02.999315,2026-07-08 05:22:02.994366,214,30,8,Regular,False,False,True,False,False,False,False,False,30,8,770.7
297.0,CUST_00195,2026-01-26 05:22:02.992985,43.23,5.0,toys,Credit Card,True,transactions,,,,,,,,,269.06,Q1,0,2026,1,1,Monday,0,0,2025-10-20 05:22:02.992926,2026-01-26 05:22:02.992985,98,193,3,Occasional,False,False,False,False,False,False,False,True,193,3,269.06
299.0,CUST_00471,2026-07-17 05:22:02.992998,106.65,2.0,sports,Wallet,False,transactions,,,,,,,,,359.9,Q3,0,2026,7,3,Friday,0,0,2025-09-25 05:22:02.996467,2026-07-17 05:22:02.992998,294,21,5,Occasional,False,False,False,False,False,False,True,False,21,5,359.9
300.0,CUST_00474,2026-06-30 05:22:02.993004,60.21,3.0,electronics,PayPal,False,transactions,,,,,,,,,153.98,Q2,0,2026,6,2,Tuesday,0,0,2025-10-17 05:22:02.995622,2026-06-30 05:22:02.993004,255,38,4,Occasional,False,False,False,True,False,False,False,False,38,4,153.98
301.0,CUST_00107,2025-10-11 05:22:02.993009,40.74,2.0,groceries,PayPal,False,transactions,,,,,,,,,273.06,Q1,0,2025,10,4,Saturday,1,0,2025-09-04 05:22:02.999256,2026-01-19 05:22:03.000248,36,200,5,Occasional,False,False,False,False,True,False,False,False,200,5,273.06
302.0,CUST_00124,2025-10-21 05:22:02.993014,150.17,4.0,beauty,Debit Card,True,transactions,,,,,,,,,329.86,Q4,1,2025,10,4,Tuesday,0,0,2025-08-19 05:22:02.991252,2026-07-30 05:22:03.000475,63,8,3,Occasional,True,False,False,False,False,False,False,False,8,3,329.86
303.0,CUST_00353,2026-06-28 05:22:02.993020,84.41,5.0,beauty,Wallet,False,transactions,,,,,,,,,871.96,Q2,0,2026,6,2,Sunday,1,0,2025-09-25 05:22:03.002103,2026-06-28 05:22:02.993020,275,40,8,Regular,True,False,False,False,False,False,False,False,40,8,871.96
304.0,CUST_00039,2026-02-14 05:22:02.993026,63.65,5.0,groceries,PayPal,False,transactions,,,,,,,,,98.27,Q2,0,2026,2,1,Saturday,1,0,2026-02-14 05:22:02.993026,2026-07-27 05:22:02.993711,0,11,2,Occasional,False,False,False,False,True,False,False,False,11,2,98.27
305.0,CUST_00140,2025-12-20 05:22:02.993033,20.18,4.0,sports,Wallet,False,transactions,,,,,,,,,355.42,Q1,0,2025,12,4,Saturday,1,1,2025-08-14 05:22:02.995289,2026-01-07 05:22:02.991627,127,212,3,Occasional,False,False,False,False,False,False,True,False,212,3,355.42
306.0,CUST_00349,2025-10-12 05:22:02.993039,58.97,4.0,clothing,PayPal,True,transactions,,,,,,,,,578.79,Q1,0,2025,10,4,Sunday,1,0,2025-10-12 05:22:02.993039,2026-07-03 05:22:03.000570,0,35,4,Occasional,False,False,True,False,False,False,False,False,35,4,578.79
307.0,CUST_00366,2026-07-01 05:22:02.993044,100.67,1.0,books,Debit Card,True,transactions,,,,,,,,,755.38,Q3,0,2026,7,3,Wednesday,0,0,2026-03-28 05:22:03.001141,2026-07-09 05:22:02.998056,94,29,5,Occasional,False,True,False,False,False,False,False,False,29,5,755.38
308.0,CUST_00163,2026-02-04 05:22:02.993049,120.19,1.0,,PayPal,False,transactions,,,,,,,,,821.9399999999999,Q3,0,2026,2,1,Wednesday,0,0,2025-08-09 05:22:02.997491,2026-06-10 05:22:03.000108,178,58,9,Regular,False,False,False,False,False,False,False,False,58,9,821.9399999999999
309.0,CUST_00390,2026-03-22 05:22:02.993055,27.84,1.0,home  garden,Wallet,False,transactions,,,,,,,,,208.16,Q1,0,2026,3,1,Sunday,1,0,2026-02-08 05:22:02.994546,2026-03-22 05:22:02.993055,41,138,2,Occasional,False,False,False,False,False,True,False,False,138,2,208.16
310.0,CUST_00285,2025-11-18 05:22:02.993060,22.38,4.0,,PayPal,False,transactions,,,,,,,,,83.64,Q1,0,2025,11,4,Tuesday,0,1,2025-11-18 05:22:02.993060,2026-01-16 05:22:02.993971,0,203,2,Occasional,False,False,False,False,False,False,False,False,203,2,83.64
311.0,CUST_00306,2025-10-05 05:22:02.993065,15.21,3.0,,Wallet,False,transactions,,,,,,,,,564.5799999999999,Q1,0,2025,10,4,Sunday,1,0,2025-10-05 05:22:02.993065,2026-08-02 05:22:02.999929,0,5,5,Occasional,False,False,False,False,False,False,False,False,5,5,564.5799999999999
312.0,CUST_00044,2025-10-25 05:22:02.993071,65.08,2.0,home  garden,Debit Card,False,transactions,,,,,,,,,425.99,Q2,0,2025,10,4,Saturday,1,0,2025-10-20 05:22:02.999934,2026-05-25 05:22:02.996280,4,74,5,Occasional,False,False,False,False,False,True,False,False,74,5,425.99
313.0,CUST_00155,2026-03-23 05:22:02.993076,53.55,4.0,home  garden,Wallet,False,transactions,,,,,,,,,504.53,Q1,0,2026,3,1,Monday,0,0,2025-08-31 05:22:02.997015,2026-03-23 05:22:02.993076,203,137,7,Regular,False,False,False,False,False,True,False,False,137,7,504.53
314.0,CUST_00154,2025-12-03 05:22:02.993082,155.37,1.0,beauty,Debit Card,True,transactions,,,,,,,,,632.98,Q4,1,2025,12,4,Wednesday,0,1,2025-09-14 05:22:02.991724,2026-03-25 05:22:03.002540,80,134,6,Regular,True,False,False,False,False,False,False,False,134,6,632.98
315.0,CUST_00254,2025-10-07 05:22:02.993087,157.63,5.0,sports,Debit Card,False,transactions,,,,,,,,,449.11,Q4,1,2025,10,4,Tuesday,0,0,2025-10-06 05:22:02.992489,2026-06-07 05:22:03.003270,1,60,4,Occasional,False,False,False,False,False,False,True,False,60,4,449.11
316.0,CUST_00486,2026-01-17 05:22:02.993092,56.42,3.0,groceries,PayPal,False,transactions,,,,,,,,,536.38,Q1,0,2026,1,1,Saturday,1,0,2025-08-14 05:22:02.992589,2026-04-15 05:22:02.996091,156,114,6,Regular,False,False,False,False,True,False,False,False,114,6,536.38
317.0,CUST_00221,2025-09-08 05:22:02.993097,36.24,5.0,home  garden,Debit Card,False,transactions,,,,,,,,,106.62,Q1,0,2025,9,3,Monday,0,0,2025-09-08 05:22:02.993097,2025-12-06 05:22:03.000957,0,244,2,Occasional,False,False,False,False,False,True,False,False,244,2,106.62
318.0,CUST_00091,2026-01-16 05:22:02.993103,94.95,3.0,books,Wallet,True,transactions,,,,,,,,,714.52,Q3,0,2026,1,1,Friday,0,0,2025-10-01 05:22:02.998886,2026-05-03 05:22:02.999717,106,96,5,Occasional,False,True,False,False,False,False,False,False,96,5,714.52
319.0,CUST_00401,2026-04-05 05:22:02.993108,56.61,3.0,groceries,Wallet,False,transactions,,,,,,,,,866.36,Q1,0,2026,4,2,Sunday,1,0,2025-12-02 05:22:02.993748,2026-07-09 05:22:03.001072,123,29,8,Regular,False,False,False,False,True,False,False,False,29,8,866.36
320.0,CUST_00478,2025-10-23 05:22:02.993116,38.19,2.0,home  garden,Credit Card,True,transactions,,,,,,,,,353.36,Q1,0,2025,10,4,Thursday,0,0,2025-10-23 05:22:02.993116,2026-03-20 05:22:02.993362,0,140,4,Occasional,False,False,False,False,False,True,False,False,140,4,353.36
321.0,CUST_00237,2025-08-10 05:22:02.993121,97.27,2.0,toys,Credit Card,True,transactions,,,,,,,,,252.44,Q3,0,2025,8,3,Sunday,1,0,2025-08-10 05:22:02.993121,2026-02-14 05:22:02.998591,0,174,4,Occasional,False,False,False,False,False,False,False,True,174,4,252.44
322.0,CUST_00408,2026-01-10 05:22:02.993127,26.61,4.0,home  garden,Debit Card,False,transactions,,,,,,,,,771.02,Q1,0,2026,1,1,Saturday,1,0,2026-01-10 05:22:02.993127,2026-08-04 05:22:02.995268,0,3,5,Occasional,False,False,False,False,False,True,False,False,3,5,771.02
323.0,CUST_00079,2026-01-03 05:22:02.993132,125.81,4.0,clothing,Wallet,False,transactions,,,,,,,,,751.87,Q3,0,2026,1,1,Saturday,1,0,2025-08-11 05:22:02.991131,2026-07-16 05:22:02.999626,145,22,8,Regular,False,False,True,False,False,False,False,False,22,8,751.87
324.0,CUST_00274,2025-11-21 05:22:02.993137,63.57,4.0,electronics,PayPal,True,transactions,,,,,,,,,149.4,Q2,0,2025,11,4,Friday,0,1,2025-11-21 05:22:02.993137,2026-04-17 05:22:02.994710,0,112,2,Occasional,False,False,False,True,False,False,False,False,112,2,149.4
325.0,CUST_00416,2025-11-06 05:22:02.993145,95.03,5.0,clothing,Debit Card,False,transactions,,,,,,,,,407.99,Q3,0,2025,11,4,Thursday,0,1,2025-10-23 05:22:02.991428,2026-01-31 05:22:03.000409,14,188,4,Occasional,False,False,True,False,False,False,False,False,188,4,407.99
326.0,CUST_00182,2026-05-14 05:22:02.993150,13.97,5.0,electronics,Wallet,True,transactions,,,,,,,,,567.61,Q1,0,2026,5,2,Thursday,0,0,2025-10-01 05:22:02.997471,2026-06-03 05:22:03.001244,224,65,6,Regular,False,False,False,True,False,False,False,False,65,6,567.61
327.0,CUST_00170,2025-12-30 05:22:02.993156,229.55,1.0,electronics,Debit Card,False,transactions,,,,,,,,,342.46000000000004,Q4,1,2025,12,4,Tuesday,0,1,2025-12-30 05:22:02.993156,2026-02-04 05:22:02.994633,0,184,2,Occasional,False,False,False,True,False,False,False,False,184,2,342.46000000000004
328.0,CUST_00266,2025-10-26 05:22:02.993161,184.67,5.0,sports,Wallet,False,transactions,,,,,,,,,794.69,Q4,1,2025,10,4,Sunday,1,0,2025-10-04 05:22:03.000188,2026-04-22 05:22:03.001453,21,107,6,Regular,False,False,False,False,False,False,True,False,107,6,794.69
329.0,CUST_00348,2025-10-10 05:22:02.993166,72.11,5.0,home  garden,Credit Card,False,transactions,,,,,,,,,395.57,Q2,0,2025,10,4,Friday,0,0,2025-10-10 05:22:02.993166,2026-07-27 05:22:02.998243,0,11,6,Regular,False,False,False,False,False,True,False,False,11,6,395.57
330.0,CUST_00152,2026-01-07 05:22:02.993172,67.53,1.0,clothing,Debit Card,False,transactions,,,,,,,,,940.64,Q2,0,2026,1,1,Wednesday,0,0,2025-09-11 05:22:02.993442,2026-06-16 05:22:02.999768,117,52,9,Regular,False,False,True,False,False,False,False,False,52,9,940.64
331.0,CUST_00176,2025-12-17 05:22:02.993177,148.28,2.0,toys,Credit Card,False,transactions,,,,,,,,,663.98,Q4,1,2025,12,4,Wednesday,0,1,2025-09-10 05:22:02.993189,2026-05-06 05:22:03.003287,97,92,7,Regular,False,False,False,False,False,False,False,True,92,7,663.98
332.0,CUST_00357,2025-12-19 05:22:02.993184,101.34,3.0,clothing,Credit Card,False,transactions,,,,,,,,,770.7,Q3,0,2025,12,4,Friday,0,1,2025-09-11 05:22:02.999315,2026-07-08 05:22:02.994366,98,30,8,Regular,False,False,True,False,False,False,False,False,30,8,770.7
333.0,CUST_00176,2025-09-10 05:22:02.993189,167.19,1.0,home  garden,Debit Card,False,transactions,,,,,,,,,663.98,Q4,1,2025,9,3,Wednesday,0,0,2025-09-10 05:22:02.993189,2026-05-06 05:22:03.003287,0,92,7,Regular,False,False,False,False,False,True,False,False,92,7,663.98
334.0,CUST_00283,2026-05-18 05:22:02.993195,26.9,3.0,groceries,Debit Card,True,transactions,,,,,,,,,432.96999999999997,Q1,0,2026,5,2,Monday,0,0,2025-09-08 05:22:03.000290,2026-06-02 05:22:02.992386,251,66,5,Occasional,False,False,False,False,True,False,False,False,66,5,432.96999999999997
335.0,CUST_00323,2026-05-05 05:22:02.993200,64.25,2.0,groceries,Debit Card,False,transactions,,,,,,,,,64.25,Q2,0,2026,5,2,Tuesday,0,0,2026-05-05 05:22:02.993200,2026-05-05 05:22:02.993200,0,94,1,One-time,False,False,False,False,True,False,False,False,94,1,64.25
336.0,CUST_00220,2026-01-20 05:22:02.993206,169.11,1.0,sports,Credit Card,False,transactions,,,,,,,,,919.2,Q4,1,2026,1,1,Tuesday,0,0,2026-01-20 05:22:02.993206,2026-05-30 05:22:02.991164,0,69,7,Regular,False,False,False,False,False,False,True,False,69,7,919.2
337.0,CUST_00410,2025-11-06 05:22:02.993211,51.64,2.0,beauty,Wallet,False,transactions,,,,,,,,,102.74000000000001,Q1,0,2025,11,4,Thursday,0,1,2025-11-06 05:22:02.993211,2026-01-03 05:22:02.995102,0,216,3,Occasional,True,False,False,False,False,False,False,False,216,3,102.74000000000001
338.0,CUST_00344,2025-11-30 05:22:02.993216,118.15,5.0,beauty,Wallet,False,transactions,,,,,,,,,682.0,Q3,0,2025,11,4,Sunday,1,1,2025-08-13 05:22:02.992156,2026-08-04 05:22:03.000735,109,3,6,Regular,True,False,False,False,False,False,False,False,3,6,682.0
339.0,CUST_00179,2026-02-08 05:22:02.993221,86.55,4.0,home  garden,PayPal,True,transactions,,,,,,,,,788.22,Q2,0,2026,2,1,Sunday,1,0,2026-02-04 05:22:02.999847,2026-07-25 05:22:03.001062,3,13,7,Regular,False,False,False,False,False,True,False,False,13,7,788.22
340.0,CUST_00303,2026-06-25 05:22:02.993227,88.97,2.0,beauty,PayPal,False,transactions,,,,,,,,,311.05,Q2,0,2026,6,2,Thursday,0,0,2026-04-19 05:22:03.001067,2026-06-25 05:22:02.993227,66,43,4,Occasional,True,False,False,False,False,False,False,False,43,4,311.05
341.0,CUST_00192,2025-08-17 05:22:02.993232,143.39,2.0,groceries,Debit Card,False,transactions,,,,,,,,,842.55,Q4,1,2025,8,3,Sunday,1,0,2025-08-13 05:22:02.994451,2026-07-26 05:22:03.002614,3,11,10,Regular,False,False,False,False,True,False,False,False,11,10,842.55
342.0,CUST_00217,2026-05-04 05:22:02.993237,102.84,4.0,home  garden,Wallet,False,transactions,,,,,,,,,716.43,Q3,0,2026,5,2,Monday,0,0,2025-10-16 05:22:02.997746,2026-07-27 05:22:02.997724,199,11,8,Regular,False,False,False,False,False,True,False,False,11,8,716.43
343.0,CUST_00096,2026-02-27 05:22:02.993242,96.54,4.0,electronics,Credit Card,False,transactions,,,,,,,,,171.8,Q3,0,2026,2,1,Friday,0,0,2026-02-27 05:22:02.993242,2026-03-12 05:22:02.992672,0,148,2,Occasional,False,False,False,True,False,False,False,False,148,2,171.8
344.0,CUST_00100,2026-01-23 05:22:02.993250,79.31,5.0,toys,Wallet,False,transactions,,,,,,,,,912.4100000000001,Q2,0,2026,1,1,Friday,0,0,2025-09-06 05:22:03.001808,2026-08-07 05:22:02.995932,138,0,7,Regular,False,False,False,False,False,False,False,True,0,7,912.4100000000001
345.0,CUST_00431,2025-12-23 05:22:02.993256,33.55,4.0,home  garden,Credit Card,True,transactions,,,,,,,,,488.32,Q1,0,2025,12,4,Tuesday,0,1,2025-11-14 05:22:03.001025,2026-04-30 05:22:02.998339,38,99,5,Occasional,False,False,False,False,False,True,False,False,99,5,488.32
346.0,CUST_00113,2026-03-11 05:22:02.993261,112.62,1.0,books,PayPal,False,transactions,,,,,,,,,348.47,Q3,0,2026,3,1,Wednesday,0,0,2026-03-09 05:22:02.999669,2026-03-17 05:22:02.999695,1,143,3,Occasional,False,True,False,False,False,False,False,False,143,3,348.47
347.0,CUST_00235,2025-10-22 05:22:02.993266,142.37,4.0,clothing,PayPal,True,transactions,,,,,,,,,568.7,Q4,1,2025,10,4,Wednesday,0,0,2025-09-16 05:22:02.993330,2026-06-07 05:22:03.000803,35,61,5,Occasional,False,False,True,False,False,False,False,False,61,5,568.7
348.0,CUST_00422,2026-02-01 05:22:02.993271,217.25,5.0,electronics,Wallet,False,transactions,,,,,,,,,1100.56,Q4,1,2026,2,1,Sunday,1,0,2025-09-09 05:22:02.994639,2026-05-25 05:22:02.994987,144,74,10,Regular,False,False,False,True,False,False,False,False,74,10,1100.56
349.0,CUST_00218,2026-06-16 05:22:02.993277,55.43,2.0,books,Credit Card,False,transactions,,,,,,,,,381.53000000000003,Q1,0,2026,6,2,Tuesday,0,0,2025-08-14 05:22:03.001610,2026-06-16 05:22:02.993277,305,52,4,Occasional,False,True,False,False,False,False,False,False,52,4,381.53000000000003
350.0,CUST_00179,2026-06-24 05:22:02.993282,161.55,4.0,clothing,Debit Card,False,transactions,,,,,,,,,788.22,Q4,1,2026,6,2,Wednesday,0,0,2026-02-04 05:22:02.999847,2026-07-25 05:22:03.001062,139,13,7,Regular,False,False,True,False,False,False,False,False,13,7,788.22
351.0,CUST_00378,2025-10-10 05:22:02.993287,235.14,3.0,groceries,Debit Card,True,transactions,,,,,,,,,562.15,Q4,1,2025,10,4,Friday,0,0,2025-08-12 05:22:02.995025,2026-06-01 05:22:03.001851,58,66,4,Occasional,False,False,False,False,True,False,False,False,66,4,562.15
352.0,CUST_00417,2026-04-24 05:22:02.993293,214.18,1.0,beauty,Debit Card,False,transactions,,,,,,,,,519.9,Q4,1,2026,4,2,Friday,0,0,2025-09-27 05:22:03.002068,2026-04-24 05:22:02.993293,208,105,5,Occasional,True,False,False,False,False,False,False,False,105,5,519.9
353.0,CUST_00361,2026-03-11 05:22:02.993298,60.63,3.0,books,Credit Card,False,transactions,,,,,,,,,350.48,Q2,0,2026,3,1,Wednesday,0,0,2025-09-17 05:22:02.996689,2026-04-28 05:22:02.994047,174,101,5,Occasional,False,True,False,False,False,False,False,False,101,5,350.48
354.0,CUST_00385,2026-01-09 05:22:02.993303,64.69,1.0,books,Debit Card,True,transactions,,,,,,,,,223.76,Q2,0,2026,1,1,Friday,0,0,2026-01-09 05:22:02.993303,2026-04-02 05:22:02.999057,0,127,3,Occasional,False,True,False,False,False,False,False,False,127,3,223.76
355.0,CUST_00068,2026-04-02 05:22:02.993309,163.74,2.0,beauty,Wallet,False,transactions,,,,,,,,,371.32,Q4,1,2026,4,2,Thursday,0,0,2026-01-14 05:22:02.999560,2026-04-24 05:22:02.995717,77,105,3,Occasional,True,False,False,False,False,False,False,False,105,3,371.32
356.0,CUST_00296,2025-09-18 05:22:02.993315,144.81,3.0,groceries,Credit Card,False,transactions,,,,,,,,,686.35,Q4,1,2025,9,3,Thursday,0,0,2025-09-18 05:22:02.993315,2026-06-03 05:22:02.998605,0,65,6,Regular,False,False,False,False,True,False,False,False,65,6,686.35
357.0,CUST_00451,2026-06-21 05:22:02.993320,120.38,4.0,books,PayPal,False,transactions,,,,,,,,,792.92,Q3,0,2026,6,2,Sunday,1,0,2025-08-18 05:22:03.000549,2026-06-21 05:22:02.993320,306,47,6,Regular,False,True,False,False,False,False,False,False,47,6,792.92
358.0,CUST_00250,2026-02-21 05:22:02.993325,17.04,5.0,electronics,Credit Card,True,transactions,,,,,,,,,429.32,Q1,0,2026,2,1,Saturday,1,0,2025-12-26 05:22:03.001292,2026-06-12 05:22:02.997151,56,56,5,Occasional,False,False,False,True,False,False,False,False,56,5,429.32
359.0,CUST_00235,2025-09-16 05:22:02.993330,123.35,3.0,clothing,Wallet,False,transactions,,,,,,,,,568.7,Q3,0,2025,9,3,Tuesday,0,0,2025-09-16 05:22:02.993330,2026-06-07 05:22:03.000803,0,61,5,Occasional,False,False,True,False,False,False,False,False,61,5,568.7
360.0,CUST_00220,2026-04-21 05:22:02.993336,86.93,4.0,books,PayPal,False,transactions,,,,,,,,,919.2,Q2,0,2026,4,2,Tuesday,0,0,2026-01-20 05:22:02.993206,2026-05-30 05:22:02.991164,91,69,7,Regular,False,True,False,False,False,False,False,False,69,7,919.2
361.0,CUST_00296,2026-06-02 05:22:02.993341,216.67,5.0,toys,Credit Card,False,transactions,,,,,,,,,686.35,Q4,1,2026,6,2,Tuesday,0,0,2025-09-18 05:22:02.993315,2026-06-03 05:22:02.998605,257,65,6,Regular,False,False,False,False,False,False,False,True,65,6,686.35
362.0,CUST_00321,2025-12-15 05:22:02.993349,70.92,1.0,clothing,Debit Card,False,transactions,,,,,,,,,392.52,Q2,0,2025,12,4,Monday,0,1,2025-09-04 05:22:02.996580,2026-06-19 05:22:02.998279,101,49,5,Occasional,False,False,True,False,False,False,False,False,49,5,392.52
363.0,CUST_00001,2025-12-31 05:22:02.993354,126.49,2.0,home  garden,PayPal,False,transactions,,,,,,,,,520.5,Q3,0,2025,12,4,Wednesday,0,1,2025-12-31 05:22:02.993354,2026-07-19 05:22:02.996404,0,19,5,Occasional,False,False,False,False,False,True,False,False,19,5,520.5
364.0,CUST_00478,2026-03-20 05:22:02.993362,37.59,1.0,beauty,PayPal,False,transactions,,,,,,,,,353.36,Q1,0,2026,3,1,Friday,0,0,2025-10-23 05:22:02.993116,2026-03-20 05:22:02.993362,148,140,4,Occasional,True,False,False,False,False,False,False,False,140,4,353.36
365.0,CUST_00333,2026-05-15 05:22:02.993378,37.57,1.0,groceries,Debit Card,False,transactions,,,,,,,,,411.41,Q1,0,2026,5,2,Friday,0,0,2026-02-17 05:22:02.992228,2026-07-02 05:22:02.996112,87,36,5,Occasional,False,False,False,False,True,False,False,False,36,5,411.41
366.0,CUST_00047,2025-08-12 05:22:02.993389,131.01,1.0,electronics,Credit Card,False,transactions,,,,,,,,,324.57,Q3,0,2025,8,3,Tuesday,0,0,2025-08-12 05:22:02.993389,2026-05-02 05:22:03.002468,0,96,3,Occasional,False,False,False,True,False,False,False,False,96,3,324.57
367.0,CUST_00116,2025-11-15 05:22:02.993394,32.01,4.0,,PayPal,True,transactions,,,,,,,,,273.93,Q1,0,2025,11,4,Saturday,1,1,2025-08-26 05:22:02.991773,2026-04-28 05:22:02.991079,81,101,4,Occasional,False,False,False,False,False,False,False,False,101,4,273.93
368.0,CUST_00441,2026-01-03 05:22:02.993400,53.18,2.0,toys,Wallet,False,transactions,,,,,,,,,726.8,Q1,0,2026,1,1,Saturday,1,0,2025-10-20 05:22:02.993452,2026-06-14 05:22:02.991097,74,54,6,Regular,False,False,False,False,False,False,False,True,54,6,726.8
369.0,CUST_00413,2026-06-16 05:22:02.993405,56.39,1.0,beauty,PayPal,False,transactions,,,,,,,,,235.24,Q1,0,2026,6,2,Tuesday,0,0,2026-06-15 05:22:03.000151,2026-06-16 05:22:02.993405,0,52,2,Occasional,True,False,False,False,False,False,False,False,52,2,235.24
370.0,CUST_00397,2026-05-31 05:22:02.993410,67.12,2.0,clothing,Credit Card,False,transactions,,,,,,,,,500.53000000000003,Q2,0,2026,5,2,Sunday,1,0,2026-01-25 05:22:03.000063,2026-05-31 05:22:02.993410,125,68,8,Regular,False,False,True,False,False,False,False,False,68,8,500.53000000000003
371.0,CUST_00085,2025-12-25 05:22:02.993415,150.11,3.0,sports,Debit Card,True,transactions,,,,,,,,,213.54000000000002,Q4,1,2025,12,4,Thursday,0,1,2025-12-25 05:22:02.993415,2026-01-01 05:22:02.998980,0,218,2,Occasional,False,False,False,False,False,False,True,False,218,2,213.54000000000002
372.0,CUST_00316,2025-08-21 05:22:02.993420,36.23,4.0,sports,Credit Card,False,transactions,,,,,,,,,749.88,Q1,0,2025,8,3,Thursday,0,0,2025-08-21 05:22:02.993420,2026-06-05 05:22:03.000782,0,63,8,Regular,False,False,False,False,False,False,True,False,63,8,749.88
373.0,CUST_00064,2025-10-10 05:22:02.993426,75.04,4.0,beauty,PayPal,True,transactions,,,,,,,,,409.7,Q2,0,2025,10,4,Friday,0,0,2025-08-24 05:22:02.994052,2026-06-21 05:22:03.002772,46,46,5,Occasional,True,False,False,False,False,False,False,False,46,5,409.7
374.0,CUST_00127,2026-03-19 05:22:02.993431,178.67,1.0,sports,PayPal,True,transactions,,,,,,,,,178.67,Q4,1,2026,3,1,Thursday,0,0,2026-03-19 05:22:02.993431,2026-03-19 05:22:02.993431,0,141,1,One-time,False,False,False,False,False,False,True,False,141,1,178.67
375.0,CUST_00354,2026-07-25 05:22:02.993436,113.6,3.0,sports,Debit Card,True,transactions,,,,,,,,,252.81,Q3,0,2026,7,3,Saturday,1,0,2026-02-19 05:22:03.000745,2026-07-25 05:22:02.993436,155,13,2,Occasional,False,False,False,False,False,False,True,False,13,2,252.81
376.0,CUST_00152,2025-09-11 05:22:02.993442,54.51,1.0,sports,Credit Card,False,transactions,,,,,,,,,940.64,Q1,0,2025,9,3,Thursday,0,0,2025-09-11 05:22:02.993442,2026-06-16 05:22:02.999768,0,52,9,Regular,False,False,False,False,False,False,True,False,52,9,940.64
377.0,CUST_00327,2025-10-07 05:22:02.993447,81.21,1.0,electronics,PayPal,False,transactions,,,,,,,,,703.51,Q2,0,2025,10,4,Tuesday,0,0,2025-10-07 05:22:02.993447,2026-04-21 05:22:02.995945,0,108,8,Regular,False,False,False,True,False,False,False,False,108,8,703.51
378.0,CUST_00441,2025-10-20 05:22:02.993452,71.15,4.0,beauty,Debit Card,True,transactions,,,,,,,,,726.8,Q2,0,2025,10,4,Monday,0,0,2025-10-20 05:22:02.993452,2026-06-14 05:22:02.991097,0,54,6,Regular,True,False,False,False,False,False,False,False,54,6,726.8
379.0,CUST_00489,2026-07-01 05:22:02.993457,137.36,1.0,,Debit Card,False,transactions,,,,,,,,,394.88,Q3,0,2026,7,3,Wednesday,0,0,2025-12-26 05:22:02.995782,2026-07-01 05:22:02.993457,186,37,3,Occasional,False,False,False,False,False,False,False,False,37,3,394.88
380.0,CUST_00031,2026-01-16 05:22:02.993463,130.67,5.0,books,Wallet,False,transactions,,,,,,,,,365.79999999999995,Q3,0,2026,1,1,Friday,0,0,2025-11-18 05:22:03.002689,2026-07-03 05:22:02.992771,58,35,5,Occasional,False,True,False,False,False,False,False,False,35,5,365.79999999999995
381.0,CUST_00206,2026-06-26 05:22:02.993468,28.94,5.0,home  garden,PayPal,False,transactions,,,,,,,,,1233.1399999999999,Q1,0,2026,6,2,Friday,0,0,2025-09-25 05:22:02.999905,2026-06-26 05:22:02.993468,273,42,8,Regular,False,False,False,False,False,True,False,False,42,8,1233.1399999999999
382.0,CUST_00472,2026-04-25 05:22:02.993473,76.77,2.0,beauty,Credit Card,False,transactions,,,,,,,,,1449.15,Q2,0,2026,4,2,Saturday,1,0,2025-08-28 05:22:02.994535,2026-04-25 05:22:02.993473,239,104,10,Regular,True,False,False,False,False,False,False,False,104,10,1449.15
383.0,CUST_00224,2026-04-07 05:22:02.993482,91.4,1.0,sports,Wallet,False,transactions,,,,,,,,,329.65000000000003,Q2,0,2026,4,2,Tuesday,0,0,2025-09-16 05:22:02.991572,2026-04-07 05:22:02.993482,203,122,3,Occasional,False,False,False,False,False,False,True,False,122,3,329.65000000000003
384.0,CUST_00314,2025-09-30 05:22:02.993488,111.21,1.0,books,Debit Card,False,transactions,,,,,,,,,166.45,Q3,0,2025,9,3,Tuesday,0,0,2025-09-30 05:22:02.993488,2026-03-14 05:22:02.992364,0,146,2,Occasional,False,True,False,False,False,False,False,False,146,2,166.45
385.0,CUST_00363,2026-05-29 05:22:02.993493,155.72,1.0,home  garden,PayPal,False,transactions,,,,,,,,,707.75,Q4,1,2026,5,2,Friday,0,0,2025-12-02 05:22:03.003136,2026-06-25 05:22:02.992150,177,43,6,Regular,False,False,False,False,False,True,False,False,43,6,707.75
386.0,CUST_00401,2026-03-28 05:22:02.993499,200.36,2.0,beauty,PayPal,True,transactions,,,,,,,,,866.36,Q4,1,2026,3,1,Saturday,1,0,2025-12-02 05:22:02.993748,2026-07-09 05:22:03.001072,115,29,8,Regular,True,False,False,False,False,False,False,False,29,8,866.36
387.0,CUST_00061,2026-07-23 05:22:02.993536,93.98,3.0,groceries,Credit Card,False,transactions,,,,,,,,,514.39,Q3,0,2026,7,3,Thursday,0,0,2025-09-10 05:22:02.991621,2026-07-23 05:22:02.993536,316,15,5,Occasional,False,False,False,False,True,False,False,False,15,5,514.39
388.0,CUST_00500,2025-10-16 05:22:02.993553,62.99,1.0,toys,PayPal,False,transactions,,,,,,,,,141.94,Q2,0,2025,10,4,Thursday,0,0,2025-10-16 05:22:02.993553,2026-04-28 05:22:02.997083,0,101,2,Occasional,False,False,False,False,False,False,False,True,101,2,141.94
389.0,CUST_00440,2025-10-21 05:22:02.993560,41.36,2.0,beauty,Credit Card,True,transactions,,,,,,,,,821.35,Q1,0,2025,10,4,Tuesday,0,0,2025-09-25 05:22:03.002969,2026-06-24 05:22:02.999378,25,44,7,Regular,True,False,False,False,False,False,False,False,44,7,821.35
390.0,CUST_00346,2026-06-09 05:22:02.993567,23.18,2.0,,Credit Card,False,transactions,,,,,,,,,315.64,Q1,0,2026,6,2,Tuesday,0,0,2025-11-29 05:22:02.997072,2026-07-20 05:22:02.995014,191,18,5,Occasional,False,False,False,False,False,False,False,False,18,5,315.64
391.0,CUST_00242,2026-02-02 05:22:02.993572,85.47,4.0,home  garden,Credit Card,False,transactions,,,,,,,,,1064.32,Q2,0,2026,2,1,Monday,0,0,2025-08-22 05:22:03.002307,2026-07-28 05:22:02.997730,163,10,10,Regular,False,False,False,False,False,True,False,False,10,10,1064.32
392.0,CUST_00468,2025-09-06 05:22:02.993578,55.07,4.0,sports,Wallet,True,transactions,,,,,,,,,462.56000000000006,Q1,0,2025,9,3,Saturday,1,0,2025-09-06 05:22:02.993578,2026-07-29 05:22:02.998081,0,9,5,Occasional,False,False,False,False,False,False,True,False,9,5,462.56000000000006
393.0,CUST_00164,2026-03-22 05:22:02.993584,105.08,1.0,beauty,Credit Card,False,transactions,,,,,,,,,315.41999999999996,Q3,0,2026,3,1,Sunday,1,0,2026-02-11 05:22:03.002165,2026-04-28 05:22:03.000357,38,101,4,Occasional,True,False,False,False,False,False,False,False,101,4,315.41999999999996
394.0,CUST_00412,2025-11-16 05:22:02.993589,110.22,1.0,groceries,Wallet,True,transactions,,,,,,,,,455.99,Q3,0,2025,11,4,Sunday,1,1,2025-11-16 05:22:02.993589,2026-03-18 05:22:02.997294,0,142,3,Occasional,False,False,False,False,True,False,False,False,142,3,455.99
395.0,CUST_00397,2026-03-01 05:22:02.993595,49.18,3.0,clothing,Credit Card,False,transactions,,,,,,,,,500.53000000000003,Q1,0,2026,3,1,Sunday,1,0,2026-01-25 05:22:03.000063,2026-05-31 05:22:02.993410,34,68,8,Regular,False,False,True,False,False,False,False,False,68,8,500.53000000000003
396.0,CUST_00150,2025-10-23 05:22:02.993604,48.44,3.0,sports,Wallet,True,transactions,,,,,,,,,582.1800000000001,Q1,0,2025,10,4,Thursday,0,0,2025-09-07 05:22:03.001015,2026-07-18 05:22:02.999674,45,20,5,Occasional,False,False,False,False,False,False,True,False,20,5,582.1800000000001
397.0,CUST_00398,2026-04-29 05:22:02.993612,172.15,5.0,sports,Wallet,False,transactions,,,,,,,,,415.83000000000004,Q4,1,2026,4,2,Wednesday,0,0,2026-03-16 05:22:02.992903,2026-05-10 05:22:02.995112,44,89,3,Occasional,False,False,False,False,False,False,True,False,89,3,415.83000000000004
398.0,CUST_00278,2026-02-11 05:22:02.993619,89.97,1.0,,Wallet,True,transactions,,,,,,,,,229.09,Q2,0,2026,2,1,Wednesday,0,0,2026-02-11 05:22:02.993619,2026-07-22 05:22:02.994572,0,16,2,Occasional,False,False,False,False,False,False,False,False,16,2,229.09
399.0,CUST_00373,2026-03-03 05:22:02.993625,43.64,1.0,sports,Debit Card,False,transactions,,,,,,,,,299.28999999999996,Q1,0,2026,3,1,Tuesday,0,0,2026-01-19 05:22:02.999176,2026-04-01 05:22:02.996399,42,128,4,Occasional,False,False,False,False,False,False,True,False,128,4,299.28999999999996
400.0,CUST_00493,2026-07-08 05:22:02.993630,89.07,2.0,books,Debit Card,True,transactions,,,,,,,,,273.15,Q2,0,2026,7,3,Wednesday,0,0,2025-12-19 05:22:02.998627,2026-07-08 05:22:02.993630,200,30,2,Occasional,False,True,False,False,False,False,False,False,30,2,273.15
402.0,CUST_00259,2026-05-31 05:22:02.993641,123.6,4.0,clothing,Credit Card,False,transactions,,,,,,,,,253.84,Q3,0,2026,5,2,Sunday,1,0,2025-12-16 05:22:02.992484,2026-05-31 05:22:02.993641,166,68,2,Occasional,False,False,True,False,False,False,False,False,68,2,253.84
403.0,CUST_00494,2026-06-02 05:22:02.993649,109.08,2.0,books,PayPal,True,transactions,,,,,,,,,558.7,Q3,0,2026,6,2,Tuesday,0,0,2025-08-19 05:22:02.997706,2026-06-02 05:22:02.993649,286,66,7,Regular,False,True,False,False,False,False,False,False,66,7,558.7
404.0,CUST_00202,2025-08-14 05:22:02.993654,47.38,3.0,beauty,Debit Card,False,transactions,,,,,,,,,478.13,Q1,0,2025,8,3,Thursday,0,0,2025-08-14 05:22:02.993654,2026-05-19 05:22:02.995687,0,80,4,Occasional,True,False,False,False,False,False,False,False,80,4,478.13
405.0,CUST_00104,2026-05-30 05:22:02.993662,17.14,5.0,clothing,Debit Card,False,transactions,,,,,,,,,330.49,Q1,0,2026,5,2,Saturday,1,0,2025-11-13 05:22:02.994902,2026-07-16 05:22:02.992287,197,22,6,Regular,False,False,True,False,False,False,False,False,22,6,330.49
406.0,CUST_00161,2026-01-11 05:22:02.993667,173.37,1.0,beauty,Debit Card,False,transactions,,,,,,,,,787.8,Q4,1,2026,1,1,Sunday,1,0,2025-09-23 05:22:03.003130,2026-05-11 05:22:02.992605,109,88,6,Regular,True,False,False,False,False,False,False,False,88,6,787.8
407.0,CUST_00238,2026-03-25 05:22:02.993672,107.68,1.0,clothing,PayPal,True,transactions,,,,,,,,,457.98,Q3,0,2026,3,1,Wednesday,0,0,2025-10-28 05:22:02.998076,2026-05-29 05:22:02.996683,147,70,4,Occasional,False,False,True,False,False,False,False,False,70,4,457.98
408.0,CUST_00357,2025-10-03 05:22:02.993678,130.99,1.0,sports,PayPal,False,transactions,,,,,,,,,770.7,Q3,0,2025,10,4,Friday,0,0,2025-09-11 05:22:02.999315,2026-07-08 05:22:02.994366,21,30,8,Regular,False,False,False,False,False,False,True,False,30,8,770.7
409.0,CUST_00365,2026-04-02 05:22:02.993683,151.38,3.0,groceries,PayPal,False,transactions,,,,,,,,,446.71000000000004,Q4,1,2026,4,2,Thursday,0,0,2025-09-08 05:22:02.994276,2026-04-02 05:22:02.993683,205,127,3,Occasional,False,False,False,False,True,False,False,False,127,3,446.71000000000004
410.0,CUST_00090,2026-07-23 05:22:02.993689,72.18,4.0,toys,Debit Card,False,transactions,,,,,,,,,544.84,Q2,0,2026,7,3,Thursday,0,0,2025-09-06 05:22:03.000824,2026-07-23 05:22:02.993689,319,15,6,Regular,False,False,False,False,False,False,False,True,15,6,544.84
411.0,CUST_00053,2026-05-28 05:22:02.993694,36.14,1.0,electronics,Debit Card,False,transactions,,,,,,,,,193.79000000000002,Q1,0,2026,5,2,Thursday,0,0,2025-10-13 05:22:03.000301,2026-05-28 05:22:02.993694,226,71,2,Occasional,False,False,False,True,False,False,False,False,71,2,193.79000000000002
412.0,CUST_00422,2026-01-14 05:22:02.993704,138.85,3.0,clothing,PayPal,True,transactions,,,,,,,,,1100.56,Q3,0,2026,1,1,Wednesday,0,0,2025-09-09 05:22:02.994639,2026-05-25 05:22:02.994987,126,74,10,Regular,False,False,True,False,False,False,False,False,74,10,1100.56
413.0,CUST_00039,2026-07-27 05:22:02.993711,34.62,1.0,sports,Wallet,True,transactions,,,,,,,,,98.27,Q1,0,2026,7,3,Monday,0,0,2026-02-14 05:22:02.993026,2026-07-27 05:22:02.993711,163,11,2,Occasional,False,False,False,False,False,False,True,False,11,2,98.27
414.0,CUST_00048,2026-02-19 05:22:02.993716,109.38,1.0,electronics,Credit Card,False,transactions,,,,,,,,,709.69,Q3,0,2026,2,1,Thursday,0,0,2025-08-15 05:22:02.996085,2026-03-07 05:22:02.995900,187,153,6,Regular,False,False,False,True,False,False,False,False,153,6,709.69
415.0,CUST_00294,2025-12-29 05:22:02.993721,50.48,4.0,,Wallet,False,transactions,,,,,,,,,553.54,Q1,0,2025,12,4,Monday,0,1,2025-08-26 05:22:02.992625,2026-08-05 05:22:02.997909,125,2,6,Regular,False,False,False,False,False,False,False,False,2,6,553.54
416.0,CUST_00110,2026-05-04 05:22:02.993727,166.89,3.0,books,Debit Card,False,transactions,,,,,,,,,617.52,Q4,1,2026,5,2,Monday,0,0,2025-12-12 05:22:03.000340,2026-08-06 05:22:02.999426,142,1,4,Occasional,False,True,False,False,False,False,False,False,1,4,617.52
417.0,CUST_00318,2025-09-26 05:22:02.993732,115.93,2.0,books,Wallet,False,transactions,,,,,,,,,312.58,Q3,0,2025,9,3,Friday,0,0,2025-09-26 05:22:02.993732,2026-07-03 05:22:02.994751,0,35,3,Occasional,False,True,False,False,False,False,False,False,35,3,312.58
418.0,CUST_00144,2026-01-23 05:22:02.993737,56.59,2.0,groceries,Debit Card,False,transactions,,,,,,,,,208.0,Q1,0,2026,1,1,Friday,0,0,2025-09-22 05:22:02.992538,2026-05-08 05:22:03.001708,123,91,3,Occasional,False,False,False,False,True,False,False,False,91,3,208.0
419.0,CUST_00411,2025-11-02 05:22:02.993742,37.52,1.0,groceries,PayPal,False,transactions,,,,,,,,,672.35,Q1,0,2025,11,4,Sunday,1,1,2025-09-01 05:22:02.992733,2026-04-22 05:22:03.002817,62,106,8,Regular,False,False,False,False,True,False,False,False,106,8,672.35
420.0,CUST_00401,2025-12-02 05:22:02.993748,90.79,3.0,beauty,Debit Card,False,transactions,,,,,,,,,866.36,Q2,0,2025,12,4,Tuesday,0,1,2025-12-02 05:22:02.993748,2026-07-09 05:22:03.001072,0,29,8,Regular,True,False,False,False,False,False,False,False,29,8,866.36
421.0,CUST_00306,2026-04-17 05:22:02.993753,156.7,1.0,books,Wallet,False,transactions,,,,,,,,,564.5799999999999,Q4,1,2026,4,2,Friday,0,0,2025-10-05 05:22:02.993065,2026-08-02 05:22:02.999929,194,5,5,Occasional,False,True,False,False,False,False,False,False,5,5,564.5799999999999
422.0,CUST_00393,2025-10-12 05:22:02.993767,161.33,2.0,home  garden,Debit Card,False,transactions,,,,,,,,,1145.53,Q4,1,2025,10,4,Sunday,1,0,2025-08-22 05:22:03.002710,2026-06-10 05:22:02.999544,50,58,10,Regular,False,False,False,False,False,True,False,False,58,10,1145.53
423.0,CUST_00418,2026-07-10 05:22:02.993773,176.18,2.0,groceries,Debit Card,False,transactions,,,,,,,,,994.5699999999999,Q4,1,2026,7,3,Friday,0,0,2025-09-27 05:22:02.998165,2026-07-23 05:22:02.995698,285,15,7,Regular,False,False,False,False,True,False,False,False,15,7,994.5699999999999
424.0,CUST_00304,2026-02-26 05:22:02.993779,107.28,3.0,electronics,PayPal,True,transactions,,,,,,,,,172.89,Q3,0,2026,2,1,Thursday,0,0,2026-02-26 05:22:02.993779,2026-06-05 05:22:03.000666,0,63,3,Occasional,False,False,False,True,False,False,False,False,63,3,172.89
425.0,CUST_00289,2026-05-27 05:22:02.993784,211.67,5.0,sports,Wallet,False,transactions,,,,,,,,,558.95,Q4,1,2026,5,2,Wednesday,0,0,2025-09-15 05:22:02.994880,2026-07-17 05:22:02.992431,253,21,4,Occasional,False,False,False,False,False,False,True,False,21,4,558.95
426.0,CUST_00090,2025-11-29 05:22:02.993792,110.32,1.0,clothing,Debit Card,False,transactions,,,,,,,,,544.84,Q3,0,2025,11,4,Saturday,1,1,2025-09-06 05:22:03.000824,2026-07-23 05:22:02.993689,83,15,6,Regular,False,False,True,False,False,False,False,False,15,6,544.84
427.0,CUST_00245,2026-08-07 05:22:02.993797,49.41,3.0,sports,PayPal,True,transactions,,,,,,,,,216.07,Q1,0,2026,8,3,Friday,0,0,2025-08-11 05:22:03.003232,2026-08-07 05:22:02.993797,360,0,3,Occasional,False,False,False,False,False,False,True,False,0,3,216.07
428.0,CUST_00471,2026-02-23 05:22:02.993802,59.34,1.0,electronics,Debit Card,True,transactions,,,,,,,,,359.9,Q2,0,2026,2,1,Monday,0,0,2025-09-25 05:22:02.996467,2026-07-17 05:22:02.992998,150,21,5,Occasional,False,False,False,True,False,False,False,False,21,5,359.9
429.0,CUST_00434,2025-11-11 05:22:02.993807,186.4,3.0,clothing,Wallet,False,transactions,,,,,,,,,468.0,Q4,1,2025,11,4,Tuesday,0,1,2025-10-02 05:22:02.995754,2026-05-08 05:22:03.001107,39,91,5,Occasional,False,False,True,False,False,False,False,False,91,5,468.0
430.0,CUST_00173,2026-03-06 05:22:02.993813,49.31,3.0,home  garden,Wallet,True,transactions,,,,,,,,,147.3,Q1,0,2026,3,1,Friday,0,0,2025-08-27 05:22:03.002079,2026-03-06 05:22:02.993813,190,154,2,Occasional,False,False,False,False,False,True,False,False,154,2,147.3
431.0,CUST_00492,2025-12-01 05:22:02.993818,44.48,3.0,home  garden,PayPal,False,transactions,,,,,,,,,877.08,Q1,0,2025,12,4,Monday,0,1,2025-09-12 05:22:02.999432,2026-05-13 05:22:03.003141,79,85,8,Regular,False,False,False,False,False,True,False,False,85,8,877.08
432.0,CUST_00302,2026-05-10 05:22:02.993823,230.86,4.0,books,PayPal,False,transactions,,,,,,,,,874.78,Q4,1,2026,5,2,Sunday,1,0,2025-09-04 05:22:02.995872,2026-05-10 05:22:02.993823,247,89,7,Regular,False,True,False,False,False,False,False,False,89,7,874.78
433.0,CUST_00374,2026-08-07 05:22:02.993828,109.15,5.0,groceries,Credit Card,False,transactions,,,,,,,,,295.04,Q3,0,2026,8,3,Friday,0,0,2025-10-31 05:22:02.997378,2026-08-07 05:22:02.993828,279,0,3,Occasional,False,False,False,False,True,False,False,False,0,3,295.04
434.0,CUST_00163,2025-09-28 05:22:02.993834,109.55,2.0,clothing,Debit Card,False,transactions,,,,,,,,,821.9399999999999,Q3,0,2025,9,3,Sunday,1,0,2025-08-09 05:22:02.997491,2026-06-10 05:22:03.000108,49,58,9,Regular,False,False,True,False,False,False,False,False,58,9,821.9399999999999
435.0,CUST_00040,2026-04-08 05:22:02.993839,158.93,3.0,beauty,Credit Card,True,transactions,,,,,,,,,613.99,Q4,1,2026,4,2,Wednesday,0,0,2025-09-11 05:22:02.992107,2026-07-01 05:22:03.001485,209,37,6,Regular,True,False,False,False,False,False,False,False,37,6,613.99
436.0,CUST_00344,2025-09-14 05:22:02.993845,156.17,3.0,,Debit Card,False,transactions,,,,,,,,,682.0,Q4,1,2025,9,3,Sunday,1,0,2025-08-13 05:22:02.992156,2026-08-04 05:22:03.000735,32,3,6,Regular,False,False,False,False,False,False,False,False,3,6,682.0
437.0,CUST_00035,2026-02-09 05:22:02.993850,86.67,3.0,clothing,Credit Card,False,transactions,,,,,,,,,362.19,Q2,0,2026,2,1,Monday,0,0,2025-12-03 05:22:02.999636,2026-06-17 05:22:02.992832,67,51,6,Regular,False,False,True,False,False,False,False,False,51,6,362.19
438.0,CUST_00376,2026-01-05 05:22:02.993855,199.72,2.0,groceries,Wallet,False,transactions,,,,,,,,,832.61,Q4,1,2026,1,1,Monday,0,0,2025-10-17 05:22:02.996932,2026-06-17 05:22:03.002037,79,50,7,Regular,False,False,False,False,True,False,False,False,50,7,832.61
439.0,CUST_00193,2026-06-17 05:22:02.993864,240.51,4.0,sports,Credit Card,True,transactions,,,,,,,,,892.0699999999999,Q4,1,2026,6,2,Wednesday,0,0,2025-12-27 05:22:03.000708,2026-06-17 05:22:02.993864,171,51,6,Regular,False,False,False,False,False,False,True,False,51,6,892.0699999999999
440.0,CUST_00018,2026-03-10 05:22:02.993872,35.88,1.0,beauty,Credit Card,False,transactions,,,,,,,,,304.9,Q1,0,2026,3,1,Tuesday,0,0,2025-09-01 05:22:02.996816,2026-03-15 05:22:02.995494,189,145,4,Occasional,True,False,False,False,False,False,False,False,145,4,304.9
441.0,CUST_00088,2026-01-27 05:22:02.993877,121.43,2.0,clothing,Credit Card,False,transactions,,,,,,,,,620.36,Q3,0,2026,1,1,Tuesday,0,0,2026-01-27 05:22:02.993877,2026-07-29 05:22:02.998740,0,9,6,Regular,False,False,True,False,False,False,False,False,9,6,620.36
442.0,CUST_00315,2025-12-03 05:22:02.993885,48.65,1.0,groceries,Debit Card,False,transactions,,,,,,,,,316.7,Q1,0,2025,12,4,Wednesday,0,1,2025-09-29 05:22:03.001424,2026-01-29 05:22:03.001655,64,190,4,Occasional,False,False,False,False,True,False,False,False,190,4,316.7
443.0,CUST_00223,2026-05-19 05:22:02.993891,69.25,1.0,clothing,Debit Card,False,transactions,,,,,,,,,270.52,Q2,0,2026,5,2,Tuesday,0,0,2025-09-01 05:22:03.003067,2026-05-19 05:22:02.993891,259,80,3,Occasional,False,False,True,False,False,False,False,False,80,3,270.52
444.0,CUST_00284,2025-11-04 05:22:02.993896,37.99,3.0,books,Credit Card,False,transactions,,,,,,,,,211.82999999999998,Q1,0,2025,11,4,Tuesday,0,1,2025-11-04 05:22:02.993896,2026-06-26 05:22:03.002941,0,41,3,Occasional,False,True,False,False,False,False,False,False,41,3,211.82999999999998
445.0,CUST_00293,2025-10-30 05:22:02.993901,270.8,4.0,home  garden,Credit Card,False,transactions,,,,,,,,,480.06,Q4,1,2025,10,4,Thursday,0,0,2025-10-30 05:22:02.993901,2026-05-07 05:22:02.997577,0,92,3,Occasional,False,False,False,False,False,True,False,False,92,3,480.06
446.0,CUST_00151,2025-09-03 05:22:02.993906,98.68,5.0,toys,Credit Card,False,transactions,,,,,,,,,483.23,Q3,0,2025,9,3,Wednesday,0,0,2025-09-03 05:22:02.993906,2026-05-23 05:22:02.998451,0,76,4,Occasional,False,False,False,False,False,False,False,True,76,4,483.23
447.0,CUST_00327,2026-03-11 05:22:02.993916,78.54,1.0,toys,PayPal,True,transactions,,,,,,,,,703.51,Q2,0,2026,3,1,Wednesday,0,0,2025-10-07 05:22:02.993447,2026-04-21 05:22:02.995945,155,108,8,Regular,False,False,False,False,False,False,False,True,108,8,703.51
448.0,CUST_00242,2025-11-30 05:22:02.993923,100.69,3.0,clothing,Wallet,False,transactions,,,,,,,,,1064.32,Q3,0,2025,11,4,Sunday,1,1,2025-08-22 05:22:03.002307,2026-07-28 05:22:02.997730,99,10,10,Regular,False,False,True,False,False,False,False,False,10,10,1064.32
449.0,CUST_00454,2026-01-24 05:22:02.993928,75.08,3.0,home  garden,PayPal,False,transactions,,,,,,,,,576.13,Q2,0,2026,1,1,Saturday,1,0,2025-08-24 05:22:02.997864,2026-03-26 05:22:02.998407,152,134,5,Occasional,False,False,False,False,False,True,False,False,134,5,576.13
450.0,CUST_00135,2026-04-14 05:22:02.993934,97.64,3.0,electronics,Credit Card,False,transactions,,,,,,,,,654.96,Q3,0,2026,4,2,Tuesday,0,0,2025-08-23 05:22:03.000023,2026-06-25 05:22:02.995605,233,43,6,Regular,False,False,False,True,False,False,False,False,43,6,654.96
451.0,CUST_00177,2025-11-03 05:22:02.993939,126.3,4.0,sports,Wallet,True,transactions,,,,,,,,,347.28999999999996,Q3,0,2025,11,4,Monday,0,1,2025-11-03 05:22:02.993939,2026-05-03 05:22:03.002903,0,95,3,Occasional,False,False,False,False,False,False,True,False,95,3,347.28999999999996
452.0,CUST_00215,2025-11-06 05:22:02.993944,50.92,4.0,sports,Credit Card,False,transactions,,,,,,,,,145.29,Q1,0,2025,11,4,Thursday,0,1,2025-08-11 05:22:02.999368,2026-01-02 05:22:02.998611,86,217,3,Occasional,False,False,False,False,False,False,True,False,217,3,145.29
453.0,CUST_00438,2026-07-21 05:22:02.993950,134.39,5.0,home  garden,Wallet,False,transactions,,,,,,,,,507.83,Q3,0,2026,7,3,Tuesday,0,0,2026-01-07 05:22:02.991637,2026-07-21 05:22:02.993950,195,17,4,Occasional,False,False,False,False,False,True,False,False,17,4,507.83
454.0,CUST_00086,2026-04-21 05:22:02.993960,65.35,2.0,,Credit Card,True,transactions,,,,,,,,,454.84,Q2,0,2026,4,2,Tuesday,0,0,2025-12-09 05:22:02.998897,2026-06-28 05:22:02.999017,132,40,5,Occasional,False,False,False,False,False,False,False,False,40,5,454.84
455.0,CUST_00223,2026-04-26 05:22:02.993965,118.89,2.0,books,Credit Card,False,transactions,,,,,,,,,270.52,Q3,0,2026,4,2,Sunday,1,0,2025-09-01 05:22:03.003067,2026-05-19 05:22:02.993891,236,80,3,Occasional,False,True,False,False,False,False,False,False,80,3,270.52
456.0,CUST_00285,2026-01-16 05:22:02.993971,61.26,5.0,beauty,Wallet,True,transactions,,,,,,,,,83.64,Q2,0,2026,1,1,Friday,0,0,2025-11-18 05:22:02.993060,2026-01-16 05:22:02.993971,59,203,2,Occasional,True,False,False,False,False,False,False,False,203,2,83.64
457.0,CUST_00007,2025-08-14 05:22:02.993976,153.86,5.0,groceries,Debit Card,False,transactions,,,,,,,,,616.1700000000001,Q4,1,2025,8,3,Thursday,0,0,2025-08-14 05:22:02.993976,2026-01-09 05:22:02.996337,0,210,4,Occasional,False,False,False,False,True,False,False,False,210,4,616.1700000000001
458.0,CUST_00302,2025-10-13 05:22:02.993982,164.24,1.0,clothing,Credit Card,True,transactions,,,,,,,,,874.78,Q4,1,2025,10,4,Monday,0,0,2025-09-04 05:22:02.995872,2026-05-10 05:22:02.993823,38,89,7,Regular,False,False,True,False,False,False,False,False,89,7,874.78
459.0,CUST_00445,2025-11-06 05:22:02.993988,89.31,3.0,groceries,Wallet,False,transactions,,,,,,,,,481.37,Q2,0,2025,11,4,Thursday,0,1,2025-08-25 05:22:02.995170,2025-12-24 05:22:02.994588,72,226,5,Occasional,False,False,False,False,True,False,False,False,226,5,481.37
461.0,CUST_00456,2026-02-19 05:22:02.994010,114.52,2.0,electronics,PayPal,True,transactions,,,,,,,,,154.17,Q3,0,2026,2,1,Thursday,0,0,2026-02-19 05:22:02.994010,2026-05-04 05:22:02.999442,0,95,2,Occasional,False,False,False,True,False,False,False,False,95,2,154.17
462.0,CUST_00011,2026-02-16 05:22:02.994015,32.31,3.0,books,Wallet,True,transactions,,,,,,,,,396.49,Q1,0,2026,2,1,Monday,0,0,2025-10-01 05:22:03.003302,2026-03-02 05:22:02.999722,137,158,5,Occasional,False,True,False,False,False,False,False,False,158,5,396.49
463.0,CUST_00351,2026-06-18 05:22:02.994021,148.8,2.0,home  garden,Wallet,True,transactions,,,,,,,,,824.26,Q4,1,2026,6,2,Thursday,0,0,2025-08-08 05:22:03.000714,2026-06-18 05:22:02.994021,313,50,8,Regular,False,False,False,False,False,True,False,False,50,8,824.26
464.0,CUST_00165,2026-03-23 05:22:02.994026,255.03,4.0,clothing,Debit Card,True,transactions,,,,,,,,,578.1,Q4,1,2026,3,1,Monday,0,0,2025-11-11 05:22:03.003369,2026-04-21 05:22:02.999587,131,108,4,Occasional,False,False,True,False,False,False,False,False,108,4,578.1
465.0,CUST_00209,2025-12-02 05:22:02.994031,61.06,5.0,beauty,Debit Card,False,transactions,,,,,,,,,599.54,Q2,0,2025,12,4,Tuesday,0,1,2025-08-25 05:22:02.998051,2026-04-23 05:22:03.002142,98,105,8,Regular,True,False,False,False,False,False,False,False,105,8,599.54
466.0,CUST_00364,2025-11-21 05:22:02.994037,34.41,4.0,home  garden,Credit Card,False,transactions,,,,,,,,,437.51,Q1,0,2025,11,4,Friday,0,1,2025-11-21 05:22:02.994037,2026-04-14 05:22:02.992412,0,115,3,Occasional,False,False,False,False,False,True,False,False,115,3,437.51
467.0,CUST_00449,2026-04-27 05:22:02.994042,146.62,1.0,,Credit Card,True,transactions,,,,,,,,,618.48,Q4,1,2026,4,2,Monday,0,0,2025-11-11 05:22:03.000633,2026-06-17 05:22:02.997372,166,51,6,Regular,False,False,False,False,False,False,False,False,51,6,618.48
468.0,CUST_00361,2026-04-28 05:22:02.994047,86.87,3.0,beauty,Wallet,False,transactions,,,,,,,,,350.48,Q2,0,2026,4,2,Tuesday,0,0,2025-09-17 05:22:02.996689,2026-04-28 05:22:02.994047,222,101,5,Occasional,True,False,False,False,False,False,False,False,101,5,350.48
469.0,CUST_00064,2025-08-24 05:22:02.994052,99.95,1.0,sports,Wallet,False,transactions,,,,,,,,,409.7,Q3,0,2025,8,3,Sunday,1,0,2025-08-24 05:22:02.994052,2026-06-21 05:22:03.002772,0,46,5,Occasional,False,False,False,False,False,False,True,False,46,5,409.7
470.0,CUST_00446,2025-12-08 05:22:02.994058,103.11,5.0,beauty,PayPal,True,transactions,,,,,,,,,630.79,Q3,0,2025,12,4,Monday,0,1,2025-08-09 05:22:02.999471,2026-08-03 05:22:03.001902,120,3,6,Regular,True,False,False,False,False,False,False,False,3,6,630.79
471.0,CUST_00353,2026-06-22 05:22:02.994063,66.81,3.0,electronics,Debit Card,True,transactions,,,,,,,,,871.96,Q2,0,2026,6,2,Monday,0,0,2025-09-25 05:22:03.002103,2026-06-28 05:22:02.993020,269,40,8,Regular,False,False,False,True,False,False,False,False,40,8,871.96
472.0,CUST_00400,2026-04-20 05:22:02.994068,72.93,2.0,sports,PayPal,False,transactions,,,,,,,,,388.72,Q2,0,2026,4,2,Monday,0,0,2026-04-20 05:22:02.994068,2026-07-03 05:22:02.996414,0,35,3,Occasional,False,False,False,False,False,False,True,False,35,3,388.72
473.0,CUST_00263,2026-07-28 05:22:02.994073,74.39,1.0,toys,Debit Card,False,transactions,,,,,,,,,433.06,Q2,0,2026,7,3,Tuesday,0,0,2025-09-22 05:22:03.000018,2026-07-28 05:22:02.994073,308,10,5,Occasional,False,False,False,False,False,False,False,True,10,5,433.06
474.0,CUST_00005,2026-04-15 05:22:02.994079,92.16,3.0,books,PayPal,False,transactions,,,,,,,,,426.93,Q2,0,2026,4,2,Wednesday,0,0,2026-02-03 05:22:02.999203,2026-08-01 05:22:02.995118,70,6,5,Occasional,False,True,False,False,False,False,False,False,6,5,426.93
475.0,CUST_00193,2026-02-10 05:22:02.994084,164.64,4.0,books,PayPal,False,transactions,,,,,,,,,892.0699999999999,Q4,1,2026,2,1,Tuesday,0,0,2025-12-27 05:22:03.000708,2026-06-17 05:22:02.993864,44,51,6,Regular,False,True,False,False,False,False,False,False,51,6,892.0699999999999
476.0,CUST_00423,2025-09-22 05:22:02.994089,56.14,4.0,,PayPal,False,transactions,,,,,,,,,342.41,Q1,0,2025,9,3,Monday,0,0,2025-08-19 05:22:02.995560,2026-02-16 05:22:03.001250,33,172,3,Occasional,False,False,False,False,False,False,False,False,172,3,342.41
477.0,CUST_00305,2025-09-30 05:22:02.994095,192.9,3.0,books,Wallet,False,transactions,,,,,,,,,332.14,Q4,1,2025,9,3,Tuesday,0,0,2025-09-05 05:22:02.996347,2026-06-24 05:22:02.996035,24,44,3,Occasional,False,True,False,False,False,False,False,False,44,3,332.14
478.0,CUST_00142,2025-09-14 05:22:02.994100,78.82,3.0,books,PayPal,False,transactions,,,,,,,,,442.38,Q2,0,2025,9,3,Sunday,1,0,2025-09-14 05:22:02.994100,2026-03-28 05:22:03.001123,0,132,4,Occasional,False,True,False,False,False,False,False,False,132,4,442.38
479.0,CUST_00265,2026-04-06 05:22:02.994105,181.47,1.0,groceries,Debit Card,True,transactions,,,,,,,,,872.91,Q4,1,2026,4,2,Monday,0,0,2025-09-04 05:22:03.001891,2026-05-26 05:22:03.000751,213,73,7,Regular,False,False,False,False,True,False,False,False,73,7,872.91
481.0,CUST_00019,2025-10-13 05:22:02.994119,82.91,5.0,sports,Debit Card,False,transactions,,,,,,,,,541.76,Q2,0,2025,10,4,Monday,0,0,2025-08-17 05:22:02.996244,2026-06-04 05:22:02.991665,56,64,5,Occasional,False,False,False,False,False,False,True,False,64,5,541.76
482.0,CUST_00327,2025-12-07 05:22:02.994125,100.7,3.0,books,Debit Card,False,transactions,,,,,,,,,703.51,Q3,0,2025,12,4,Sunday,1,1,2025-10-07 05:22:02.993447,2026-04-21 05:22:02.995945,61,108,8,Regular,False,True,False,False,False,False,False,False,108,8,703.51
483.0,CUST_00242,2026-06-03 05:22:02.994130,41.82,3.0,home  garden,PayPal,False,transactions,,,,,,,,,1064.32,Q1,0,2026,6,2,Wednesday,0,0,2025-08-22 05:22:03.002307,2026-07-28 05:22:02.997730,284,10,10,Regular,False,False,False,False,False,True,False,False,10,10,1064.32
484.0,CUST_00114,2026-02-07 05:22:02.994135,102.57,2.0,books,PayPal,False,transactions,,,,,,,,,837.96,Q3,0,2026,2,1,Saturday,1,0,2025-09-26 05:22:02.994732,2026-07-06 05:22:03.002152,133,31,6,Regular,False,True,False,False,False,False,False,False,31,6,837.96
485.0,CUST_00300,2026-03-10 05:22:02.994141,128.92,4.0,clothing,Credit Card,False,transactions,,,,,,,,,1011.3299999999999,Q3,0,2026,3,1,Tuesday,0,0,2025-08-16 05:22:02.995819,2026-06-27 05:22:02.997671,205,41,8,Regular,False,False,True,False,False,False,False,False,41,8,1011.3299999999999
486.0,CUST_00100,2025-11-24 05:22:02.994146,134.57,1.0,groceries,Wallet,False,transactions,,,,,,,,,912.4100000000001,Q3,0,2025,11,4,Monday,0,1,2025-09-06 05:22:03.001808,2026-08-07 05:22:02.995932,78,0,7,Regular,False,False,False,False,True,False,False,False,0,7,912.4100000000001
487.0,CUST_00438,2026-05-22 05:22:02.994151,50.11,2.0,sports,Wallet,False,transactions,,,,,,,,,507.83,Q1,0,2026,5,2,Friday,0,0,2026-01-07 05:22:02.991637,2026-07-21 05:22:02.993950,135,17,4,Occasional,False,False,False,False,False,False,True,False,17,4,507.83
488.0,CUST_00442,2026-05-07 05:22:02.994157,139.31,1.0,toys,Debit Card,False,transactions,,,,,,,,,761.14,Q3,0,2026,5,2,Thursday,0,0,2026-01-24 05:22:03.001051,2026-07-17 05:22:02.992046,102,21,7,Regular,False,False,False,False,False,False,False,True,21,7,761.14
489.0,CUST_00030,2026-08-05 05:22:02.994162,59.96,4.0,books,Debit Card,False,transactions,,,,,,,,,479.33,Q2,0,2026,8,3,Wednesday,0,0,2025-10-19 05:22:03.001783,2026-08-05 05:22:02.994162,289,2,5,Occasional,False,True,False,False,False,False,False,False,2,5,479.33
490.0,CUST_00082,2025-11-30 05:22:02.994172,248.96,1.0,home  garden,Wallet,False,transactions,,,,,,,,,565.63,Q4,1,2025,11,4,Sunday,1,1,2025-09-19 05:22:02.995334,2026-04-11 05:22:03.000851,71,118,3,Occasional,False,False,False,False,False,True,False,False,118,3,565.63
491.0,CUST_00495,2025-12-06 05:22:02.994177,119.92,4.0,,Debit Card,True,transactions,,,,,,,,,559.32,Q3,0,2025,12,4,Saturday,1,1,2025-08-15 05:22:03.001940,2026-06-25 05:22:03.001043,112,43,5,Occasional,False,False,False,False,False,False,False,False,43,5,559.32
492.0,CUST_00487,2026-07-31 05:22:02.994230,95.62,3.0,,Credit Card,False,transactions,,,,,,,,,367.36,Q3,0,2026,7,3,Friday,0,0,2025-10-21 05:22:02.992343,2026-07-31 05:22:02.994230,283,7,5,Occasional,False,False,False,False,False,False,False,False,7,5,367.36
493.0,CUST_00128,2026-04-14 05:22:02.994243,224.95,3.0,books,Wallet,False,transactions,,,,,,,,,639.78,Q4,1,2026,4,2,Tuesday,0,0,2026-04-14 05:22:02.994243,2026-08-01 05:22:03.001464,0,6,4,Occasional,False,True,False,False,False,False,False,False,6,4,639.78
494.0,CUST_00157,2026-05-14 05:22:02.994252,107.62,1.0,electronics,PayPal,False,transactions,,,,,,,,,354.06,Q3,0,2026,5,2,Thursday,0,0,2025-08-17 05:22:02.994757,2026-05-14 05:22:02.994252,269,85,3,Occasional,False,False,False,True,False,False,False,False,85,3,354.06
495.0,CUST_00267,2025-10-06 05:22:02.994259,134.23,5.0,beauty,Debit Card,False,transactions,,,,,,,,,758.0699999999999,Q3,0,2025,10,4,Monday,0,0,2025-09-11 05:22:02.996773,2026-06-04 05:22:03.001316,24,64,6,Regular,True,False,False,False,False,False,False,False,64,6,758.0699999999999
496.0,CUST_00462,2025-11-30 05:22:02.994265,68.28,3.0,sports,Wallet,False,transactions,,,,,,,,,756.66,Q2,0,2025,11,4,Sunday,1,1,2025-09-27 05:22:02.994907,2026-01-11 05:22:02.997305,63,208,6,Regular,False,False,False,False,False,False,True,False,208,6,756.66
497.0,CUST_00115,2026-06-01 05:22:02.994270,39.79,2.0,electronics,Debit Card,False,transactions,,,,,,,,,258.1,Q1,0,2026,6,2,Monday,0,0,2025-08-17 05:22:03.003172,2026-07-14 05:22:02.998262,287,24,3,Occasional,False,False,False,True,False,False,False,False,24,3,258.1
498.0,CUST_00365,2025-09-08 05:22:02.994276,142.74,1.0,groceries,PayPal,True,transactions,,,,,,,,,446.71000000000004,Q4,1,2025,9,3,Monday,0,0,2025-09-08 05:22:02.994276,2026-04-02 05:22:02.993683,0,127,3,Occasional,False,False,False,False,True,False,False,False,127,3,446.71000000000004
499.0,CUST_00320,2026-07-14 05:22:02.994281,249.39,5.0,electronics,Credit Card,False,transactions,,,,,,,,,372.1,Q4,1,2026,7,3,Tuesday,0,0,2026-06-21 05:22:02.997225,2026-07-25 05:22:02.996254,22,13,3,Occasional,False,False,False,True,False,False,False,False,13,3,372.1
500.0,CUST_00060,2026-01-06 05:22:02.994289,77.6,4.0,groceries,PayPal,False,transactions,,,,,,,,,916.01,Q2,0,2026,1,1,Tuesday,0,0,2025-10-18 05:22:02.999130,2026-08-01 05:22:02.997695,79,6,10,Regular,False,False,False,False,True,False,False,False,6,10,916.01
501.0,CUST_00079,2026-04-24 05:22:02.994295,75.29,1.0,books,Credit Card,False,transactions,,,,,,,,,751.87,Q2,0,2026,4,2,Friday,0,0,2025-08-11 05:22:02.991131,2026-07-16 05:22:02.999626,256,22,8,Regular,False,True,False,False,False,False,False,False,22,8,751.87
502.0,CUST_00139,2025-09-23 05:22:02.994300,51.02,5.0,home  garden,Credit Card,False,transactions,,,,,,,,,468.51,Q1,0,2025,9,3,Tuesday,0,0,2025-09-23 05:22:02.994300,2026-07-17 05:22:03.000947,0,21,4,Occasional,False,False,False,False,False,True,False,False,21,4,468.51
503.0,CUST_00317,2026-06-08 05:22:02.994306,91.0,3.0,clothing,Wallet,False,transactions,,,,,,,,,444.56,Q2,0,2026,6,2,Monday,0,0,2025-09-06 05:22:03.001128,2026-07-13 05:22:02.992015,274,25,3,Occasional,False,False,True,False,False,False,False,False,25,3,444.56
504.0,CUST_00103,2026-03-26 05:22:02.994312,155.95,5.0,sports,Wallet,False,transactions,,,,,,,,,908.8100000000001,Q4,1,2026,3,1,Thursday,0,0,2026-03-26 05:22:02.994312,2026-06-22 05:22:02.998768,0,46,6,Regular,False,False,False,False,False,False,True,False,46,6,908.8100000000001
505.0,CUST_00021,2025-10-31 05:22:02.994318,157.22,4.0,sports,Wallet,False,transactions,,,,,,,,,280.83,Q4,1,2025,10,4,Friday,0,0,2025-10-31 05:22:02.994318,2026-06-26 05:22:02.997056,0,42,3,Occasional,False,False,False,False,False,False,True,False,42,3,280.83
506.0,CUST_00002,2026-08-01 05:22:02.994323,44.95,1.0,clothing,Wallet,False,transactions,,,,,,,,,120.04,Q1,0,2026,8,3,Saturday,1,0,2025-09-30 05:22:02.998136,2026-08-01 05:22:02.994323,304,6,3,Occasional,False,False,True,False,False,False,False,False,6,3,120.04
507.0,CUST_00047,2025-11-19 05:22:02.994328,126.65,1.0,clothing,Debit Card,False,transactions,,,,,,,,,324.57,Q3,0,2025,11,4,Wednesday,0,1,2025-08-12 05:22:02.993389,2026-05-02 05:22:03.002468,99,96,3,Occasional,False,False,True,False,False,False,False,False,96,3,324.57
508.0,CUST_00152,2026-03-25 05:22:02.994334,242.92,4.0,electronics,Debit Card,True,transactions,,,,,,,,,940.64,Q4,1,2026,3,1,Wednesday,0,0,2025-09-11 05:22:02.993442,2026-06-16 05:22:02.999768,195,52,9,Regular,False,False,False,True,False,False,False,False,52,9,940.64
509.0,CUST_00437,2026-03-12 05:22:02.994339,120.34,3.0,beauty,Credit Card,False,transactions,,,,,,,,,711.62,Q3,0,2026,3,1,Thursday,0,0,2026-01-04 05:22:03.000162,2026-07-03 05:22:02.995284,66,35,7,Regular,True,False,False,False,False,False,False,False,35,7,711.62
510.0,CUST_00389,2026-07-15 05:22:02.994344,77.18,1.0,home  garden,Debit Card,False,transactions,,,,,,,,,175.71,Q2,0,2026,7,3,Wednesday,0,0,2025-10-25 05:22:02.999631,2026-07-15 05:22:02.994344,262,23,2,Occasional,False,False,False,False,False,True,False,False,23,2,175.71
511.0,CUST_00458,2025-12-26 05:22:02.994350,55.96,5.0,books,Credit Card,False,transactions,,,,,,,,,486.21000000000004,Q1,0,2025,12,4,Friday,0,1,2025-08-16 05:22:02.996201,2025-12-26 05:22:02.994350,131,224,4,Occasional,False,True,False,False,False,False,False,False,224,4,486.21000000000004
512.0,CUST_00176,2026-05-06 05:22:02.994355,64.15,1.0,groceries,Wallet,False,transactions,,,,,,,,,663.98,Q2,0,2026,5,2,Wednesday,0,0,2025-09-10 05:22:02.993189,2026-05-06 05:22:03.003287,238,92,7,Regular,False,False,False,False,True,False,False,False,92,7,663.98
513.0,CUST_00198,2025-08-19 05:22:02.994360,198.12,4.0,groceries,Debit Card,False,transactions,,,,,,,,,717.27,Q4,1,2025,8,3,Tuesday,0,0,2025-08-19 05:22:02.994360,2026-03-15 05:22:02.998638,0,145,3,Occasional,False,False,False,False,True,False,False,False,145,3,717.27
514.0,CUST_00357,2026-07-08 05:22:02.994366,85.39,2.0,clothing,Wallet,True,transactions,,,,,,,,,770.7,Q2,0,2026,7,3,Wednesday,0,0,2025-09-11 05:22:02.999315,2026-07-08 05:22:02.994366,299,30,8,Regular,False,False,True,False,False,False,False,False,30,8,770.7
515.0,CUST_00348,2025-12-26 05:22:02.994371,48.57,2.0,groceries,Credit Card,True,transactions,,,,,,,,,395.57,Q1,0,2025,12,4,Friday,0,1,2025-10-10 05:22:02.993166,2026-07-27 05:22:02.998243,77,11,6,Regular,False,False,False,False,True,False,False,False,11,6,395.57
516.0,CUST_00451,2026-06-02 05:22:02.994376,77.79,4.0,toys,Wallet,False,transactions,,,,,,,,,792.92,Q2,0,2026,6,2,Tuesday,0,0,2025-08-18 05:22:03.000549,2026-06-21 05:22:02.993320,287,47,6,Regular,False,False,False,False,False,False,False,True,47,6,792.92
517.0,CUST_00033,2026-03-27 05:22:02.994382,54.56,3.0,electronics,Debit Card,True,transactions,,,,,,,,,375.38,Q1,0,2026,3,1,Friday,0,0,2025-09-04 05:22:02.995406,2026-06-14 05:22:02.996478,203,54,4,Occasional,False,False,False,True,False,False,False,False,54,4,375.38
518.0,CUST_00343,2026-02-15 05:22:02.994387,181.11,5.0,clothing,Debit Card,False,transactions,,,,,,,,,1101.07,Q4,1,2026,2,1,Sunday,1,0,2025-11-09 05:22:02.992646,2026-07-29 05:22:02.995660,98,9,9,Regular,False,False,True,False,False,False,False,False,9,9,1101.07
519.0,CUST_00340,2025-08-26 05:22:02.994392,32.21,4.0,home  garden,Credit Card,False,transactions,,,,,,,,,32.21,Q1,0,2025,8,3,Tuesday,0,0,2025-08-26 05:22:02.994392,2025-08-26 05:22:02.994392,0,346,1,One-time,False,False,False,False,False,True,False,False,346,1,32.21
520.0,CUST_00479,2026-05-19 05:22:02.994400,182.54,5.0,toys,Debit Card,False,transactions,,,,,,,,,589.47,Q4,1,2026,5,2,Tuesday,0,0,2025-12-07 05:22:02.992656,2026-05-19 05:22:02.994400,163,80,4,Occasional,False,False,False,False,False,False,False,True,80,4,589.47
521.0,CUST_00252,2026-02-24 05:22:02.994406,27.62,2.0,beauty,Credit Card,False,transactions,,,,,,,,,621.14,Q1,0,2026,2,1,Tuesday,0,0,2025-12-06 05:22:02.995262,2026-06-17 05:22:02.997778,79,51,5,Occasional,True,False,False,False,False,False,False,False,51,5,621.14
522.0,CUST_00282,2025-09-12 05:22:02.994412,208.31,4.0,groceries,Credit Card,False,transactions,,,,,,,,,521.5600000000001,Q4,1,2025,9,3,Friday,0,0,2025-09-12 05:22:02.994412,2026-06-01 05:22:02.991599,0,67,4,Occasional,False,False,False,False,True,False,False,False,67,4,521.5600000000001
524.0,CUST_00255,2025-09-07 05:22:02.994424,105.7,1.0,clothing,Credit Card,False,transactions,,,,,,,,,274.81,Q3,0,2025,9,3,Sunday,1,0,2025-09-07 05:22:02.994424,2026-01-18 05:22:03.001552,0,201,3,Occasional,False,False,True,False,False,False,False,False,201,3,274.81
525.0,CUST_00001,2026-06-22 05:22:02.994430,154.67,5.0,books,Debit Card,False,transactions,,,,,,,,,520.5,Q4,1,2026,6,2,Monday,0,0,2025-12-31 05:22:02.993354,2026-07-19 05:22:02.996404,173,19,5,Occasional,False,True,False,False,False,False,False,False,19,5,520.5
526.0,CUST_00234,2026-02-14 05:22:02.994435,135.61,3.0,electronics,Wallet,False,transactions,,,,,,,,,308.83000000000004,Q3,0,2026,2,1,Saturday,1,0,2025-09-02 05:22:03.002920,2026-02-14 05:22:02.994435,164,174,2,Occasional,False,False,False,True,False,False,False,False,174,2,308.83000000000004
527.0,CUST_00393,2025-09-24 05:22:02.994440,117.27,5.0,toys,PayPal,True,transactions,,,,,,,,,1145.53,Q3,0,2025,9,3,Wednesday,0,0,2025-08-22 05:22:03.002710,2026-06-10 05:22:02.999544,32,58,10,Regular,False,False,False,False,False,False,False,True,58,10,1145.53
528.0,CUST_00059,2026-06-19 05:22:02.994446,62.99,2.0,electronics,PayPal,False,transactions,,,,,,,,,289.21999999999997,Q2,0,2026,6,2,Friday,0,0,2026-02-16 05:22:02.997190,2026-06-19 05:22:02.994446,122,49,2,Occasional,False,False,False,True,False,False,False,False,49,2,289.21999999999997
529.0,CUST_00192,2025-08-13 05:22:02.994451,42.01,1.0,electronics,Wallet,False,transactions,,,,,,,,,842.55,Q1,0,2025,8,3,Wednesday,0,0,2025-08-13 05:22:02.994451,2026-07-26 05:22:03.002614,0,11,10,Regular,False,False,False,True,False,False,False,False,11,10,842.55
530.0,CUST_00368,2026-01-10 05:22:02.994456,90.71,1.0,books,Debit Card,False,transactions,,,,,,,,,237.68,Q2,0,2026,1,1,Saturday,1,0,2026-01-10 05:22:02.994456,2026-05-04 05:22:02.992691,0,95,2,Occasional,False,True,False,False,False,False,False,False,95,2,237.68
531.0,CUST_00437,2026-01-18 05:22:02.994461,49.16,2.0,toys,Debit Card,True,transactions,,,,,,,,,711.62,Q1,0,2026,1,1,Sunday,1,0,2026-01-04 05:22:03.000162,2026-07-03 05:22:02.995284,13,35,7,Regular,False,False,False,False,False,False,False,True,35,7,711.62
532.0,CUST_00056,2026-01-07 05:22:02.994466,119.07,1.0,clothing,Wallet,False,transactions,,,,,,,,,322.91999999999996,Q3,0,2026,1,1,Wednesday,0,0,2025-08-24 05:22:03.000520,2026-07-22 05:22:02.997010,135,16,4,Occasional,False,False,True,False,False,False,False,False,16,4,322.91999999999996
533.0,CUST_00302,2025-11-22 05:22:02.994472,63.88,2.0,,Credit Card,False,transactions,,,,,,,,,874.78,Q2,0,2025,11,4,Saturday,1,1,2025-09-04 05:22:02.995872,2026-05-10 05:22:02.993823,78,89,7,Regular,False,False,False,False,False,False,False,False,89,7,874.78
534.0,CUST_00222,2025-10-12 05:22:02.994477,35.67,4.0,home  garden,Debit Card,True,transactions,,,,,,,,,212.4,Q1,0,2025,10,4,Sunday,1,0,2025-09-29 05:22:02.996318,2025-11-28 05:22:03.001324,12,252,3,Occasional,False,False,False,False,False,True,False,False,252,3,212.4
535.0,CUST_00066,2026-06-15 05:22:02.994483,128.62,4.0,beauty,Wallet,False,transactions,,,,,,,,,711.38,Q3,0,2026,6,2,Monday,0,0,2025-11-15 05:22:03.002811,2026-07-22 05:22:02.996628,211,16,7,Regular,True,False,False,False,False,False,False,False,16,7,711.38
536.0,CUST_00312,2025-08-18 05:22:02.994488,79.04,2.0,books,PayPal,True,transactions,,,,,,,,,187.68,Q2,0,2025,8,3,Monday,0,0,2025-08-18 05:22:02.994488,2026-06-07 05:22:03.002441,0,60,2,Occasional,False,True,False,False,False,False,False,False,60,2,187.68
537.0,CUST_00232,2026-05-31 05:22:02.994493,33.65,2.0,groceries,PayPal,True,transactions,,,,,,,,,203.41,Q1,0,2026,5,2,Sunday,1,0,2026-02-08 05:22:03.000480,2026-05-31 05:22:02.994493,111,68,2,Occasional,False,False,False,False,True,False,False,False,68,2,203.41
538.0,CUST_00281,2026-02-28 05:22:02.994499,184.63,5.0,sports,PayPal,False,transactions,,,,,,,,,344.19,Q4,1,2026,2,1,Saturday,1,0,2025-11-22 05:22:02.992744,2026-02-28 05:22:02.994499,98,160,3,Occasional,False,False,False,False,False,False,True,False,160,3,344.19
539.0,CUST_00472,2025-08-28 05:22:02.994535,97.92,2.0,home  garden,PayPal,True,transactions,,,,,,,,,1449.15,Q3,0,2025,8,3,Thursday,0,0,2025-08-28 05:22:02.994535,2026-04-25 05:22:02.993473,0,104,10,Regular,False,False,False,False,False,True,False,False,104,10,1449.15
540.0,CUST_00390,2026-02-08 05:22:02.994546,180.32,5.0,toys,Wallet,False,transactions,,,,,,,,,208.16,Q4,1,2026,2,1,Sunday,1,0,2026-02-08 05:22:02.994546,2026-03-22 05:22:02.993055,0,138,2,Occasional,False,False,False,False,False,False,False,True,138,2,208.16
541.0,CUST_00458,2025-11-07 05:22:02.994553,110.07,3.0,groceries,Credit Card,False,transactions,,,,,,,,,486.21000000000004,Q3,0,2025,11,4,Friday,0,1,2025-08-16 05:22:02.996201,2025-12-26 05:22:02.994350,82,224,4,Occasional,False,False,False,False,True,False,False,False,224,4,486.21000000000004
542.0,CUST_00075,2026-07-11 05:22:02.994560,67.07,1.0,sports,Debit Card,True,transactions,,,,,,,,,407.97,Q2,0,2026,7,3,Saturday,1,0,2025-11-09 05:22:02.996307,2026-07-11 05:22:02.994560,243,27,4,Occasional,False,False,False,False,False,False,True,False,27,4,407.97
543.0,CUST_00350,2026-04-01 05:22:02.994566,52.28,2.0,electronics,PayPal,False,transactions,,,,,,,,,354.59000000000003,Q1,0,2026,4,2,Wednesday,0,0,2025-10-29 05:22:02.999598,2026-04-01 05:22:02.994566,153,128,4,Occasional,False,False,False,True,False,False,False,False,128,4,354.59000000000003
544.0,CUST_00278,2026-07-22 05:22:02.994572,139.12,3.0,toys,Debit Card,True,transactions,,,,,,,,,229.09,Q3,0,2026,7,3,Wednesday,0,0,2026-02-11 05:22:02.993619,2026-07-22 05:22:02.994572,161,16,2,Occasional,False,False,False,False,False,False,False,True,16,2,229.09
545.0,CUST_00288,2026-01-20 05:22:02.994577,242.91,2.0,books,Credit Card,True,transactions,,,,,,,,,798.88,Q4,1,2026,1,1,Tuesday,0,0,2025-10-06 05:22:03.000097,2026-08-03 05:22:03.000029,105,4,7,Regular,False,True,False,False,False,False,False,False,4,7,798.88
546.0,CUST_00199,2026-01-06 05:22:02.994582,131.07,3.0,,PayPal,False,transactions,,,,,,,,,131.07,Q3,0,2026,1,1,Tuesday,0,0,2026-01-06 05:22:02.994582,2026-01-06 05:22:02.994582,0,213,1,One-time,False,False,False,False,False,False,False,False,213,1,131.07
547.0,CUST_00445,2025-12-24 05:22:02.994588,65.58,2.0,beauty,Debit Card,True,transactions,,,,,,,,,481.37,Q2,0,2025,12,4,Wednesday,0,1,2025-08-25 05:22:02.995170,2025-12-24 05:22:02.994588,120,226,5,Occasional,True,False,False,False,False,False,False,False,226,5,481.37
548.0,CUST_00494,2026-04-30 05:22:02.994594,114.04,3.0,toys,Credit Card,False,transactions,,,,,,,,,558.7,Q3,0,2026,4,2,Thursday,0,0,2025-08-19 05:22:02.997706,2026-06-02 05:22:02.993649,253,66,7,Regular,False,False,False,False,False,False,False,True,66,7,558.7
549.0,CUST_00089,2025-11-17 05:22:02.994599,46.82,1.0,,PayPal,False,transactions,,,,,,,,,125.41,Q1,0,2025,11,4,Monday,0,1,2025-10-29 05:22:02.991473,2026-03-06 05:22:03.001962,19,153,3,Occasional,False,False,False,False,False,False,False,False,153,3,125.41
550.0,CUST_00067,2026-05-17 05:22:02.994604,130.27,5.0,,Wallet,True,transactions,,,,,,,,,366.44,Q3,0,2026,5,2,Sunday,1,0,2026-03-12 05:22:02.999645,2026-05-17 05:22:02.994604,65,82,2,Occasional,False,False,False,False,False,False,False,False,82,2,366.44
551.0,CUST_00080,2026-07-18 05:22:02.994609,162.84,2.0,beauty,PayPal,False,transactions,,,,,,,,,251.08,Q4,1,2026,7,3,Saturday,1,0,2025-08-17 05:22:03.002404,2026-07-18 05:22:02.994609,334,20,3,Occasional,True,False,False,False,False,False,False,False,20,3,251.08
552.0,CUST_00294,2025-10-30 05:22:02.994615,71.23,3.0,clothing,PayPal,False,transactions,,,,,,,,,553.54,Q2,0,2025,10,4,Thursday,0,0,2025-08-26 05:22:02.992625,2026-08-05 05:22:02.997909,65,2,6,Regular,False,False,True,False,False,False,False,False,2,6,553.54
553.0,CUST_00490,2026-05-05 05:22:02.994623,227.32,5.0,clothing,Debit Card,False,transactions,,,,,,,,,380.08,Q4,1,2026,5,2,Tuesday,0,0,2025-10-29 05:22:02.992420,2026-05-05 05:22:02.994623,188,94,4,Occasional,False,False,True,False,False,False,False,False,94,4,380.08
554.0,CUST_00275,2026-01-13 05:22:02.994628,64.28,1.0,beauty,Debit Card,False,transactions,,,,,,,,,425.59000000000003,Q2,0,2026,1,1,Tuesday,0,0,2025-08-20 05:22:03.000091,2026-06-05 05:22:02.991779,145,63,6,Regular,True,False,False,False,False,False,False,False,63,6,425.59000000000003
555.0,CUST_00170,2026-02-04 05:22:02.994633,112.91,3.0,sports,Wallet,True,transactions,,,,,,,,,342.46000000000004,Q3,0,2026,2,1,Wednesday,0,0,2025-12-30 05:22:02.993156,2026-02-04 05:22:02.994633,36,184,2,Occasional,False,False,False,False,False,False,True,False,184,2,342.46000000000004
556.0,CUST_00422,2025-09-09 05:22:02.994639,151.41,1.0,clothing,Wallet,False,transactions,,,,,,,,,1100.56,Q4,1,2025,9,3,Tuesday,0,0,2025-09-09 05:22:02.994639,2026-05-25 05:22:02.994987,0,74,10,Regular,False,False,True,False,False,False,False,False,74,10,1100.56
557.0,CUST_00329,2025-09-27 05:22:02.994644,71.17,5.0,sports,PayPal,False,transactions,,,,,,,,,784.36,Q2,0,2025,9,3,Saturday,1,0,2025-08-30 05:22:02.999235,2026-07-19 05:22:02.998848,27,19,7,Regular,False,False,False,False,False,False,True,False,19,7,784.36
558.0,CUST_00408,2026-06-10 05:22:02.994649,39.32,4.0,books,PayPal,False,transactions,,,,,,,,,771.02,Q1,0,2026,6,2,Wednesday,0,0,2026-01-10 05:22:02.993127,2026-08-04 05:22:02.995268,151,3,5,Occasional,False,True,False,False,False,False,False,False,3,5,771.02
559.0,CUST_00265,2026-01-28 05:22:02.994657,45.75,5.0,toys,PayPal,True,transactions,,,,,,,,,872.91,Q1,0,2026,1,1,Wednesday,0,0,2025-09-04 05:22:03.001891,2026-05-26 05:22:03.000751,145,73,7,Regular,False,False,False,False,False,False,False,True,73,7,872.91
560.0,CUST_00099,2026-02-24 05:22:02.994662,75.23,5.0,clothing,Debit Card,True,transactions,,,,,,,,,403.45,Q2,0,2026,2,1,Tuesday,0,0,2025-08-24 05:22:02.998773,2026-04-03 05:22:02.992614,183,126,6,Regular,False,False,True,False,False,False,False,False,126,6,403.45
561.0,CUST_00396,2025-11-05 05:22:02.994668,71.26,5.0,electronics,Debit Card,False,transactions,,,,,,,,,571.36,Q2,0,2025,11,4,Wednesday,0,1,2025-08-20 05:22:03.001474,2026-05-15 05:22:02.997854,76,84,5,Occasional,False,False,False,True,False,False,False,False,84,5,571.36
562.0,CUST_00397,2026-04-20 05:22:02.994673,92.28,4.0,clothing,Wallet,False,transactions,,,,,,,,,500.53000000000003,Q3,0,2026,4,2,Monday,0,0,2026-01-25 05:22:03.000063,2026-05-31 05:22:02.993410,84,68,8,Regular,False,False,True,False,False,False,False,False,68,8,500.53000000000003
563.0,CUST_00482,2026-07-02 05:22:02.994679,133.35,2.0,electronics,PayPal,False,transactions,,,,,,,,,335.38,Q3,0,2026,7,3,Thursday,0,0,2025-08-17 05:22:02.999310,2026-07-02 05:22:02.994679,318,36,3,Occasional,False,False,False,True,False,False,False,False,36,3,335.38
564.0,CUST_00038,2026-07-11 05:22:02.994684,164.48,2.0,books,Debit Card,True,transactions,,,,,,,,,686.39,Q4,1,2026,7,3,Saturday,1,0,2025-12-06 05:22:02.999867,2026-07-11 05:22:02.994684,216,27,6,Regular,False,True,False,False,False,False,False,False,27,6,686.39
565.0,CUST_00209,2026-01-21 05:22:02.994689,176.31,4.0,groceries,Credit Card,False,transactions,,,,,,,,,599.54,Q4,1,2026,1,1,Wednesday,0,0,2025-08-25 05:22:02.998051,2026-04-23 05:22:03.002142,148,105,8,Regular,False,False,False,False,True,False,False,False,105,8,599.54
567.0,CUST_00038,2026-02-05 05:22:02.994700,52.59,5.0,clothing,PayPal,False,transactions,,,,,,,,,686.39,Q1,0,2026,2,1,Thursday,0,0,2025-12-06 05:22:02.999867,2026-07-11 05:22:02.994684,60,27,6,Regular,False,False,True,False,False,False,False,False,27,6,686.39
569.0,CUST_00274,2026-04-17 05:22:02.994710,85.83,2.0,groceries,PayPal,True,transactions,,,,,,,,,149.4,Q2,0,2026,4,2,Friday,0,0,2025-11-21 05:22:02.993137,2026-04-17 05:22:02.994710,147,112,2,Occasional,False,False,False,False,True,False,False,False,112,2,149.4
570.0,CUST_00074,2026-03-08 05:22:02.994716,80.0,3.0,electronics,Debit Card,False,transactions,,,,,,,,,217.3,Q2,0,2026,3,1,Sunday,1,0,2025-09-20 05:22:03.000237,2026-05-27 05:22:02.997978,168,72,3,Occasional,False,False,False,True,False,False,False,False,72,3,217.3
571.0,CUST_00003,2025-10-18 05:22:02.994721,159.21,5.0,groceries,Credit Card,False,transactions,,,,,,,,,384.24,Q4,1,2025,10,4,Saturday,1,0,2025-10-18 05:22:02.994721,2026-07-14 05:22:02.998763,0,24,3,Occasional,False,False,False,False,True,False,False,False,24,3,384.24
572.0,CUST_00384,2026-02-12 05:22:02.994727,62.5,2.0,groceries,Debit Card,False,transactions,,,,,,,,,288.78999999999996,Q2,0,2026,2,1,Thursday,0,0,2025-09-22 05:22:03.000156,2026-06-06 05:22:03.001615,142,62,3,Occasional,False,False,False,False,True,False,False,False,62,3,288.78999999999996
573.0,CUST_00114,2025-09-26 05:22:02.994732,143.22,3.0,sports,Credit Card,True,transactions,,,,,,,,,837.96,Q4,1,2025,9,3,Friday,0,0,2025-09-26 05:22:02.994732,2026-07-06 05:22:03.002152,0,31,6,Regular,False,False,False,False,False,False,True,False,31,6,837.96
574.0,CUST_00478,2025-10-30 05:22:02.994738,235.96,4.0,clothing,Credit Card,False,transactions,,,,,,,,,353.36,Q4,1,2025,10,4,Thursday,0,0,2025-10-23 05:22:02.993116,2026-03-20 05:22:02.993362,7,140,4,Occasional,False,False,True,False,False,False,False,False,140,4,353.36
575.0,CUST_00102,2025-10-14 05:22:02.994743,72.34,4.0,beauty,Debit Card,False,transactions,,,,,,,,,243.07,Q2,0,2025,10,4,Tuesday,0,0,2025-08-29 05:22:02.996080,2025-10-14 05:22:02.994743,45,297,3,Occasional,True,False,False,False,False,False,False,False,297,3,243.07
576.0,CUST_00318,2026-07-03 05:22:02.994751,155.85,2.0,beauty,PayPal,False,transactions,,,,,,,,,312.58,Q4,1,2026,7,3,Friday,0,0,2025-09-26 05:22:02.993732,2026-07-03 05:22:02.994751,280,35,3,Occasional,True,False,False,False,False,False,False,False,35,3,312.58
577.0,CUST_00157,2025-08-17 05:22:02.994757,134.89,5.0,home  garden,PayPal,True,transactions,,,,,,,,,354.06,Q3,0,2025,8,3,Sunday,1,0,2025-08-17 05:22:02.994757,2026-05-14 05:22:02.994252,0,85,3,Occasional,False,False,False,False,False,True,False,False,85,3,354.06
579.0,CUST_00329,2025-12-27 05:22:02.994770,26.27,3.0,beauty,PayPal,True,transactions,,,,,,,,,784.36,Q1,0,2025,12,4,Saturday,1,1,2025-08-30 05:22:02.999235,2026-07-19 05:22:02.998848,118,19,7,Regular,True,False,False,False,False,False,False,False,19,7,784.36
580.0,CUST_00237,2025-12-22 05:22:02.994775,65.25,3.0,books,Credit Card,False,transactions,,,,,,,,,252.44,Q2,0,2025,12,4,Monday,0,1,2025-08-10 05:22:02.993121,2026-02-14 05:22:02.998591,134,174,4,Occasional,False,True,False,False,False,False,False,False,174,4,252.44
581.0,CUST_00311,2026-06-27 05:22:02.994780,36.61,3.0,home  garden,Debit Card,False,transactions,,,,,,,,,36.61,Q1,0,2026,6,2,Saturday,1,0,2026-06-27 05:22:02.994780,2026-06-27 05:22:02.994780,0,41,1,One-time,False,False,False,False,False,True,False,False,41,1,36.61
582.0,CUST_00454,2025-09-21 05:22:02.994785,155.07,1.0,clothing,Credit Card,True,transactions,,,,,,,,,576.13,Q4,1,2025,9,3,Sunday,1,0,2025-08-24 05:22:02.997864,2026-03-26 05:22:02.998407,27,134,5,Occasional,False,False,True,False,False,False,False,False,134,5,576.13
583.0,CUST_00297,2026-01-12 05:22:02.994791,105.61,5.0,sports,PayPal,False,transactions,,,,,,,,,533.72,Q3,0,2026,1,1,Monday,0,0,2026-01-12 05:22:02.994791,2026-07-31 05:22:02.997031,0,7,4,Occasional,False,False,False,False,False,False,True,False,7,4,533.72
584.0,CUST_00277,2025-12-09 05:22:02.994796,259.51,2.0,beauty,PayPal,False,transactions,,,,,,,,,673.65,Q4,1,2025,12,4,Tuesday,0,1,2025-08-24 05:22:03.003254,2026-04-06 05:22:02.999095,106,123,5,Occasional,True,False,False,False,False,False,False,False,123,5,673.65
585.0,CUST_00257,2025-11-19 05:22:02.994801,39.92,1.0,groceries,Credit Card,False,transactions,,,,,,,,,469.58000000000004,Q1,0,2025,11,4,Wednesday,0,1,2025-11-19 05:22:02.994801,2026-04-30 05:22:02.999944,0,99,5,Occasional,False,False,False,False,True,False,False,False,99,5,469.58000000000004
586.0,CUST_00435,2025-09-27 05:22:02.994807,86.44,2.0,home  garden,Debit Card,False,transactions,,,,,,,,,283.92,Q2,0,2025,9,3,Saturday,1,0,2025-09-27 05:22:02.994807,2026-02-26 05:22:02.995922,0,162,3,Occasional,False,False,False,False,False,True,False,False,162,3,283.92
587.0,CUST_00290,2025-09-04 05:22:02.994815,224.18,2.0,toys,Credit Card,False,transactions,,,,,,,,,616.6,Q4,1,2025,9,3,Thursday,0,0,2025-09-04 05:22:02.994815,2026-05-23 05:22:02.995583,0,76,6,Regular,False,False,False,False,False,False,False,True,76,6,616.6
588.0,CUST_00250,2026-04-11 05:22:02.994820,77.01,1.0,books,Credit Card,False,transactions,,,,,,,,,429.32,Q2,0,2026,4,2,Saturday,1,0,2025-12-26 05:22:03.001292,2026-06-12 05:22:02.997151,105,56,5,Occasional,False,True,False,False,False,False,False,False,56,5,429.32
589.0,CUST_00266,2026-02-04 05:22:02.994825,72.04,4.0,toys,Credit Card,False,transactions,,,,,,,,,794.69,Q2,0,2026,2,1,Wednesday,0,0,2025-10-04 05:22:03.000188,2026-04-22 05:22:03.001453,122,107,6,Regular,False,False,False,False,False,False,False,True,107,6,794.69
590.0,CUST_00333,2026-02-23 05:22:02.994830,64.92,1.0,books,PayPal,False,transactions,,,,,,,,,411.41,Q2,0,2026,2,1,Monday,0,0,2026-02-17 05:22:02.992228,2026-07-02 05:22:02.996112,6,36,5,Occasional,False,True,False,False,False,False,False,False,36,5,411.41
591.0,CUST_00292,2026-05-10 05:22:02.994836,47.85,4.0,groceries,Credit Card,False,transactions,,,,,,,,,47.85,Q1,0,2026,5,2,Sunday,1,0,2026-05-10 05:22:02.994836,2026-05-10 05:22:02.994836,0,89,1,One-time,False,False,False,False,True,False,False,False,89,1,47.85
592.0,CUST_00193,2026-04-15 05:22:02.994841,46.53,5.0,groceries,PayPal,False,transactions,,,,,,,,,892.0699999999999,Q1,0,2026,4,2,Wednesday,0,0,2025-12-27 05:22:03.000708,2026-06-17 05:22:02.993864,108,51,6,Regular,False,False,False,False,True,False,False,False,51,6,892.0699999999999
593.0,CUST_00247,2025-10-02 05:22:02.994846,59.21,1.0,home  garden,Debit Card,False,transactions,,,,,,,,,366.05,Q2,0,2025,10,4,Thursday,0,0,2025-09-24 05:22:02.998344,2026-05-17 05:22:03.002990,7,81,4,Occasional,False,False,False,False,False,True,False,False,81,4,366.05
594.0,CUST_00330,2026-03-17 05:22:02.994852,28.01,2.0,home  garden,PayPal,False,transactions,,,,,,,,,96.1,Q1,0,2026,3,1,Tuesday,0,0,2026-03-17 05:22:02.994852,2026-06-14 05:22:02.996393,0,54,3,Occasional,False,False,False,False,False,True,False,False,54,3,96.1
595.0,CUST_00419,2026-06-08 05:22:02.994857,100.38,2.0,groceries,Credit Card,False,transactions,,,,,,,,,280.64,Q3,0,2026,6,2,Monday,0,0,2025-12-28 05:22:02.995572,2026-06-08 05:22:02.994857,161,60,3,Occasional,False,False,False,False,True,False,False,False,60,3,280.64
596.0,CUST_00246,2025-12-05 05:22:02.994862,66.55,2.0,home  garden,Wallet,False,transactions,,,,,,,,,298.88,Q2,0,2025,12,4,Friday,0,1,2025-09-05 05:22:03.001004,2026-01-14 05:22:02.991916,90,205,4,Occasional,False,False,False,False,False,True,False,False,205,4,298.88
597.0,CUST_00023,2026-06-03 05:22:02.994868,13.7,5.0,home  garden,Credit Card,True,transactions,,,,,,,,,310.36,Q1,0,2026,6,2,Wednesday,0,0,2025-09-06 05:22:02.997602,2026-06-03 05:22:02.994868,269,65,5,Occasional,False,False,False,False,False,True,False,False,65,5,310.36
598.0,CUST_00076,2026-07-10 05:22:02.994875,28.37,2.0,books,Wallet,False,transactions,,,,,,,,,703.08,Q1,0,2026,7,3,Friday,0,0,2025-09-30 05:22:03.002109,2026-07-10 05:22:02.995884,282,28,8,Regular,False,True,False,False,False,False,False,False,28,8,703.08
599.0,CUST_00289,2025-09-15 05:22:02.994880,13.57,1.0,books,Debit Card,False,transactions,,,,,,,,,558.95,Q1,0,2025,9,3,Monday,0,0,2025-09-15 05:22:02.994880,2026-07-17 05:22:02.992431,0,21,4,Occasional,False,True,False,False,False,False,False,False,21,4,558.95
600.0,CUST_00242,2025-12-04 05:22:02.994886,30.41,2.0,sports,Debit Card,True,transactions,,,,,,,,,1064.32,Q1,0,2025,12,4,Thursday,0,1,2025-08-22 05:22:03.002307,2026-07-28 05:22:02.997730,103,10,10,Regular,False,False,False,False,False,False,True,False,10,10,1064.32
601.0,CUST_00421,2026-05-06 05:22:02.994891,192.77,5.0,books,PayPal,True,transactions,,,,,,,,,688.19,Q4,1,2026,5,2,Wednesday,0,0,2025-09-11 05:22:03.000172,2026-05-06 05:22:02.994891,236,93,4,Occasional,False,True,False,False,False,False,False,False,93,4,688.19
602.0,CUST_00306,2025-10-09 05:22:02.994897,101.4,1.0,sports,Debit Card,False,transactions,,,,,,,,,564.5799999999999,Q3,0,2025,10,4,Thursday,0,0,2025-10-05 05:22:02.993065,2026-08-02 05:22:02.999929,4,5,5,Occasional,False,False,False,False,False,False,True,False,5,5,564.5799999999999
603.0,CUST_00104,2025-11-13 05:22:02.994902,65.79,5.0,groceries,Credit Card,False,transactions,,,,,,,,,330.49,Q2,0,2025,11,4,Thursday,0,1,2025-11-13 05:22:02.994902,2026-07-16 05:22:02.992287,0,22,6,Regular,False,False,False,False,True,False,False,False,22,6,330.49
604.0,CUST_00462,2025-09-27 05:22:02.994907,154.08,5.0,electronics,Credit Card,False,transactions,,,,,,,,,756.66,Q4,1,2025,9,3,Saturday,1,0,2025-09-27 05:22:02.994907,2026-01-11 05:22:02.997305,0,208,6,Regular,False,False,False,True,False,False,False,False,208,6,756.66
605.0,CUST_00338,2026-06-02 05:22:02.994912,65.42,5.0,electronics,Wallet,False,transactions,,,,,,,,,377.28999999999996,Q2,0,2026,6,2,Tuesday,0,0,2025-12-05 05:22:02.997593,2026-06-02 05:22:02.994912,178,66,4,Occasional,False,False,False,True,False,False,False,False,66,4,377.28999999999996
606.0,CUST_00190,2026-07-16 05:22:02.994918,33.23,5.0,groceries,Wallet,True,transactions,,,,,,,,,262.55,Q1,0,2026,7,3,Thursday,0,0,2025-08-29 05:22:02.991840,2026-07-16 05:22:02.994918,321,22,4,Occasional,False,False,False,False,True,False,False,False,22,4,262.55
607.0,CUST_00196,2026-02-09 05:22:02.994923,61.18,5.0,clothing,PayPal,False,transactions,,,,,,,,,445.15,Q2,0,2026,2,1,Monday,0,0,2025-09-27 05:22:02.995181,2026-03-15 05:22:03.000145,134,145,4,Occasional,False,False,True,False,False,False,False,False,145,4,445.15
608.0,CUST_00120,2026-06-26 05:22:02.994929,161.48,3.0,groceries,Credit Card,True,transactions,,,,,,,,,348.64,Q4,1,2026,6,2,Friday,0,0,2026-06-26 05:22:02.994929,2026-07-02 05:22:02.996462,0,36,2,Occasional,False,False,False,False,True,False,False,False,36,2,348.64
609.0,CUST_00405,2026-08-04 05:22:02.994934,106.59,5.0,clothing,Wallet,False,transactions,,,,,,,,,732.48,Q3,0,2026,8,3,Tuesday,0,0,2025-08-16 05:22:02.995665,2026-08-04 05:22:02.994934,352,3,5,Occasional,False,False,True,False,False,False,False,False,3,5,732.48
610.0,CUST_00353,2026-02-27 05:22:02.994939,175.21,4.0,beauty,Wallet,False,transactions,,,,,,,,,871.96,Q4,1,2026,2,1,Friday,0,0,2025-09-25 05:22:03.002103,2026-06-28 05:22:02.993020,154,40,8,Regular,True,False,False,False,False,False,False,False,40,8,871.96
611.0,CUST_00130,2026-03-27 05:22:02.994944,89.27,5.0,groceries,PayPal,True,transactions,,,,,,,,,391.21,Q2,0,2026,3,1,Friday,0,0,2025-11-29 05:22:02.999593,2026-03-27 05:22:02.994944,117,133,4,Occasional,False,False,False,False,True,False,False,False,133,4,391.21
612.0,CUST_00204,2026-04-25 05:22:02.994950,60.74,4.0,toys,Wallet,False,transactions,,,,,,,,,228.33,Q2,0,2026,4,2,Saturday,1,0,2025-08-23 05:22:03.002032,2026-06-16 05:22:02.995210,244,52,4,Occasional,False,False,False,False,False,False,False,True,52,4,228.33
613.0,CUST_00158,2025-10-16 05:22:02.994959,230.09,3.0,groceries,Credit Card,True,transactions,,,,,,,,,550.55,Q4,1,2025,10,4,Thursday,0,0,2025-10-16 05:22:02.994959,2026-06-04 05:22:02.996999,0,64,4,Occasional,False,False,False,False,True,False,False,False,64,4,550.55
614.0,CUST_00229,2025-08-14 05:22:02.994966,55.42,2.0,clothing,Wallet,True,transactions,,,,,,,,,822.6800000000001,Q1,0,2025,8,3,Thursday,0,0,2025-08-14 05:22:02.994966,2026-06-29 05:22:02.997936,0,39,5,Occasional,False,False,True,False,False,False,False,False,39,5,822.6800000000001
615.0,CUST_00411,2025-10-30 05:22:02.994977,160.31,5.0,electronics,Credit Card,True,transactions,,,,,,,,,672.35,Q4,1,2025,10,4,Thursday,0,0,2025-09-01 05:22:02.992733,2026-04-22 05:22:03.002817,59,106,8,Regular,False,False,False,True,False,False,False,False,106,8,672.35
616.0,CUST_00422,2026-05-25 05:22:02.994987,38.47,4.0,groceries,PayPal,False,transactions,,,,,,,,,1100.56,Q1,0,2026,5,2,Monday,0,0,2025-09-09 05:22:02.994639,2026-05-25 05:22:02.994987,258,74,10,Regular,False,False,False,False,True,False,False,False,74,10,1100.56
617.0,CUST_00041,2025-09-30 05:22:02.994998,157.38,1.0,groceries,Wallet,False,transactions,,,,,,,,,863.45,Q4,1,2025,9,3,Tuesday,0,0,2025-09-21 05:22:02.999965,2026-05-27 05:22:02.996223,8,72,7,Regular,False,False,False,False,True,False,False,False,72,7,863.45
618.0,CUST_00267,2026-03-14 05:22:02.995003,132.87,5.0,electronics,Debit Card,False,transactions,,,,,,,,,758.0699999999999,Q3,0,2026,3,1,Saturday,1,0,2025-09-11 05:22:02.996773,2026-06-04 05:22:03.001316,183,64,6,Regular,False,False,False,True,False,False,False,False,64,6,758.0699999999999
619.0,CUST_00225,2026-08-02 05:22:02.995009,158.13,2.0,books,Debit Card,False,transactions,,,,,,,,,412.21999999999997,Q4,1,2026,8,3,Sunday,1,0,2025-09-26 05:22:03.001913,2026-08-02 05:22:02.995009,309,5,5,Occasional,False,True,False,False,False,False,False,False,5,5,412.21999999999997
620.0,CUST_00346,2026-07-20 05:22:02.995014,37.24,3.0,sports,Debit Card,False,transactions,,,,,,,,,315.64,Q1,0,2026,7,3,Monday,0,0,2025-11-29 05:22:02.997072,2026-07-20 05:22:02.995014,232,18,5,Occasional,False,False,False,False,False,False,True,False,18,5,315.64
621.0,CUST_00142,2026-01-15 05:22:02.995019,106.45,3.0,groceries,Debit Card,False,transactions,,,,,,,,,442.38,Q3,0,2026,1,1,Thursday,0,0,2025-09-14 05:22:02.994100,2026-03-28 05:22:03.001123,123,132,4,Occasional,False,False,False,False,True,False,False,False,132,4,442.38
622.0,CUST_00378,2025-08-12 05:22:02.995025,50.87,1.0,clothing,PayPal,False,transactions,,,,,,,,,562.15,Q1,0,2025,8,3,Tuesday,0,0,2025-08-12 05:22:02.995025,2026-06-01 05:22:03.001851,0,66,4,Occasional,False,False,True,False,False,False,False,False,66,4,562.15
623.0,CUST_00418,2026-03-19 05:22:02.995030,25.24,2.0,sports,Wallet,False,transactions,,,,,,,,,994.5699999999999,Q1,0,2026,3,1,Thursday,0,0,2025-09-27 05:22:02.998165,2026-07-23 05:22:02.995698,172,15,7,Regular,False,False,False,False,False,False,True,False,15,7,994.5699999999999
624.0,CUST_00134,2026-05-10 05:22:02.995035,47.84,4.0,clothing,PayPal,False,transactions,,,,,,,,,329.54,Q1,0,2026,5,2,Sunday,1,0,2025-08-14 05:22:02.996274,2026-05-13 05:22:02.997486,268,86,3,Occasional,False,False,True,False,False,False,False,False,86,3,329.54
625.0,CUST_00060,2025-11-18 05:22:02.995040,212.06,3.0,books,Wallet,False,transactions,,,,,,,,,916.01,Q4,1,2025,11,4,Tuesday,0,1,2025-10-18 05:22:02.999130,2026-08-01 05:22:02.997695,30,6,10,Regular,False,True,False,False,False,False,False,False,6,10,916.01
626.0,CUST_00395,2026-04-05 05:22:02.995046,211.69,3.0,toys,Credit Card,False,transactions,,,,,,,,,474.82,Q4,1,2026,4,2,Sunday,1,0,2025-08-29 05:22:03.001761,2026-04-05 05:22:02.995046,218,124,3,Occasional,False,False,False,False,False,False,False,True,124,3,474.82
627.0,CUST_00133,2026-07-04 05:22:02.995051,39.26,4.0,sports,Debit Card,True,transactions,,,,,,,,,39.26,Q1,0,2026,7,3,Saturday,1,0,2026-07-04 05:22:02.995051,2026-07-04 05:22:02.995051,0,34,1,One-time,False,False,False,False,False,False,True,False,34,1,39.26
628.0,CUST_00212,2026-02-08 05:22:02.995056,93.77,5.0,electronics,PayPal,False,transactions,,,,,,,,,242.87,Q3,0,2026,2,1,Sunday,1,0,2025-08-19 05:22:02.992595,2026-02-08 05:22:02.995056,173,180,3,Occasional,False,False,False,True,False,False,False,False,180,3,242.87
629.0,CUST_00048,2026-01-15 05:22:02.995061,126.02,3.0,clothing,Debit Card,False,transactions,,,,,,,,,709.69,Q3,0,2026,1,1,Thursday,0,0,2025-08-15 05:22:02.996085,2026-03-07 05:22:02.995900,152,153,6,Regular,False,False,True,False,False,False,False,False,153,6,709.69
630.0,CUST_00182,2026-04-18 05:22:02.995067,41.42,5.0,books,Debit Card,False,transactions,,,,,,,,,567.61,Q1,0,2026,4,2,Saturday,1,0,2025-10-01 05:22:02.997471,2026-06-03 05:22:03.001244,198,65,6,Regular,False,True,False,False,False,False,False,False,65,6,567.61
631.0,CUST_00103,2026-04-09 05:22:02.995072,134.86,2.0,books,Debit Card,True,transactions,,,,,,,,,908.8100000000001,Q3,0,2026,4,2,Thursday,0,0,2026-03-26 05:22:02.994312,2026-06-22 05:22:02.998768,14,46,6,Regular,False,True,False,False,False,False,False,False,46,6,908.8100000000001
632.0,CUST_00429,2025-09-25 05:22:02.995077,167.7,3.0,home  garden,Credit Card,True,transactions,,,,,,,,,721.2,Q4,1,2025,9,3,Thursday,0,0,2025-09-25 05:22:02.995077,2026-01-21 05:22:02.995433,0,198,5,Occasional,False,False,False,False,False,True,False,False,198,5,721.2
633.0,CUST_00347,2025-09-02 05:22:02.995082,81.89,4.0,electronics,Credit Card,True,transactions,,,,,,,,,344.89,Q2,0,2025,9,3,Tuesday,0,0,2025-08-12 05:22:03.002672,2025-11-01 05:22:02.991719,20,279,4,Occasional,False,False,False,True,False,False,False,False,279,4,344.89
634.0,CUST_00191,2025-09-24 05:22:02.995088,52.91,3.0,toys,PayPal,False,transactions,,,,,,,,,394.75,Q1,0,2025,9,3,Wednesday,0,0,2025-09-03 05:22:02.998431,2026-05-25 05:22:03.000335,20,74,6,Regular,False,False,False,False,False,False,False,True,74,6,394.75
635.0,CUST_00392,2025-11-19 05:22:02.995093,82.56,3.0,groceries,Debit Card,False,transactions,,,,,,,,,705.46,Q2,0,2025,11,4,Wednesday,0,1,2025-10-17 05:22:02.991142,2026-05-31 05:22:03.003244,33,67,7,Regular,False,False,False,False,True,False,False,False,67,7,705.46
636.0,CUST_00410,2026-01-03 05:22:02.995102,29.53,4.0,electronics,Wallet,True,transactions,,,,,,,,,102.74000000000001,Q1,0,2026,1,1,Saturday,1,0,2025-11-06 05:22:02.993211,2026-01-03 05:22:02.995102,58,216,3,Occasional,False,False,False,True,False,False,False,False,216,3,102.74000000000001
637.0,CUST_00398,2026-05-10 05:22:02.995112,180.93,4.0,clothing,Wallet,False,transactions,,,,,,,,,415.83000000000004,Q4,1,2026,5,2,Sunday,1,0,2026-03-16 05:22:02.992903,2026-05-10 05:22:02.995112,55,89,3,Occasional,False,False,True,False,False,False,False,False,89,3,415.83000000000004
638.0,CUST_00005,2026-08-01 05:22:02.995118,73.5,2.0,groceries,PayPal,False,transactions,,,,,,,,,426.93,Q2,0,2026,8,3,Saturday,1,0,2026-02-03 05:22:02.999203,2026-08-01 05:22:02.995118,178,6,5,Occasional,False,False,False,False,True,False,False,False,6,5,426.93
639.0,CUST_00442,2026-03-28 05:22:02.995123,188.34,2.0,books,Wallet,True,transactions,,,,,,,,,761.14,Q4,1,2026,3,1,Saturday,1,0,2026-01-24 05:22:03.001051,2026-07-17 05:22:02.992046,62,21,7,Regular,False,True,False,False,False,False,False,False,21,7,761.14
640.0,CUST_00176,2026-02-01 05:22:02.995128,102.11,2.0,toys,Wallet,True,transactions,,,,,,,,,663.98,Q3,0,2026,2,1,Sunday,1,0,2025-09-10 05:22:02.993189,2026-05-06 05:22:03.003287,144,92,7,Regular,False,False,False,False,False,False,False,True,92,7,663.98
641.0,CUST_00191,2026-02-02 05:22:02.995133,46.6,4.0,books,Debit Card,True,transactions,,,,,,,,,394.75,Q1,0,2026,2,1,Monday,0,0,2025-09-03 05:22:02.998431,2026-05-25 05:22:03.000335,151,74,6,Regular,False,True,False,False,False,False,False,False,74,6,394.75
642.0,CUST_00352,2026-04-12 05:22:02.995138,17.26,1.0,books,Wallet,True,transactions,,,,,,,,,794.77,Q1,0,2026,4,2,Sunday,1,0,2025-10-08 05:22:02.997400,2026-05-12 05:22:03.001875,185,86,7,Regular,False,True,False,False,False,False,False,False,86,7,794.77
643.0,CUST_00101,2026-05-25 05:22:02.995144,88.38,2.0,toys,Debit Card,False,transactions,,,,,,,,,304.62,Q2,0,2026,5,2,Monday,0,0,2026-04-27 05:22:02.998369,2026-05-25 05:22:02.995144,27,74,2,Occasional,False,False,False,False,False,False,False,True,74,2,304.62
644.0,CUST_00069,2025-09-19 05:22:02.995149,72.96,5.0,beauty,PayPal,False,transactions,,,,,,,,,199.45,Q2,0,2025,9,3,Friday,0,0,2025-09-19 05:22:02.995149,2026-01-21 05:22:02.992876,0,198,2,Occasional,True,False,False,False,False,False,False,False,198,2,199.45
645.0,CUST_00440,2025-10-21 05:22:02.995155,125.79,1.0,groceries,Debit Card,False,transactions,,,,,,,,,821.35,Q3,0,2025,10,4,Tuesday,0,0,2025-09-25 05:22:03.002969,2026-06-24 05:22:02.999378,25,44,7,Regular,False,False,False,False,True,False,False,False,44,7,821.35
646.0,CUST_00417,2026-03-30 05:22:02.995160,42.97,4.0,clothing,PayPal,False,transactions,,,,,,,,,519.9,Q1,0,2026,3,1,Monday,0,0,2025-09-27 05:22:03.002068,2026-04-24 05:22:02.993293,183,105,5,Occasional,False,False,True,False,False,False,False,False,105,5,519.9
647.0,CUST_00185,2025-10-25 05:22:02.995165,83.76,5.0,books,Wallet,False,transactions,,,,,,,,,556.77,Q2,0,2025,10,4,Saturday,1,0,2025-09-22 05:22:02.999980,2026-05-08 05:22:02.991281,32,91,5,Occasional,False,True,False,False,False,False,False,False,91,5,556.77
648.0,CUST_00445,2025-08-25 05:22:02.995170,124.33,5.0,sports,Debit Card,True,transactions,,,,,,,,,481.37,Q3,0,2025,8,3,Monday,0,0,2025-08-25 05:22:02.995170,2025-12-24 05:22:02.994588,0,226,5,Occasional,False,False,False,False,False,False,True,False,226,5,481.37
649.0,CUST_00146,2026-02-07 05:22:02.995175,124.8,3.0,toys,Wallet,True,transactions,,,,,,,,,607.22,Q3,0,2026,2,1,Saturday,1,0,2025-08-31 05:22:02.997915,2026-06-01 05:22:03.000372,159,67,5,Occasional,False,False,False,False,False,False,False,True,67,5,607.22
650.0,CUST_00196,2025-09-27 05:22:02.995181,211.62,3.0,toys,Debit Card,True,transactions,,,,,,,,,445.15,Q4,1,2025,9,3,Saturday,1,0,2025-09-27 05:22:02.995181,2026-03-15 05:22:03.000145,0,145,4,Occasional,False,False,False,False,False,False,False,True,145,4,445.15
651.0,CUST_00328,2026-02-16 05:22:02.995189,199.73,4.0,groceries,Credit Card,False,transactions,,,,,,,,,658.91,Q4,1,2026,2,1,Monday,0,0,2025-11-07 05:22:02.995246,2026-07-07 05:22:02.995446,100,31,4,Occasional,False,False,False,False,True,False,False,False,31,4,658.91
652.0,CUST_00176,2026-04-13 05:22:02.995194,100.72,3.0,beauty,PayPal,False,transactions,,,,,,,,,663.98,Q3,0,2026,4,2,Monday,0,0,2025-09-10 05:22:02.993189,2026-05-06 05:22:03.003287,215,92,7,Regular,True,False,False,False,False,False,False,False,92,7,663.98
653.0,CUST_00203,2026-03-22 05:22:02.995199,95.15,4.0,beauty,Wallet,False,transactions,,,,,,,,,479.35,Q3,0,2026,3,1,Sunday,1,0,2025-08-15 05:22:02.998114,2026-07-19 05:22:03.001094,218,19,6,Regular,True,False,False,False,False,False,False,False,19,6,479.35
654.0,CUST_00095,2026-07-27 05:22:02.995205,123.35,2.0,sports,Credit Card,False,transactions,,,,,,,,,200.86,Q3,0,2026,7,3,Monday,0,0,2025-09-19 05:22:02.997384,2026-07-27 05:22:02.995205,310,11,2,Occasional,False,False,False,False,False,False,True,False,11,2,200.86
655.0,CUST_00204,2026-06-16 05:22:02.995210,23.39,1.0,clothing,Wallet,False,transactions,,,,,,,,,228.33,Q1,0,2026,6,2,Tuesday,0,0,2025-08-23 05:22:03.002032,2026-06-16 05:22:02.995210,296,52,4,Occasional,False,False,True,False,False,False,False,False,52,4,228.33
656.0,CUST_00014,2026-01-16 05:22:02.995217,30.38,5.0,clothing,Debit Card,False,transactions,,,,,,,,,613.27,Q1,0,2026,1,1,Friday,0,0,2025-08-16 05:22:02.999860,2026-06-01 05:22:02.991895,152,67,6,Regular,False,False,True,False,False,False,False,False,67,6,613.27
657.0,CUST_00477,2026-01-20 05:22:02.995223,40.71,3.0,sports,PayPal,False,transactions,,,,,,,,,40.71,Q1,0,2026,1,1,Tuesday,0,0,2026-01-20 05:22:02.995223,2026-01-20 05:22:02.995223,0,199,1,One-time,False,False,False,False,False,False,True,False,199,1,40.71
658.0,CUST_00065,2026-06-01 05:22:02.995228,91.03,5.0,,PayPal,True,transactions,,,,,,,,,285.86,Q2,0,2026,6,2,Monday,0,0,2026-05-25 05:22:03.002094,2026-06-18 05:22:02.999245,6,50,3,Occasional,False,False,False,False,False,False,False,False,50,3,285.86
659.0,CUST_00167,2025-12-07 05:22:02.995233,66.29,4.0,books,Debit Card,True,transactions,,,,,,,,,66.29,Q2,0,2025,12,4,Sunday,1,1,2025-12-07 05:22:02.995233,2025-12-07 05:22:02.995233,0,243,1,One-time,False,True,False,False,False,False,False,False,243,1,66.29
660.0,CUST_00358,2025-11-04 05:22:02.995241,49.15,2.0,toys,Wallet,False,transactions,,,,,,,,,679.42,Q1,0,2025,11,4,Tuesday,0,1,2025-09-16 05:22:03.003114,2026-07-10 05:22:03.003393,48,27,7,Regular,False,False,False,False,False,False,False,True,27,7,679.42
661.0,CUST_00328,2025-11-07 05:22:02.995246,99.62,3.0,beauty,Debit Card,True,transactions,,,,,,,,,658.91,Q3,0,2025,11,4,Friday,0,1,2025-11-07 05:22:02.995246,2026-07-07 05:22:02.995446,0,31,4,Occasional,True,False,False,False,False,False,False,False,31,4,658.91
663.0,CUST_00268,2026-05-30 05:22:02.995257,22.67,3.0,books,Credit Card,False,transactions,,,,,,,,,608.49,Q1,0,2026,5,2,Saturday,1,0,2025-09-04 05:22:02.995420,2026-05-30 05:22:02.995257,267,69,6,Regular,False,True,False,False,False,False,False,False,69,6,608.49
664.0,CUST_00252,2025-12-06 05:22:02.995262,68.38,3.0,electronics,PayPal,False,transactions,,,,,,,,,621.14,Q2,0,2025,12,4,Saturday,1,1,2025-12-06 05:22:02.995262,2026-06-17 05:22:02.997778,0,51,5,Occasional,False,False,False,True,False,False,False,False,51,5,621.14
665.0,CUST_00408,2026-08-04 05:22:02.995268,178.03,5.0,beauty,Wallet,False,transactions,,,,,,,,,771.02,Q4,1,2026,8,3,Tuesday,0,0,2026-01-10 05:22:02.993127,2026-08-04 05:22:02.995268,206,3,5,Occasional,True,False,False,False,False,False,False,False,3,5,771.02
666.0,CUST_00084,2025-09-11 05:22:02.995273,95.32,4.0,groceries,Credit Card,False,transactions,,,,,,,,,305.47,Q3,0,2025,9,3,Thursday,0,0,2025-09-11 05:22:02.995273,2026-03-01 05:22:02.991198,0,159,3,Occasional,False,False,False,False,True,False,False,False,159,3,305.47
667.0,CUST_00123,2025-11-16 05:22:02.995279,33.81,5.0,books,PayPal,False,transactions,,,,,,,,,228.02,Q1,0,2025,11,4,Sunday,1,1,2025-11-16 05:22:02.995279,2026-03-02 05:22:02.992188,0,158,2,Occasional,False,True,False,False,False,False,False,False,158,2,228.02
668.0,CUST_00437,2026-07-03 05:22:02.995284,104.85,2.0,home  garden,Wallet,False,transactions,,,,,,,,,711.62,Q3,0,2026,7,3,Friday,0,0,2026-01-04 05:22:03.000162,2026-07-03 05:22:02.995284,179,35,7,Regular,False,False,False,False,False,True,False,False,35,7,711.62
669.0,CUST_00140,2025-08-14 05:22:02.995289,204.02,5.0,toys,Credit Card,False,transactions,,,,,,,,,355.42,Q4,1,2025,8,3,Thursday,0,0,2025-08-14 05:22:02.995289,2026-01-07 05:22:02.991627,0,212,3,Occasional,False,False,False,False,False,False,False,True,212,3,355.42
670.0,CUST_00497,2025-11-07 05:22:02.995294,63.98,1.0,home  garden,PayPal,False,transactions,,,,,,,,,279.36,Q2,0,2025,11,4,Friday,0,1,2025-08-23 05:22:02.996757,2026-04-16 05:22:02.999336,75,113,4,Occasional,False,False,False,False,False,True,False,False,113,4,279.36
671.0,CUST_00367,2025-12-26 05:22:02.995300,135.37,1.0,sports,Credit Card,False,transactions,,,,,,,,,817.11,Q3,0,2025,12,4,Friday,0,1,2025-11-19 05:22:03.002354,2026-07-24 05:22:02.999103,36,14,8,Regular,False,False,False,False,False,False,True,False,14,8,817.11
672.0,CUST_00176,2026-01-04 05:22:02.995305,42.32,3.0,toys,Wallet,False,transactions,,,,,,,,,663.98,Q1,0,2026,1,1,Sunday,1,0,2025-09-10 05:22:02.993189,2026-05-06 05:22:03.003287,116,92,7,Regular,False,False,False,False,False,False,False,True,92,7,663.98
673.0,CUST_00017,2026-02-19 05:22:02.995310,37.36,1.0,home  garden,Wallet,False,transactions,,,,,,,,,477.71999999999997,Q1,0,2026,2,1,Thursday,0,0,2025-08-23 05:22:03.002338,2026-05-28 05:22:02.998616,179,71,7,Regular,False,False,False,False,False,True,False,False,71,7,477.71999999999997
674.0,CUST_00241,2026-05-07 05:22:02.995315,56.09,2.0,books,Credit Card,False,transactions,,,,,,,,,854.38,Q1,0,2026,5,2,Thursday,0,0,2025-11-22 05:22:02.996662,2026-07-21 05:22:03.002838,165,16,7,Regular,False,True,False,False,False,False,False,False,16,7,854.38
675.0,CUST_00394,2026-04-02 05:22:02.995321,126.29,4.0,toys,Credit Card,False,transactions,,,,,,,,,602.33,Q3,0,2026,4,2,Thursday,0,0,2026-02-21 05:22:03.002731,2026-08-04 05:22:02.997832,39,3,6,Regular,False,False,False,False,False,False,False,True,3,6,602.33
676.0,CUST_00377,2026-06-20 05:22:02.995328,253.56,5.0,sports,PayPal,True,transactions,,,,,,,,,1291.2,Q4,1,2026,6,2,Saturday,1,0,2025-11-12 05:22:02.995617,2026-07-07 05:22:02.992600,219,31,9,Regular,False,False,False,False,False,False,True,False,31,9,1291.2
677.0,CUST_00082,2025-09-19 05:22:02.995334,240.28,1.0,clothing,PayPal,False,transactions,,,,,,,,,565.63,Q4,1,2025,9,3,Friday,0,0,2025-09-19 05:22:02.995334,2026-04-11 05:22:03.000851,0,118,3,Occasional,False,False,True,False,False,False,False,False,118,3,565.63
678.0,CUST_00455,2026-07-12 05:22:02.995339,56.76,2.0,clothing,Wallet,False,transactions,,,,,,,,,729.98,Q1,0,2026,7,3,Sunday,1,0,2025-11-02 05:22:02.997875,2026-07-12 05:22:02.995339,251,26,6,Regular,False,False,True,False,False,False,False,False,26,6,729.98
679.0,CUST_00086,2026-03-19 05:22:02.995344,98.31,5.0,clothing,Debit Card,False,transactions,,,,,,,,,454.84,Q3,0,2026,3,1,Thursday,0,0,2025-12-09 05:22:02.998897,2026-06-28 05:22:02.999017,99,40,5,Occasional,False,False,True,False,False,False,False,False,40,5,454.84
680.0,CUST_00022,2025-10-14 05:22:02.995349,94.55,4.0,home  garden,Credit Card,False,transactions,,,,,,,,,548.63,Q3,0,2025,10,4,Tuesday,0,0,2025-10-14 05:22:02.995349,2026-03-06 05:22:02.996903,0,154,4,Occasional,False,False,False,False,False,True,False,False,154,4,548.63
681.0,CUST_00256,2026-06-22 05:22:02.995357,143.05,5.0,beauty,Credit Card,False,transactions,,,,,,,,,272.3,Q4,1,2026,6,2,Monday,0,0,2025-08-25 05:22:02.997117,2026-06-22 05:22:03.003292,300,45,3,Occasional,True,False,False,False,False,False,False,False,45,3,272.3
682.0,CUST_00331,2026-05-21 05:22:02.995363,20.61,5.0,clothing,Debit Card,False,transactions,,,,,,,,,922.5600000000001,Q1,0,2026,5,2,Thursday,0,0,2025-08-17 05:22:02.999884,2026-07-28 05:22:02.996765,276,10,8,Regular,False,False,True,False,False,False,False,False,10,8,922.5600000000001
683.0,CUST_00286,2025-09-11 05:22:02.995368,88.36,3.0,toys,Credit Card,False,transactions,,,,,,,,,133.51999999999998,Q2,0,2025,9,3,Thursday,0,0,2025-09-11 05:22:02.995368,2025-12-28 05:22:03.001755,0,221,2,Occasional,False,False,False,False,False,False,False,True,221,2,133.51999999999998
684.0,CUST_00184,2026-05-31 05:22:02.995379,22.51,3.0,electronics,Wallet,False,transactions,,,,,,,,,70.07,Q1,0,2026,5,2,Sunday,1,0,2025-10-11 05:22:03.003259,2026-05-31 05:22:02.995379,231,68,3,Occasional,False,False,False,True,False,False,False,False,68,3,70.07
686.0,CUST_00240,2026-03-20 05:22:02.995390,215.87,5.0,home  garden,Debit Card,False,transactions,,,,,,,,,1090.39,Q4,1,2026,3,1,Friday,0,0,2025-09-03 05:22:02.996364,2026-03-21 05:22:02.992685,197,139,9,Regular,False,False,False,False,False,True,False,False,139,9,1090.39
687.0,CUST_00420,2026-03-26 05:22:02.995395,50.36,5.0,beauty,Wallet,True,transactions,,,,,,,,,145.20999999999998,Q1,0,2026,3,1,Thursday,0,0,2025-12-04 05:22:02.998902,2026-03-26 05:22:02.995395,111,134,2,Occasional,True,False,False,False,False,False,False,False,134,2,145.20999999999998
689.0,CUST_00033,2025-09-04 05:22:02.995406,38.37,5.0,groceries,Wallet,True,transactions,,,,,,,,,375.38,Q1,0,2025,9,3,Thursday,0,0,2025-09-04 05:22:02.995406,2026-06-14 05:22:02.996478,0,54,4,Occasional,False,False,False,False,True,False,False,False,54,4,375.38
690.0,CUST_00079,2025-09-28 05:22:02.995411,104.31,3.0,beauty,PayPal,False,transactions,,,,,,,,,751.87,Q3,0,2025,9,3,Sunday,1,0,2025-08-11 05:22:02.991131,2026-07-16 05:22:02.999626,48,22,8,Regular,True,False,False,False,False,False,False,False,22,8,751.87
691.0,CUST_00268,2025-09-04 05:22:02.995420,92.84,1.0,electronics,Debit Card,False,transactions,,,,,,,,,608.49,Q3,0,2025,9,3,Thursday,0,0,2025-09-04 05:22:02.995420,2026-05-30 05:22:02.995257,0,69,6,Regular,False,False,False,True,False,False,False,False,69,6,608.49
692.0,CUST_00017,2026-04-26 05:22:02.995427,32.1,1.0,toys,Credit Card,False,transactions,,,,,,,,,477.71999999999997,Q1,0,2026,4,2,Sunday,1,0,2025-08-23 05:22:03.002338,2026-05-28 05:22:02.998616,245,71,7,Regular,False,False,False,False,False,False,False,True,71,7,477.71999999999997
693.0,CUST_00429,2026-01-21 05:22:02.995433,172.24,4.0,,Debit Card,False,transactions,,,,,,,,,721.2,Q4,1,2026,1,1,Wednesday,0,0,2025-09-25 05:22:02.995077,2026-01-21 05:22:02.995433,118,198,5,Occasional,False,False,False,False,False,False,False,False,198,5,721.2
694.0,CUST_00037,2026-08-01 05:22:02.995438,164.55,2.0,toys,Credit Card,False,transactions,,,,,,,,,623.71,Q4,1,2026,8,3,Saturday,1,0,2026-01-01 05:22:02.999727,2026-08-01 05:22:02.995438,211,6,5,Occasional,False,False,False,False,False,False,False,True,6,5,623.71
695.0,CUST_00328,2026-07-07 05:22:02.995446,155.36,3.0,groceries,Credit Card,True,transactions,,,,,,,,,658.91,Q4,1,2026,7,3,Tuesday,0,0,2025-11-07 05:22:02.995246,2026-07-07 05:22:02.995446,242,31,4,Occasional,False,False,False,False,True,False,False,False,31,4,658.91
696.0,CUST_00137,2025-11-10 05:22:02.995452,98.54,1.0,clothing,Credit Card,True,transactions,,,,,,,,,231.98000000000002,Q3,0,2025,11,4,Monday,0,1,2025-11-10 05:22:02.995452,2026-08-04 05:22:02.999028,0,3,4,Occasional,False,False,True,False,False,False,False,False,3,4,231.98000000000002
697.0,CUST_00492,2025-11-15 05:22:02.995457,184.25,1.0,clothing,Wallet,False,transactions,,,,,,,,,877.08,Q4,1,2025,11,4,Saturday,1,1,2025-09-12 05:22:02.999432,2026-05-13 05:22:03.003141,63,85,8,Regular,False,False,True,False,False,False,False,False,85,8,877.08
698.0,CUST_00270,2025-09-05 05:22:02.995462,63.67,2.0,home  garden,Wallet,True,transactions,,,,,,,,,199.29000000000002,Q2,0,2025,9,3,Friday,0,0,2025-09-05 05:22:02.995462,2026-06-06 05:22:02.996732,0,62,3,Occasional,False,False,False,False,False,True,False,False,62,3,199.29000000000002
699.0,CUST_00393,2025-09-15 05:22:02.995468,177.43,5.0,beauty,Wallet,True,transactions,,,,,,,,,1145.53,Q4,1,2025,9,3,Monday,0,0,2025-08-22 05:22:03.002710,2026-06-10 05:22:02.999544,23,58,10,Regular,True,False,False,False,False,False,False,False,58,10,1145.53
700.0,CUST_00086,2026-05-07 05:22:02.995473,85.6,5.0,groceries,Debit Card,False,transactions,,,,,,,,,454.84,Q2,0,2026,5,2,Thursday,0,0,2025-12-09 05:22:02.998897,2026-06-28 05:22:02.999017,148,40,5,Occasional,False,False,False,False,True,False,False,False,40,5,454.84
701.0,CUST_00308,2025-12-24 05:22:02.995478,72.38,3.0,beauty,PayPal,True,transactions,,,,,,,,,365.07,Q2,0,2025,12,4,Wednesday,0,1,2025-12-24 05:22:02.995478,2026-06-07 05:22:02.991209,0,61,4,Occasional,True,False,False,False,False,False,False,False,61,4,365.07
702.0,CUST_00212,2025-09-17 05:22:02.995484,127.24,4.0,beauty,Debit Card,False,transactions,,,,,,,,,242.87,Q3,0,2025,9,3,Wednesday,0,0,2025-08-19 05:22:02.992595,2026-02-08 05:22:02.995056,29,180,3,Occasional,True,False,False,False,False,False,False,False,180,3,242.87
703.0,CUST_00282,2026-03-30 05:22:02.995489,128.8,3.0,toys,Wallet,False,transactions,,,,,,,,,521.5600000000001,Q3,0,2026,3,1,Monday,0,0,2025-09-12 05:22:02.994412,2026-06-01 05:22:02.991599,199,67,4,Occasional,False,False,False,False,False,False,False,True,67,4,521.5600000000001
704.0,CUST_00018,2026-03-15 05:22:02.995494,79.78,5.0,electronics,PayPal,False,transactions,,,,,,,,,304.9,Q2,0,2026,3,1,Sunday,1,0,2025-09-01 05:22:02.996816,2026-03-15 05:22:02.995494,194,145,4,Occasional,False,False,False,True,False,False,False,False,145,4,304.9
705.0,CUST_00114,2026-04-20 05:22:02.995500,48.75,3.0,electronics,PayPal,True,transactions,,,,,,,,,837.96,Q1,0,2026,4,2,Monday,0,0,2025-09-26 05:22:02.994732,2026-07-06 05:22:03.002152,206,31,6,Regular,False,False,False,True,False,False,False,False,31,6,837.96
706.0,CUST_00262,2025-10-27 05:22:02.995536,127.53,5.0,home  garden,Wallet,False,transactions,,,,,,,,,221.04000000000002,Q3,0,2025,10,4,Monday,0,0,2025-10-27 05:22:02.995536,2026-03-18 05:22:02.997104,0,142,2,Occasional,False,False,False,False,False,True,False,False,142,2,221.04000000000002
707.0,CUST_00071,2026-03-25 05:22:02.995546,21.77,3.0,sports,PayPal,False,transactions,,,,,,,,,214.56,Q1,0,2026,3,1,Wednesday,0,0,2025-12-31 05:22:02.997843,2026-05-16 05:22:02.995765,83,83,4,Occasional,False,False,False,False,False,False,True,False,83,4,214.56
708.0,CUST_00205,2025-10-20 05:22:02.995553,55.14,2.0,clothing,Wallet,False,transactions,,,,,,,,,201.07999999999998,Q1,0,2025,10,4,Monday,0,0,2025-10-20 05:22:02.995553,2025-12-25 05:22:02.992303,0,225,3,Occasional,False,False,True,False,False,False,False,False,225,3,201.07999999999998
709.0,CUST_00423,2025-08-19 05:22:02.995560,116.97,5.0,clothing,PayPal,False,transactions,,,,,,,,,342.41,Q3,0,2025,8,3,Tuesday,0,0,2025-08-19 05:22:02.995560,2026-02-16 05:22:03.001250,0,172,3,Occasional,False,False,True,False,False,False,False,False,172,3,342.41
710.0,CUST_00414,2025-10-16 05:22:02.995566,38.45,4.0,clothing,PayPal,False,transactions,,,,,,,,,112.86,Q1,0,2025,10,4,Thursday,0,0,2025-10-16 05:22:02.995566,2025-12-25 05:22:03.001730,0,224,2,Occasional,False,False,True,False,False,False,False,False,224,2,112.86
711.0,CUST_00419,2025-12-28 05:22:02.995572,88.81,4.0,clothing,Debit Card,True,transactions,,,,,,,,,280.64,Q2,0,2025,12,4,Sunday,1,1,2025-12-28 05:22:02.995572,2026-06-08 05:22:02.994857,0,60,3,Occasional,False,False,True,False,False,False,False,False,60,3,280.64
712.0,CUST_00435,2025-10-03 05:22:02.995577,124.01,1.0,groceries,Credit Card,False,transactions,,,,,,,,,283.92,Q3,0,2025,10,4,Friday,0,0,2025-09-27 05:22:02.994807,2026-02-26 05:22:02.995922,6,162,3,Occasional,False,False,False,False,True,False,False,False,162,3,283.92
713.0,CUST_00290,2026-05-23 05:22:02.995583,73.31,3.0,sports,Wallet,True,transactions,,,,,,,,,616.6,Q2,0,2026,5,2,Saturday,1,0,2025-09-04 05:22:02.994815,2026-05-23 05:22:02.995583,261,76,6,Regular,False,False,False,False,False,False,True,False,76,6,616.6
714.0,CUST_00386,2025-10-07 05:22:02.995588,66.56,5.0,clothing,PayPal,True,transactions,,,,,,,,,860.97,Q2,0,2025,10,4,Tuesday,0,0,2025-08-10 05:22:02.998125,2026-06-14 05:22:03.001297,57,54,7,Regular,False,False,True,False,False,False,False,False,54,7,860.97
715.0,CUST_00076,2026-06-01 05:22:02.995600,55.92,3.0,clothing,Credit Card,False,transactions,,,,,,,,,703.08,Q1,0,2026,6,2,Monday,0,0,2025-09-30 05:22:03.002109,2026-07-10 05:22:02.995884,243,28,8,Regular,False,False,True,False,False,False,False,False,28,8,703.08
716.0,CUST_00135,2026-06-25 05:22:02.995605,104.94,4.0,groceries,Debit Card,True,transactions,,,,,,,,,654.96,Q3,0,2026,6,2,Thursday,0,0,2025-08-23 05:22:03.000023,2026-06-25 05:22:02.995605,305,43,6,Regular,False,False,False,False,True,False,False,False,43,6,654.96
717.0,CUST_00247,2025-10-25 05:22:02.995611,197.56,2.0,toys,Debit Card,False,transactions,,,,,,,,,366.05,Q4,1,2025,10,4,Saturday,1,0,2025-09-24 05:22:02.998344,2026-05-17 05:22:03.002990,30,81,4,Occasional,False,False,False,False,False,False,False,True,81,4,366.05
718.0,CUST_00377,2025-11-12 05:22:02.995617,69.75,2.0,sports,Wallet,False,transactions,,,,,,,,,1291.2,Q2,0,2025,11,4,Wednesday,0,1,2025-11-12 05:22:02.995617,2026-07-07 05:22:02.992600,0,31,9,Regular,False,False,False,False,False,False,True,False,31,9,1291.2
719.0,CUST_00474,2025-10-17 05:22:02.995622,32.15,1.0,clothing,Wallet,False,transactions,,,,,,,,,153.98,Q1,0,2025,10,4,Friday,0,0,2025-10-17 05:22:02.995622,2026-06-30 05:22:02.993004,0,38,4,Occasional,False,False,True,False,False,False,False,False,38,4,153.98
720.0,CUST_00098,2026-02-24 05:22:02.995628,145.2,3.0,electronics,Debit Card,True,transactions,,,,,,,,,212.0,Q4,1,2026,2,1,Tuesday,0,0,2025-09-24 05:22:02.991746,2026-02-24 05:22:02.995628,153,164,2,Occasional,False,False,False,True,False,False,False,False,164,2,212.0
721.0,CUST_00316,2025-12-24 05:22:02.995633,122.39,5.0,home  garden,Debit Card,False,transactions,,,,,,,,,749.88,Q3,0,2025,12,4,Wednesday,0,1,2025-08-21 05:22:02.993420,2026-06-05 05:22:03.000782,125,63,8,Regular,False,False,False,False,False,True,False,False,63,8,749.88
723.0,CUST_00475,2026-05-24 05:22:02.995644,158.09,3.0,electronics,Credit Card,False,transactions,,,,,,,,,548.5,Q4,1,2026,5,2,Sunday,1,0,2025-11-21 05:22:03.000839,2026-05-30 05:22:03.001673,183,69,4,Occasional,False,False,False,True,False,False,False,False,69,4,548.5
724.0,CUST_00242,2026-07-27 05:22:02.995649,52.98,3.0,sports,Debit Card,False,transactions,,,,,,,,,1064.32,Q1,0,2026,7,3,Monday,0,0,2025-08-22 05:22:03.002307,2026-07-28 05:22:02.997730,338,10,10,Regular,False,False,False,False,False,False,True,False,10,10,1064.32
725.0,CUST_00268,2026-03-28 05:22:02.995655,42.82,5.0,toys,Debit Card,False,transactions,,,,,,,,,608.49,Q1,0,2026,3,1,Saturday,1,0,2025-09-04 05:22:02.995420,2026-05-30 05:22:02.995257,205,69,6,Regular,False,False,False,False,False,False,False,True,69,6,608.49
726.0,CUST_00343,2026-07-29 05:22:02.995660,56.02,4.0,electronics,Credit Card,False,transactions,,,,,,,,,1101.07,Q1,0,2026,7,3,Wednesday,0,0,2025-11-09 05:22:02.992646,2026-07-29 05:22:02.995660,262,9,9,Regular,False,False,False,True,False,False,False,False,9,9,1101.07
727.0,CUST_00405,2025-08-16 05:22:02.995665,239.67,5.0,books,Credit Card,False,transactions,,,,,,,,,732.48,Q4,1,2025,8,3,Saturday,1,0,2025-08-16 05:22:02.995665,2026-08-04 05:22:02.994934,0,3,5,Occasional,False,True,False,False,False,False,False,False,3,5,732.48
728.0,CUST_00339,2026-03-22 05:22:02.995671,134.64,3.0,,Wallet,False,transactions,,,,,,,,,468.2,Q3,0,2026,3,1,Sunday,1,0,2026-03-22 05:22:02.995671,2026-06-10 05:22:03.001393,0,58,3,Occasional,False,False,False,False,False,False,False,False,58,3,468.2
729.0,CUST_00195,2025-11-20 05:22:02.995676,157.53,1.0,beauty,Credit Card,False,transactions,,,,,,,,,269.06,Q4,1,2025,11,4,Thursday,0,1,2025-10-20 05:22:02.992926,2026-01-26 05:22:02.992985,31,193,3,Occasional,True,False,False,False,False,False,False,False,193,3,269.06
730.0,CUST_00257,2025-12-16 05:22:02.995682,147.79,5.0,,PayPal,False,transactions,,,,,,,,,469.58000000000004,Q4,1,2025,12,4,Tuesday,0,1,2025-11-19 05:22:02.994801,2026-04-30 05:22:02.999944,27,99,5,Occasional,False,False,False,False,False,False,False,False,99,5,469.58000000000004
731.0,CUST_00202,2026-05-19 05:22:02.995687,168.96,1.0,beauty,PayPal,False,transactions,,,,,,,,,478.13,Q4,1,2026,5,2,Tuesday,0,0,2025-08-14 05:22:02.993654,2026-05-19 05:22:02.995687,278,80,4,Occasional,True,False,False,False,False,False,False,False,80,4,478.13
732.0,CUST_00121,2025-11-24 05:22:02.995692,45.2,3.0,electronics,Wallet,True,transactions,,,,,,,,,522.34,Q1,0,2025,11,4,Monday,0,1,2025-11-24 05:22:02.995692,2026-05-11 05:22:02.996127,0,88,4,Occasional,False,False,False,True,False,False,False,False,88,4,522.34
733.0,CUST_00418,2026-07-23 05:22:02.995698,82.87,5.0,books,PayPal,True,transactions,,,,,,,,,994.5699999999999,Q2,0,2026,7,3,Thursday,0,0,2025-09-27 05:22:02.998165,2026-07-23 05:22:02.995698,298,15,7,Regular,False,True,False,False,False,False,False,False,15,7,994.5699999999999
734.0,CUST_00337,2026-05-29 05:22:02.995706,103.37,1.0,groceries,Debit Card,False,transactions,,,,,,,,,477.74,Q3,0,2026,5,2,Friday,0,0,2025-08-25 05:22:02.998363,2026-05-29 05:22:02.995706,276,70,3,Occasional,False,False,False,False,True,False,False,False,70,3,477.74
735.0,CUST_00294,2026-05-21 05:22:02.995711,161.94,4.0,books,PayPal,False,transactions,,,,,,,,,553.54,Q4,1,2026,5,2,Thursday,0,0,2025-08-26 05:22:02.992625,2026-08-05 05:22:02.997909,268,2,6,Regular,False,True,False,False,False,False,False,False,2,6,553.54
736.0,CUST_00068,2026-04-24 05:22:02.995717,103.49,2.0,sports,PayPal,False,transactions,,,,,,,,,371.32,Q3,0,2026,4,2,Friday,0,0,2026-01-14 05:22:02.999560,2026-04-24 05:22:02.995717,99,105,3,Occasional,False,False,False,False,False,False,True,False,105,3,371.32
737.0,CUST_00461,2025-11-12 05:22:02.995722,138.66,2.0,groceries,Debit Card,False,transactions,,,,,,,,,620.4,Q3,0,2025,11,4,Wednesday,0,1,2025-11-12 05:22:02.995722,2026-01-17 05:22:02.998006,0,202,3,Occasional,False,False,False,False,True,False,False,False,202,3,620.4
738.0,CUST_00290,2026-05-19 05:22:02.995727,82.86,3.0,clothing,Credit Card,False,transactions,,,,,,,,,616.6,Q2,0,2026,5,2,Tuesday,0,0,2025-09-04 05:22:02.994815,2026-05-23 05:22:02.995583,257,76,6,Regular,False,False,True,False,False,False,False,False,76,6,616.6
739.0,CUST_00430,2026-05-25 05:22:02.995732,98.49,1.0,beauty,Wallet,True,transactions,,,,,,,,,350.29999999999995,Q3,0,2026,5,2,Monday,0,0,2025-10-03 05:22:02.995889,2026-06-30 05:22:02.992943,233,38,4,Occasional,True,False,False,False,False,False,False,False,38,4,350.29999999999995
740.0,CUST_00156,2025-12-24 05:22:02.995738,62.4,3.0,home  garden,Credit Card,False,transactions,,,,,,,,,175.41,Q2,0,2025,12,4,Wednesday,0,1,2025-12-24 05:22:02.995738,2026-06-12 05:22:02.999577,0,56,2,Occasional,False,False,False,False,False,True,False,False,56,2,175.41
741.0,CUST_00014,2025-09-28 05:22:02.995743,49.93,5.0,books,Debit Card,False,transactions,,,,,,,,,613.27,Q1,0,2025,9,3,Sunday,1,0,2025-08-16 05:22:02.999860,2026-06-01 05:22:02.991895,42,67,6,Regular,False,True,False,False,False,False,False,False,67,6,613.27
742.0,CUST_00119,2025-08-21 05:22:02.995748,122.74,1.0,beauty,Wallet,False,transactions,,,,,,,,,369.5,Q3,0,2025,8,3,Thursday,0,0,2025-08-21 05:22:02.995748,2026-04-16 05:22:02.999571,0,113,5,Occasional,True,False,False,False,False,False,False,False,113,5,369.5
743.0,CUST_00434,2025-10-02 05:22:02.995754,61.22,4.0,beauty,Wallet,False,transactions,,,,,,,,,468.0,Q2,0,2025,10,4,Thursday,0,0,2025-10-02 05:22:02.995754,2026-05-08 05:22:03.001107,0,91,5,Occasional,True,False,False,False,False,False,False,False,91,5,468.0
744.0,CUST_00071,2026-05-16 05:22:02.995765,50.41,2.0,,Credit Card,True,transactions,,,,,,,,,214.56,Q1,0,2026,5,2,Saturday,1,0,2025-12-31 05:22:02.997843,2026-05-16 05:22:02.995765,135,83,4,Occasional,False,False,False,False,False,False,False,False,83,4,214.56
745.0,CUST_00487,2026-01-08 05:22:02.995776,69.56,2.0,sports,Credit Card,False,transactions,,,,,,,,,367.36,Q2,0,2026,1,1,Thursday,0,0,2025-10-21 05:22:02.992343,2026-07-31 05:22:02.994230,79,7,5,Occasional,False,False,False,False,False,False,True,False,7,5,367.36
746.0,CUST_00489,2025-12-26 05:22:02.995782,91.4,5.0,toys,Wallet,True,transactions,,,,,,,,,394.88,Q2,0,2025,12,4,Friday,0,1,2025-12-26 05:22:02.995782,2026-07-01 05:22:02.993457,0,37,3,Occasional,False,False,False,False,False,False,False,True,37,3,394.88
747.0,CUST_00219,2026-01-12 05:22:02.995787,113.35,1.0,groceries,Wallet,False,transactions,,,,,,,,,582.49,Q3,0,2026,1,1,Monday,0,0,2025-08-25 05:22:02.999208,2026-06-21 05:22:02.997645,139,47,6,Regular,False,False,False,False,True,False,False,False,47,6,582.49
748.0,CUST_00381,2025-10-19 05:22:02.995793,50.27,5.0,electronics,Wallet,False,transactions,,,,,,,,,352.27,Q1,0,2025,10,4,Sunday,1,0,2025-10-19 05:22:02.995793,2026-06-28 05:22:03.002121,0,39,4,Occasional,False,False,False,True,False,False,False,False,39,4,352.27
749.0,CUST_00450,2026-07-17 05:22:02.995798,76.18,2.0,groceries,Credit Card,False,transactions,,,,,,,,,135.92000000000002,Q2,0,2026,7,3,Friday,0,0,2025-09-07 05:22:03.003440,2026-07-17 05:22:02.995798,312,21,2,Occasional,False,False,False,False,True,False,False,False,21,2,135.92000000000002
750.0,CUST_00265,2025-09-19 05:22:02.995803,116.31,1.0,sports,Wallet,True,transactions,,,,,,,,,872.91,Q3,0,2025,9,3,Friday,0,0,2025-09-04 05:22:03.001891,2026-05-26 05:22:03.000751,14,73,7,Regular,False,False,False,False,False,False,True,False,73,7,872.91
751.0,CUST_00397,2026-03-14 05:22:02.995809,50.37,4.0,home  garden,Credit Card,False,transactions,,,,,,,,,500.53000000000003,Q1,0,2026,3,1,Saturday,1,0,2026-01-25 05:22:03.000063,2026-05-31 05:22:02.993410,47,68,8,Regular,False,False,False,False,False,True,False,False,68,8,500.53000000000003
752.0,CUST_00463,2026-05-27 05:22:02.995814,222.35,4.0,toys,Credit Card,False,transactions,,,,,,,,,240.89,Q4,1,2026,5,2,Wednesday,0,0,2026-04-24 05:22:02.998654,2026-05-27 05:22:02.995814,32,72,2,Occasional,False,False,False,False,False,False,False,True,72,2,240.89
753.0,CUST_00300,2025-08-16 05:22:02.995819,191.73,5.0,home  garden,PayPal,False,transactions,,,,,,,,,1011.3299999999999,Q4,1,2025,8,3,Saturday,1,0,2025-08-16 05:22:02.995819,2026-06-27 05:22:02.997671,0,41,8,Regular,False,False,False,False,False,True,False,False,41,8,1011.3299999999999
754.0,CUST_00092,2025-12-18 05:22:02.995833,136.07,5.0,sports,Credit Card,False,transactions,,,,,,,,,1025.5700000000002,Q3,0,2025,12,4,Thursday,0,1,2025-08-12 05:22:02.996074,2026-08-02 05:22:03.001766,127,4,9,Regular,False,False,False,False,False,False,True,False,4,9,1025.5700000000002
755.0,CUST_00355,2025-09-09 05:22:02.995839,144.75,2.0,clothing,Wallet,False,transactions,,,,,,,,,768.64,Q4,1,2025,9,3,Tuesday,0,0,2025-08-31 05:22:02.996370,2026-06-04 05:22:03.000284,8,64,6,Regular,False,False,True,False,False,False,False,False,64,6,768.64
756.0,CUST_00044,2025-11-12 05:22:02.995845,83.16,4.0,home  garden,Wallet,False,transactions,,,,,,,,,425.99,Q2,0,2025,11,4,Wednesday,0,1,2025-10-20 05:22:02.999934,2026-05-25 05:22:02.996280,22,74,5,Occasional,False,False,False,False,False,True,False,False,74,5,425.99
757.0,CUST_00088,2026-02-17 05:22:02.995851,73.07,5.0,home  garden,Debit Card,False,transactions,,,,,,,,,620.36,Q2,0,2026,2,1,Tuesday,0,0,2026-01-27 05:22:02.993877,2026-07-29 05:22:02.998740,21,9,6,Regular,False,False,False,False,False,True,False,False,9,6,620.36
759.0,CUST_00093,2026-06-08 05:22:02.995861,100.87,2.0,,PayPal,False,transactions,,,,,,,,,387.45000000000005,Q3,0,2026,6,2,Monday,0,0,2025-10-09 05:22:03.003342,2026-06-17 05:22:03.002742,241,50,3,Occasional,False,False,False,False,False,False,False,False,50,3,387.45000000000005
760.0,CUST_00255,2025-11-25 05:22:02.995866,74.84,5.0,electronics,Wallet,False,transactions,,,,,,,,,274.81,Q2,0,2025,11,4,Tuesday,0,1,2025-09-07 05:22:02.994424,2026-01-18 05:22:03.001552,79,201,3,Occasional,False,False,False,True,False,False,False,False,201,3,274.81
761.0,CUST_00302,2025-09-04 05:22:02.995872,46.72,4.0,toys,Credit Card,False,transactions,,,,,,,,,874.78,Q1,0,2025,9,3,Thursday,0,0,2025-09-04 05:22:02.995872,2026-05-10 05:22:02.993823,0,89,7,Regular,False,False,False,False,False,False,False,True,89,7,874.78
762.0,CUST_00004,2026-04-04 05:22:02.995879,100.05,5.0,books,Debit Card,False,transactions,,,,,,,,,445.68,Q3,0,2026,4,2,Saturday,1,0,2025-09-26 05:22:02.999437,2026-07-05 05:22:02.998870,189,33,5,Occasional,False,True,False,False,False,False,False,False,33,5,445.68
763.0,CUST_00076,2026-07-10 05:22:02.995884,105.25,3.0,electronics,Credit Card,False,transactions,,,,,,,,,703.08,Q3,0,2026,7,3,Friday,0,0,2025-09-30 05:22:03.002109,2026-07-10 05:22:02.995884,282,28,8,Regular,False,False,False,True,False,False,False,False,28,8,703.08
764.0,CUST_00430,2025-10-03 05:22:02.995889,98.76,3.0,beauty,Credit Card,False,transactions,,,,,,,,,350.29999999999995,Q3,0,2025,10,4,Friday,0,0,2025-10-03 05:22:02.995889,2026-06-30 05:22:02.992943,0,38,4,Occasional,True,False,False,False,False,False,False,False,38,4,350.29999999999995
765.0,CUST_00092,2026-05-17 05:22:02.995894,143.52,3.0,home  garden,PayPal,True,transactions,,,,,,,,,1025.5700000000002,Q4,1,2026,5,2,Sunday,1,0,2025-08-12 05:22:02.996074,2026-08-02 05:22:03.001766,277,4,9,Regular,False,False,False,False,False,True,False,False,4,9,1025.5700000000002
766.0,CUST_00048,2026-03-07 05:22:02.995900,76.78,3.0,beauty,Credit Card,True,transactions,,,,,,,,,709.69,Q2,0,2026,3,1,Saturday,1,0,2025-08-15 05:22:02.996085,2026-03-07 05:22:02.995900,203,153,6,Regular,True,False,False,False,False,False,False,False,153,6,709.69
767.0,CUST_00432,2025-10-30 05:22:02.995905,221.73,1.0,books,Credit Card,False,transactions,,,,,,,,,340.86,Q4,1,2025,10,4,Thursday,0,0,2025-09-18 05:22:02.998109,2025-10-30 05:22:02.995905,41,281,2,Occasional,False,True,False,False,False,False,False,False,281,2,340.86
768.0,CUST_00141,2026-02-20 05:22:02.995910,62.59,5.0,groceries,Debit Card,False,transactions,,,,,,,,,507.9,Q2,0,2026,2,1,Friday,0,0,2026-01-04 05:22:03.000362,2026-06-27 05:22:02.997367,46,41,6,Regular,False,False,False,False,True,False,False,False,41,6,507.9
769.0,CUST_00056,2025-10-19 05:22:02.995915,67.94,5.0,clothing,PayPal,False,transactions,,,,,,,,,322.91999999999996,Q2,0,2025,10,4,Sunday,1,0,2025-08-24 05:22:03.000520,2026-07-22 05:22:02.997010,55,16,4,Occasional,False,False,True,False,False,False,False,False,16,4,322.91999999999996
770.0,CUST_00435,2026-02-26 05:22:02.995922,73.47,3.0,beauty,Wallet,False,transactions,,,,,,,,,283.92,Q2,0,2026,2,1,Thursday,0,0,2025-09-27 05:22:02.994807,2026-02-26 05:22:02.995922,152,162,3,Occasional,True,False,False,False,False,False,False,False,162,3,283.92
771.0,CUST_00324,2025-11-26 05:22:02.995927,81.56,4.0,home  garden,Debit Card,True,transactions,,,,,,,,,513.07,Q2,0,2025,11,4,Wednesday,0,1,2025-10-01 05:22:03.000263,2026-07-13 05:22:02.996472,55,25,6,Regular,False,False,False,False,False,True,False,False,25,6,513.07
772.0,CUST_00100,2026-08-07 05:22:02.995932,56.19,1.0,electronics,Credit Card,True,transactions,,,,,,,,,912.4100000000001,Q1,0,2026,8,3,Friday,0,0,2025-09-06 05:22:03.001808,2026-08-07 05:22:02.995932,334,0,7,Regular,False,False,False,True,False,False,False,False,0,7,912.4100000000001
773.0,CUST_00107,2025-09-26 05:22:02.995940,21.22,4.0,,PayPal,False,transactions,,,,,,,,,273.06,Q1,0,2025,9,3,Friday,0,0,2025-09-04 05:22:02.999256,2026-01-19 05:22:03.000248,21,200,5,Occasional,False,False,False,False,False,False,False,False,200,5,273.06
774.0,CUST_00327,2026-04-21 05:22:02.995945,54.74,1.0,sports,PayPal,True,transactions,,,,,,,,,703.51,Q1,0,2026,4,2,Tuesday,0,0,2025-10-07 05:22:02.993447,2026-04-21 05:22:02.995945,196,108,8,Regular,False,False,False,False,False,False,True,False,108,8,703.51
775.0,CUST_00158,2026-03-07 05:22:02.995950,140.86,5.0,beauty,Credit Card,False,transactions,,,,,,,,,550.55,Q4,1,2026,3,1,Saturday,1,0,2025-10-16 05:22:02.994959,2026-06-04 05:22:02.996999,142,64,4,Occasional,True,False,False,False,False,False,False,False,64,4,550.55
776.0,CUST_00175,2026-01-17 05:22:02.995960,36.59,5.0,electronics,Debit Card,False,transactions,,,,,,,,,147.57999999999998,Q1,0,2026,1,1,Saturday,1,0,2026-01-17 05:22:02.995960,2026-05-05 05:22:02.991296,0,94,2,Occasional,False,False,False,True,False,False,False,False,94,2,147.57999999999998
777.0,CUST_00174,2025-08-28 05:22:02.995966,137.6,4.0,toys,Debit Card,False,transactions,,,,,,,,,204.04,Q3,0,2025,8,3,Thursday,0,0,2025-08-28 05:22:02.995966,2026-01-27 05:22:02.995992,0,192,2,Occasional,False,False,False,False,False,False,False,True,192,2,204.04
779.0,CUST_00029,2025-11-14 05:22:02.995982,204.21,3.0,beauty,Credit Card,False,transactions,,,,,,,,,326.64,Q4,1,2025,11,4,Friday,0,1,2025-09-14 05:22:03.002638,2025-12-22 05:22:03.002458,60,227,3,Occasional,True,False,False,False,False,False,False,False,227,3,326.64
780.0,CUST_00351,2026-02-19 05:22:02.995987,105.48,3.0,clothing,PayPal,True,transactions,,,,,,,,,824.26,Q3,0,2026,2,1,Thursday,0,0,2025-08-08 05:22:03.000714,2026-06-18 05:22:02.994021,194,50,8,Regular,False,False,True,False,False,False,False,False,50,8,824.26
781.0,CUST_00174,2026-01-27 05:22:02.995992,66.44,5.0,home  garden,Wallet,False,transactions,,,,,,,,,204.04,Q2,0,2026,1,1,Tuesday,0,0,2025-08-28 05:22:02.995966,2026-01-27 05:22:02.995992,152,192,2,Occasional,False,False,False,False,False,True,False,False,192,2,204.04
782.0,CUST_00060,2026-03-03 05:22:02.995998,70.22,3.0,electronics,Credit Card,False,transactions,,,,,,,,,916.01,Q2,0,2026,3,1,Tuesday,0,0,2025-10-18 05:22:02.999130,2026-08-01 05:22:02.997695,135,6,10,Regular,False,False,False,True,False,False,False,False,6,10,916.01
783.0,CUST_00122,2026-01-29 05:22:02.996003,103.41,4.0,books,PayPal,False,transactions,,,,,,,,,413.86,Q3,0,2026,1,1,Thursday,0,0,2025-09-03 05:22:02.996285,2026-05-17 05:22:03.002898,147,81,5,Occasional,False,True,False,False,False,False,False,False,81,5,413.86
784.0,CUST_00192,2026-07-19 05:22:02.996009,141.47,2.0,clothing,Credit Card,True,transactions,,,,,,,,,842.55,Q4,1,2026,7,3,Sunday,1,0,2025-08-13 05:22:02.994451,2026-07-26 05:22:03.002614,340,11,10,Regular,False,False,True,False,False,False,False,False,11,10,842.55
785.0,CUST_00464,2025-11-24 05:22:02.996014,161.04,2.0,sports,Wallet,True,transactions,,,,,,,,,276.76,Q4,1,2025,11,4,Monday,0,1,2025-10-21 05:22:03.003313,2026-07-20 05:22:02.997284,33,18,3,Occasional,False,False,False,False,False,False,True,False,18,3,276.76
786.0,CUST_00269,2026-03-02 05:22:02.996019,268.14,3.0,home  garden,Credit Card,True,transactions,,,,,,,,,333.01,Q4,1,2026,3,1,Monday,0,0,2026-03-02 05:22:02.996019,2026-04-20 05:22:03.000078,0,109,2,Occasional,False,False,False,False,False,True,False,False,109,2,333.01
788.0,CUST_00443,2025-11-13 05:22:02.996030,124.52,1.0,electronics,Credit Card,False,transactions,,,,,,,,,363.71999999999997,Q3,0,2025,11,4,Thursday,0,1,2025-11-13 05:22:02.996030,2026-05-01 05:22:03.002312,0,97,4,Occasional,False,False,False,True,False,False,False,False,97,4,363.71999999999997
789.0,CUST_00305,2026-06-24 05:22:02.996035,57.1,3.0,toys,Credit Card,False,transactions,,,,,,,,,332.14,Q1,0,2026,6,2,Wednesday,0,0,2025-09-05 05:22:02.996347,2026-06-24 05:22:02.996035,291,44,3,Occasional,False,False,False,False,False,False,False,True,44,3,332.14
790.0,CUST_00338,2026-03-01 05:22:02.996040,140.95,1.0,books,Debit Card,False,transactions,,,,,,,,,377.28999999999996,Q4,1,2026,3,1,Sunday,1,0,2025-12-05 05:22:02.997593,2026-06-02 05:22:02.994912,85,66,4,Occasional,False,True,False,False,False,False,False,False,66,4,377.28999999999996
791.0,CUST_00099,2026-03-14 05:22:02.996045,39.37,3.0,beauty,Credit Card,False,transactions,,,,,,,,,403.45,Q1,0,2026,3,1,Saturday,1,0,2025-08-24 05:22:02.998773,2026-04-03 05:22:02.992614,201,126,6,Regular,True,False,False,False,False,False,False,False,126,6,403.45
792.0,CUST_00081,2026-03-20 05:22:02.996051,46.21,1.0,electronics,Credit Card,False,transactions,,,,,,,,,583.34,Q1,0,2026,3,1,Friday,0,0,2025-12-25 05:22:02.992447,2026-03-20 05:22:02.996051,85,140,4,Occasional,False,False,False,True,False,False,False,False,140,4,583.34
793.0,CUST_00180,2025-10-30 05:22:02.996058,188.86,3.0,books,PayPal,False,transactions,,,,,,,,,330.72,Q4,1,2025,10,4,Thursday,0,0,2025-10-27 05:22:02.991978,2025-10-30 05:22:02.996058,3,281,2,Occasional,False,True,False,False,False,False,False,False,281,2,330.72
794.0,CUST_00088,2026-07-02 05:22:02.996064,131.4,3.0,beauty,Credit Card,False,transactions,,,,,,,,,620.36,Q3,0,2026,7,3,Thursday,0,0,2026-01-27 05:22:02.993877,2026-07-29 05:22:02.998740,156,9,6,Regular,True,False,False,False,False,False,False,False,9,6,620.36
795.0,CUST_00242,2025-08-27 05:22:02.996069,114.32,1.0,clothing,Credit Card,False,transactions,,,,,,,,,1064.32,Q3,0,2025,8,3,Wednesday,0,0,2025-08-22 05:22:03.002307,2026-07-28 05:22:02.997730,4,10,10,Regular,False,False,True,False,False,False,False,False,10,10,1064.32
796.0,CUST_00092,2025-08-12 05:22:02.996074,264.35,5.0,toys,PayPal,False,transactions,,,,,,,,,1025.5700000000002,Q4,1,2025,8,3,Tuesday,0,0,2025-08-12 05:22:02.996074,2026-08-02 05:22:03.001766,0,4,9,Regular,False,False,False,False,False,False,False,True,4,9,1025.5700000000002
797.0,CUST_00102,2025-08-29 05:22:02.996080,125.85,5.0,clothing,Wallet,False,transactions,,,,,,,,,243.07,Q3,0,2025,8,3,Friday,0,0,2025-08-29 05:22:02.996080,2025-10-14 05:22:02.994743,0,297,3,Occasional,False,False,True,False,False,False,False,False,297,3,243.07
798.0,CUST_00048,2025-08-15 05:22:02.996085,106.81,4.0,clothing,Wallet,False,transactions,,,,,,,,,709.69,Q3,0,2025,8,3,Friday,0,0,2025-08-15 05:22:02.996085,2026-03-07 05:22:02.995900,0,153,6,Regular,False,False,True,False,False,False,False,False,153,6,709.69
799.0,CUST_00486,2026-04-15 05:22:02.996091,87.0,2.0,books,Wallet,False,transactions,,,,,,,,,536.38,Q2,0,2026,4,2,Wednesday,0,0,2025-08-14 05:22:02.992589,2026-04-15 05:22:02.996091,244,114,6,Regular,False,True,False,False,False,False,False,False,114,6,536.38
800.0,CUST_00470,2025-09-01 05:22:02.996096,62.93,3.0,beauty,Credit Card,False,transactions,,,,,,,,,560.4200000000001,Q2,0,2025,9,3,Monday,0,0,2025-09-01 05:22:02.996096,2026-05-30 05:22:02.998720,0,69,5,Occasional,True,False,False,False,False,False,False,False,69,5,560.4200000000001
801.0,CUST_00058,2026-02-09 05:22:02.996101,126.34,4.0,toys,PayPal,True,transactions,,,,,,,,,777.66,Q3,0,2026,2,1,Monday,0,0,2025-10-02 05:22:02.996267,2026-07-30 05:22:02.997713,129,8,6,Regular,False,False,False,False,False,False,False,True,8,6,777.66
802.0,CUST_00310,2025-10-17 05:22:02.996107,84.15,2.0,clothing,Credit Card,False,transactions,,,,,,,,,304.24,Q2,0,2025,10,4,Friday,0,0,2025-10-17 05:22:02.996107,2026-06-02 05:22:02.996358,0,66,4,Occasional,False,False,True,False,False,False,False,False,66,4,304.24
803.0,CUST_00333,2026-07-02 05:22:02.996112,34.22,3.0,toys,Wallet,False,transactions,,,,,,,,,411.41,Q1,0,2026,7,3,Thursday,0,0,2026-02-17 05:22:02.992228,2026-07-02 05:22:02.996112,135,36,5,Occasional,False,False,False,False,False,False,False,True,36,5,411.41
804.0,CUST_00125,2025-10-31 05:22:02.996117,106.33,2.0,toys,PayPal,False,transactions,,,,,,,,,335.07,Q3,0,2025,10,4,Friday,0,0,2025-10-12 05:22:03.002473,2025-12-03 05:22:03.002371,18,246,3,Occasional,False,False,False,False,False,False,False,True,246,3,335.07
805.0,CUST_00356,2025-10-09 05:22:02.996122,89.67,4.0,groceries,PayPal,False,transactions,,,,,,,,,240.66000000000003,Q2,0,2025,10,4,Thursday,0,0,2025-10-09 05:22:02.996122,2026-03-07 05:22:02.991697,0,153,4,Occasional,False,False,False,False,True,False,False,False,153,4,240.66000000000003
806.0,CUST_00121,2026-05-11 05:22:02.996127,188.9,1.0,toys,Wallet,False,transactions,,,,,,,,,522.34,Q4,1,2026,5,2,Monday,0,0,2025-11-24 05:22:02.995692,2026-05-11 05:22:02.996127,168,88,4,Occasional,False,False,False,False,False,False,False,True,88,4,522.34
807.0,CUST_00050,2025-12-23 05:22:02.996133,14.82,2.0,books,Credit Card,False,transactions,,,,,,,,,537.5,Q1,0,2025,12,4,Tuesday,0,1,2025-11-12 05:22:02.992969,2026-07-13 05:22:02.992468,41,25,4,Occasional,False,True,False,False,False,False,False,False,25,4,537.5
808.0,CUST_00351,2025-10-06 05:22:02.996140,138.22,4.0,beauty,Credit Card,False,transactions,,,,,,,,,824.26,Q3,0,2025,10,4,Monday,0,0,2025-08-08 05:22:03.000714,2026-06-18 05:22:02.994021,58,50,8,Regular,True,False,False,False,False,False,False,False,50,8,824.26
809.0,CUST_00419,2026-05-28 05:22:02.996146,91.45,5.0,electronics,Debit Card,False,transactions,,,,,,,,,280.64,Q2,0,2026,5,2,Thursday,0,0,2025-12-28 05:22:02.995572,2026-06-08 05:22:02.994857,151,60,3,Occasional,False,False,False,True,False,False,False,False,60,3,280.64
810.0,CUST_00150,2026-01-20 05:22:02.996151,28.93,5.0,toys,PayPal,False,transactions,,,,,,,,,582.1800000000001,Q1,0,2026,1,1,Tuesday,0,0,2025-09-07 05:22:03.001015,2026-07-18 05:22:02.999674,134,20,5,Occasional,False,False,False,False,False,False,False,True,20,5,582.1800000000001
811.0,CUST_00407,2025-08-25 05:22:02.996157,101.4,3.0,groceries,PayPal,True,transactions,,,,,,,,,377.78,Q3,0,2025,8,3,Monday,0,0,2025-08-25 05:22:02.996157,2026-06-27 05:22:02.999074,0,41,5,Occasional,False,False,False,False,True,False,False,False,41,5,377.78
812.0,CUST_00299,2026-08-03 05:22:02.996164,64.77,5.0,groceries,PayPal,False,transactions,,,,,,,,,443.6,Q2,0,2026,8,3,Monday,0,0,2025-09-02 05:22:02.992145,2026-08-03 05:22:02.996164,335,4,4,Occasional,False,False,False,False,True,False,False,False,4,4,443.6
813.0,CUST_00462,2025-10-30 05:22:02.996170,61.57,1.0,electronics,PayPal,False,transactions,,,,,,,,,756.66,Q2,0,2025,10,4,Thursday,0,0,2025-09-27 05:22:02.994907,2026-01-11 05:22:02.997305,33,208,6,Regular,False,False,False,True,False,False,False,False,208,6,756.66
814.0,CUST_00145,2026-07-23 05:22:02.996175,132.87,2.0,groceries,Wallet,False,transactions,,,,,,,,,599.3100000000001,Q3,0,2026,7,3,Thursday,0,0,2025-08-19 05:22:02.997773,2026-07-23 05:22:02.996175,337,15,5,Occasional,False,False,False,False,True,False,False,False,15,5,599.3100000000001
815.0,CUST_00365,2026-01-24 05:22:02.996180,152.59,4.0,groceries,Debit Card,False,transactions,,,,,,,,,446.71000000000004,Q4,1,2026,1,1,Saturday,1,0,2025-09-08 05:22:02.994276,2026-04-02 05:22:02.993683,138,127,3,Occasional,False,False,False,False,True,False,False,False,127,3,446.71000000000004
816.0,CUST_00244,2026-05-28 05:22:02.996185,132.1,2.0,groceries,PayPal,True,transactions,,,,,,,,,315.03999999999996,Q3,0,2026,5,2,Thursday,0,0,2025-10-01 05:22:02.997995,2026-08-07 05:22:03.001724,238,0,3,Occasional,False,False,False,False,True,False,False,False,0,3,315.03999999999996
817.0,CUST_00079,2026-03-13 05:22:02.996190,85.72,2.0,,Credit Card,False,transactions,,,,,,,,,751.87,Q2,0,2026,3,1,Friday,0,0,2025-08-11 05:22:02.991131,2026-07-16 05:22:02.999626,214,22,8,Regular,False,False,False,False,False,False,False,False,22,8,751.87
818.0,CUST_00454,2025-12-01 05:22:02.996196,122.51,4.0,home  garden,Wallet,True,transactions,,,,,,,,,576.13,Q3,0,2025,12,4,Monday,0,1,2025-08-24 05:22:02.997864,2026-03-26 05:22:02.998407,98,134,5,Occasional,False,False,False,False,False,True,False,False,134,5,576.13
819.0,CUST_00458,2025-08-16 05:22:02.996201,132.34,5.0,groceries,Wallet,False,transactions,,,,,,,,,486.21000000000004,Q3,0,2025,8,3,Saturday,1,0,2025-08-16 05:22:02.996201,2025-12-26 05:22:02.994350,0,224,4,Occasional,False,False,False,False,True,False,False,False,224,4,486.21000000000004
820.0,CUST_00283,2025-12-20 05:22:02.996207,230.75,4.0,beauty,Wallet,False,transactions,,,,,,,,,432.96999999999997,Q4,1,2025,12,4,Saturday,1,1,2025-09-08 05:22:03.000290,2026-06-02 05:22:02.992386,102,66,5,Occasional,True,False,False,False,False,False,False,False,66,5,432.96999999999997
821.0,CUST_00296,2025-11-25 05:22:02.996212,79.89,2.0,books,PayPal,False,transactions,,,,,,,,,686.35,Q2,0,2025,11,4,Tuesday,0,1,2025-09-18 05:22:02.993315,2026-06-03 05:22:02.998605,68,65,6,Regular,False,True,False,False,False,False,False,False,65,6,686.35
822.0,CUST_00020,2025-10-21 05:22:02.996217,114.69,4.0,beauty,Wallet,True,transactions,,,,,,,,,276.2,Q3,0,2025,10,4,Tuesday,0,0,2025-10-06 05:22:02.996563,2026-06-05 05:22:02.998939,14,63,5,Occasional,True,False,False,False,False,False,False,False,63,5,276.2
823.0,CUST_00041,2026-05-27 05:22:02.996223,181.63,5.0,books,Credit Card,False,transactions,,,,,,,,,863.45,Q4,1,2026,5,2,Wednesday,0,0,2025-09-21 05:22:02.999965,2026-05-27 05:22:02.996223,247,72,7,Regular,False,True,False,False,False,False,False,False,72,7,863.45
824.0,CUST_00313,2026-06-23 05:22:02.996228,165.44,2.0,toys,Credit Card,False,transactions,,,,,,,,,938.87,Q4,1,2026,6,2,Tuesday,0,0,2025-09-21 05:22:02.998309,2026-06-23 05:22:02.996228,274,45,7,Regular,False,False,False,False,False,False,False,True,45,7,938.87
825.0,CUST_00277,2025-10-15 05:22:02.996233,17.77,3.0,electronics,Credit Card,False,transactions,,,,,,,,,673.65,Q1,0,2025,10,4,Wednesday,0,0,2025-08-24 05:22:03.003254,2026-04-06 05:22:02.999095,51,123,5,Occasional,False,False,False,True,False,False,False,False,123,5,673.65
826.0,CUST_00263,2025-12-10 05:22:02.996238,65.54,5.0,beauty,PayPal,False,transactions,,,,,,,,,433.06,Q2,0,2025,12,4,Wednesday,0,1,2025-09-22 05:22:03.000018,2026-07-28 05:22:02.994073,78,10,5,Occasional,True,False,False,False,False,False,False,False,10,5,433.06
827.0,CUST_00019,2025-08-17 05:22:02.996244,127.39,5.0,books,PayPal,False,transactions,,,,,,,,,541.76,Q3,0,2025,8,3,Sunday,1,0,2025-08-17 05:22:02.996244,2026-06-04 05:22:02.991665,0,64,5,Occasional,False,True,False,False,False,False,False,False,64,5,541.76
828.0,CUST_00243,2025-10-15 05:22:02.996249,49.83,2.0,electronics,PayPal,True,transactions,,,,,,,,,177.91,Q1,0,2025,10,4,Wednesday,0,0,2025-09-10 05:22:03.001791,2026-04-19 05:22:03.002131,34,109,3,Occasional,False,False,False,True,False,False,False,False,109,3,177.91
829.0,CUST_00320,2026-07-25 05:22:02.996254,50.9,3.0,toys,Credit Card,True,transactions,,,,,,,,,372.1,Q1,0,2026,7,3,Saturday,1,0,2026-06-21 05:22:02.997225,2026-07-25 05:22:02.996254,33,13,3,Occasional,False,False,False,False,False,False,False,True,13,3,372.1
830.0,CUST_00143,2026-03-31 05:22:02.996261,92.87,2.0,books,PayPal,False,transactions,,,,,,,,,560.87,Q3,0,2026,3,1,Tuesday,0,0,2025-10-20 05:22:02.998176,2026-07-13 05:22:03.002974,161,24,5,Occasional,False,True,False,False,False,False,False,False,24,5,560.87
831.0,CUST_00058,2025-10-02 05:22:02.996267,139.67,2.0,home  garden,PayPal,True,transactions,,,,,,,,,777.66,Q3,0,2025,10,4,Thursday,0,0,2025-10-02 05:22:02.996267,2026-07-30 05:22:02.997713,0,8,6,Regular,False,False,False,False,False,True,False,False,8,6,777.66
832.0,CUST_00134,2025-08-14 05:22:02.996274,54.49,2.0,toys,Credit Card,False,transactions,,,,,,,,,329.54,Q1,0,2025,8,3,Thursday,0,0,2025-08-14 05:22:02.996274,2026-05-13 05:22:02.997486,0,86,3,Occasional,False,False,False,False,False,False,False,True,86,3,329.54
833.0,CUST_00044,2026-05-25 05:22:02.996280,109.95,5.0,home  garden,Wallet,True,transactions,,,,,,,,,425.99,Q3,0,2026,5,2,Monday,0,0,2025-10-20 05:22:02.999934,2026-05-25 05:22:02.996280,216,74,5,Occasional,False,False,False,False,False,True,False,False,74,5,425.99
834.0,CUST_00122,2025-09-03 05:22:02.996285,24.62,4.0,home  garden,PayPal,False,transactions,,,,,,,,,413.86,Q1,0,2025,9,3,Wednesday,0,0,2025-09-03 05:22:02.996285,2026-05-17 05:22:03.002898,0,81,5,Occasional,False,False,False,False,False,True,False,False,81,5,413.86
835.0,CUST_00136,2026-06-09 05:22:02.996293,68.93,1.0,home  garden,Wallet,False,transactions,,,,,,,,,499.83000000000004,Q2,0,2026,6,2,Tuesday,0,0,2025-09-23 05:22:03.002833,2026-06-09 05:22:02.996293,258,59,4,Occasional,False,False,False,False,False,True,False,False,59,4,499.83000000000004
836.0,CUST_00383,2025-11-08 05:22:02.996302,202.26,2.0,groceries,Wallet,False,transactions,,,,,,,,,517.96,Q4,1,2025,11,4,Saturday,1,1,2025-08-26 05:22:02.996606,2026-06-22 05:22:02.991692,73,46,4,Occasional,False,False,False,False,True,False,False,False,46,4,517.96
837.0,CUST_00075,2025-11-09 05:22:02.996307,20.75,4.0,electronics,Wallet,False,transactions,,,,,,,,,407.97,Q1,0,2025,11,4,Sunday,1,1,2025-11-09 05:22:02.996307,2026-07-11 05:22:02.994560,0,27,4,Occasional,False,False,False,True,False,False,False,False,27,4,407.97
838.0,CUST_00162,2025-11-09 05:22:02.996313,128.9,1.0,clothing,PayPal,True,transactions,,,,,,,,,592.21,Q3,0,2025,11,4,Sunday,1,1,2025-11-09 05:22:02.996313,2026-06-21 05:22:02.999939,0,47,5,Occasional,False,False,True,False,False,False,False,False,47,5,592.21
839.0,CUST_00222,2025-09-29 05:22:02.996318,143.39,3.0,beauty,Credit Card,False,transactions,,,,,,,,,212.4,Q4,1,2025,9,3,Monday,0,0,2025-09-29 05:22:02.996318,2025-11-28 05:22:03.001324,0,252,3,Occasional,True,False,False,False,False,False,False,False,252,3,212.4
840.0,CUST_00300,2026-01-19 05:22:02.996323,125.2,4.0,sports,Debit Card,False,transactions,,,,,,,,,1011.3299999999999,Q3,0,2026,1,1,Monday,0,0,2025-08-16 05:22:02.995819,2026-06-27 05:22:02.997671,156,41,8,Regular,False,False,False,False,False,False,True,False,41,8,1011.3299999999999
841.0,CUST_00347,2025-08-19 05:22:02.996329,49.04,2.0,beauty,Credit Card,True,transactions,,,,,,,,,344.89,Q1,0,2025,8,3,Tuesday,0,0,2025-08-12 05:22:03.002672,2025-11-01 05:22:02.991719,6,279,4,Occasional,True,False,False,False,False,False,False,False,279,4,344.89
842.0,CUST_00007,2026-01-09 05:22:02.996337,129.28,1.0,clothing,PayPal,False,transactions,,,,,,,,,616.1700000000001,Q3,0,2026,1,1,Friday,0,0,2025-08-14 05:22:02.993976,2026-01-09 05:22:02.996337,148,210,4,Occasional,False,False,True,False,False,False,False,False,210,4,616.1700000000001
843.0,CUST_00146,2026-04-01 05:22:02.996342,258.56,2.0,,Credit Card,False,transactions,,,,,,,,,607.22,Q4,1,2026,4,2,Wednesday,0,0,2025-08-31 05:22:02.997915,2026-06-01 05:22:03.000372,212,67,5,Occasional,False,False,False,False,False,False,False,False,67,5,607.22
844.0,CUST_00305,2025-09-05 05:22:02.996347,82.14,2.0,clothing,Credit Card,False,transactions,,,,,,,,,332.14,Q2,0,2025,9,3,Friday,0,0,2025-09-05 05:22:02.996347,2026-06-24 05:22:02.996035,0,44,3,Occasional,False,False,True,False,False,False,False,False,44,3,332.14
845.0,CUST_00310,2026-06-02 05:22:02.996358,105.03,4.0,home  garden,Debit Card,False,transactions,,,,,,,,,304.24,Q3,0,2026,6,2,Tuesday,0,0,2025-10-17 05:22:02.996107,2026-06-02 05:22:02.996358,228,66,4,Occasional,False,False,False,False,False,True,False,False,66,4,304.24
846.0,CUST_00240,2025-09-03 05:22:02.996364,74.56,1.0,toys,PayPal,True,transactions,,,,,,,,,1090.39,Q2,0,2025,9,3,Wednesday,0,0,2025-09-03 05:22:02.996364,2026-03-21 05:22:02.992685,0,139,9,Regular,False,False,False,False,False,False,False,True,139,9,1090.39
847.0,CUST_00355,2025-08-31 05:22:02.996370,186.75,3.0,books,Credit Card,False,transactions,,,,,,,,,768.64,Q4,1,2025,8,3,Sunday,1,0,2025-08-31 05:22:02.996370,2026-06-04 05:22:03.000284,0,64,6,Regular,False,True,False,False,False,False,False,False,64,6,768.64
848.0,CUST_00032,2026-01-24 05:22:02.996375,100.81,4.0,beauty,PayPal,True,transactions,,,,,,,,,100.81,Q3,0,2026,1,1,Saturday,1,0,2026-01-24 05:22:02.996375,2026-01-24 05:22:02.996375,0,195,1,One-time,True,False,False,False,False,False,False,False,195,1,100.81
849.0,CUST_00136,2026-05-08 05:22:02.996380,174.27,4.0,clothing,Debit Card,False,transactions,,,,,,,,,499.83000000000004,Q4,1,2026,5,2,Friday,0,0,2025-09-23 05:22:03.002833,2026-06-09 05:22:02.996293,226,59,4,Occasional,False,False,True,False,False,False,False,False,59,4,499.83000000000004
850.0,CUST_00092,2025-09-11 05:22:02.996385,151.37,4.0,clothing,Wallet,False,transactions,,,,,,,,,1025.5700000000002,Q4,1,2025,9,3,Thursday,0,0,2025-08-12 05:22:02.996074,2026-08-02 05:22:03.001766,30,4,9,Regular,False,False,True,False,False,False,False,False,4,9,1025.5700000000002
851.0,CUST_00330,2026-06-14 05:22:02.996393,26.29,4.0,books,Credit Card,False,transactions,,,,,,,,,96.1,Q1,0,2026,6,2,Sunday,1,0,2026-03-17 05:22:02.994852,2026-06-14 05:22:02.996393,89,54,3,Occasional,False,True,False,False,False,False,False,False,54,3,96.1
852.0,CUST_00373,2026-04-01 05:22:02.996399,31.54,4.0,electronics,Debit Card,False,transactions,,,,,,,,,299.28999999999996,Q1,0,2026,4,2,Wednesday,0,0,2026-01-19 05:22:02.999176,2026-04-01 05:22:02.996399,71,128,4,Occasional,False,False,False,True,False,False,False,False,128,4,299.28999999999996
853.0,CUST_00001,2026-07-19 05:22:02.996404,46.52,4.0,books,PayPal,True,transactions,,,,,,,,,520.5,Q1,0,2026,7,3,Sunday,1,0,2025-12-31 05:22:02.993354,2026-07-19 05:22:02.996404,200,19,5,Occasional,False,True,False,False,False,False,False,False,19,5,520.5
854.0,CUST_00295,2026-08-06 05:22:02.996409,57.89,5.0,toys,Wallet,True,transactions,,,,,,,,,742.64,Q1,0,2026,8,3,Thursday,0,0,2025-12-31 05:22:02.992052,2026-08-06 05:22:02.996409,218,1,6,Regular,False,False,False,False,False,False,False,True,1,6,742.64
855.0,CUST_00400,2026-07-03 05:22:02.996414,198.76,5.0,,Wallet,False,transactions,,,,,,,,,388.72,Q4,1,2026,7,3,Friday,0,0,2026-04-20 05:22:02.994068,2026-07-03 05:22:02.996414,74,35,3,Occasional,False,False,False,False,False,False,False,False,35,3,388.72
856.0,CUST_00275,2026-02-05 05:22:02.996420,60.09,3.0,books,Credit Card,False,transactions,,,,,,,,,425.59000000000003,Q2,0,2026,2,1,Thursday,0,0,2025-08-20 05:22:03.000091,2026-06-05 05:22:02.991779,168,63,6,Regular,False,True,False,False,False,False,False,False,63,6,425.59000000000003
857.0,CUST_00437,2026-02-14 05:22:02.996425,90.22,1.0,toys,PayPal,False,transactions,,,,,,,,,711.62,Q2,0,2026,2,1,Saturday,1,0,2026-01-04 05:22:03.000162,2026-07-03 05:22:02.995284,40,35,7,Regular,False,False,False,False,False,False,False,True,35,7,711.62
858.0,CUST_00091,2025-10-28 05:22:02.996430,171.23,1.0,groceries,PayPal,False,transactions,,,,,,,,,714.52,Q4,1,2025,10,4,Tuesday,0,0,2025-10-01 05:22:02.998886,2026-05-03 05:22:02.999717,26,96,5,Occasional,False,False,False,False,True,False,False,False,96,5,714.52
859.0,CUST_00459,2026-06-14 05:22:02.996435,16.63,3.0,toys,Wallet,True,transactions,,,,,,,,,565.72,Q1,0,2026,6,2,Sunday,1,0,2025-08-16 05:22:02.998141,2026-07-20 05:22:03.000534,301,18,4,Occasional,False,False,False,False,False,False,False,True,18,4,565.72
860.0,CUST_00072,2026-07-20 05:22:02.996441,82.63,2.0,electronics,Debit Card,False,transactions,,,,,,,,,639.12,Q2,0,2026,7,3,Monday,0,0,2025-08-11 05:22:02.992233,2026-07-20 05:22:02.996441,343,18,5,Occasional,False,False,False,True,False,False,False,False,18,5,639.12
861.0,CUST_00033,2025-11-04 05:22:02.996446,62.52,3.0,toys,Wallet,True,transactions,,,,,,,,,375.38,Q2,0,2025,11,4,Tuesday,0,1,2025-09-04 05:22:02.995406,2026-06-14 05:22:02.996478,61,54,4,Occasional,False,False,False,False,False,False,False,True,54,4,375.38
862.0,CUST_00009,2026-07-20 05:22:02.996452,175.47,3.0,electronics,Credit Card,False,transactions,,,,,,,,,663.55,Q4,1,2026,7,3,Monday,0,0,2025-12-01 05:22:02.996540,2026-08-04 05:22:03.002788,230,2,6,Regular,False,False,False,True,False,False,False,False,2,6,663.55
863.0,CUST_00109,2025-09-07 05:22:02.996457,83.28,5.0,toys,Debit Card,True,transactions,,,,,,,,,338.52,Q2,0,2025,9,3,Sunday,1,0,2025-09-07 05:22:02.996457,2026-07-27 05:22:03.000068,0,11,5,Occasional,False,False,False,False,False,False,False,True,11,5,338.52
864.0,CUST_00120,2026-07-02 05:22:02.996462,187.16,1.0,home  garden,Credit Card,False,transactions,,,,,,,,,348.64,Q4,1,2026,7,3,Thursday,0,0,2026-06-26 05:22:02.994929,2026-07-02 05:22:02.996462,6,36,2,Occasional,False,False,False,False,False,True,False,False,36,2,348.64
865.0,CUST_00471,2025-09-25 05:22:02.996467,47.42,1.0,sports,Debit Card,False,transactions,,,,,,,,,359.9,Q1,0,2025,9,3,Thursday,0,0,2025-09-25 05:22:02.996467,2026-07-17 05:22:02.992998,0,21,5,Occasional,False,False,False,False,False,False,True,False,21,5,359.9
866.0,CUST_00324,2026-07-13 05:22:02.996472,137.61,3.0,clothing,Debit Card,True,transactions,,,,,,,,,513.07,Q3,0,2026,7,3,Monday,0,0,2025-10-01 05:22:03.000263,2026-07-13 05:22:02.996472,284,25,6,Regular,False,False,True,False,False,False,False,False,25,6,513.07
867.0,CUST_00033,2026-06-14 05:22:02.996478,219.93,1.0,toys,Debit Card,False,transactions,,,,,,,,,375.38,Q4,1,2026,6,2,Sunday,1,0,2025-09-04 05:22:02.995406,2026-06-14 05:22:02.996478,283,54,4,Occasional,False,False,False,False,False,False,False,True,54,4,375.38
868.0,CUST_00104,2026-01-01 05:22:02.996483,49.47,3.0,groceries,Debit Card,False,transactions,,,,,,,,,330.49,Q1,0,2026,1,1,Thursday,0,0,2025-11-13 05:22:02.994902,2026-07-16 05:22:02.992287,49,22,6,Regular,False,False,False,False,True,False,False,False,22,6,330.49
869.0,CUST_00494,2026-04-20 05:22:02.996488,46.81,1.0,home  garden,Credit Card,False,transactions,,,,,,,,,558.7,Q1,0,2026,4,2,Monday,0,0,2025-08-19 05:22:02.997706,2026-06-02 05:22:02.993649,243,66,7,Regular,False,False,False,False,False,True,False,False,66,7,558.7
870.0,CUST_00388,2026-01-07 05:22:02.996493,147.66,2.0,beauty,Wallet,False,transactions,,,,,,,,,265.46999999999997,Q4,1,2026,1,1,Wednesday,0,0,2025-09-16 05:22:02.997893,2026-07-27 05:22:02.992815,112,11,3,Occasional,True,False,False,False,False,False,False,False,11,3,265.46999999999997
871.0,CUST_00298,2026-07-18 05:22:02.996524,53.64,2.0,clothing,Wallet,True,transactions,,,,,,,,,480.36,Q1,0,2026,7,3,Saturday,1,0,2026-01-04 05:22:02.999836,2026-07-18 05:22:02.996524,194,20,4,Occasional,False,False,True,False,False,False,False,False,20,4,480.36
872.0,CUST_00009,2025-12-01 05:22:02.996540,34.72,1.0,,Credit Card,True,transactions,,,,,,,,,663.55,Q1,0,2025,12,4,Monday,0,1,2025-12-01 05:22:02.996540,2026-08-04 05:22:03.002788,0,2,6,Regular,False,False,False,False,False,False,False,False,2,6,663.55
873.0,CUST_00304,2026-03-15 05:22:02.996548,22.79,4.0,toys,Debit Card,False,transactions,,,,,,,,,172.89,Q1,0,2026,3,1,Sunday,1,0,2026-02-26 05:22:02.993779,2026-06-05 05:22:03.000666,17,63,3,Occasional,False,False,False,False,False,False,False,True,63,3,172.89
874.0,CUST_00139,2025-11-13 05:22:02.996556,102.23,4.0,groceries,Debit Card,False,transactions,,,,,,,,,468.51,Q3,0,2025,11,4,Thursday,0,1,2025-09-23 05:22:02.994300,2026-07-17 05:22:03.000947,51,21,4,Occasional,False,False,False,False,True,False,False,False,21,4,468.51
875.0,CUST_00020,2025-10-06 05:22:02.996563,23.74,2.0,toys,Credit Card,False,transactions,,,,,,,,,276.2,Q1,0,2025,10,4,Monday,0,0,2025-10-06 05:22:02.996563,2026-06-05 05:22:02.998939,0,63,5,Occasional,False,False,False,False,False,False,False,True,63,5,276.2
876.0,CUST_00401,2026-03-06 05:22:02.996569,75.77,3.0,,Debit Card,False,transactions,,,,,,,,,866.36,Q2,0,2026,3,1,Friday,0,0,2025-12-02 05:22:02.993748,2026-07-09 05:22:03.001072,94,29,8,Regular,False,False,False,False,False,False,False,False,29,8,866.36
877.0,CUST_00272,2026-06-20 05:22:02.996574,104.94,5.0,beauty,Debit Card,False,transactions,,,,,,,,,308.94,Q3,0,2026,6,2,Saturday,1,0,2026-02-12 05:22:02.991263,2026-06-20 05:22:02.996574,128,48,3,Occasional,True,False,False,False,False,False,False,False,48,3,308.94
878.0,CUST_00321,2025-09-04 05:22:02.996580,41.95,2.0,books,Credit Card,True,transactions,,,,,,,,,392.52,Q1,0,2025,9,3,Thursday,0,0,2025-09-04 05:22:02.996580,2026-06-19 05:22:02.998279,0,49,5,Occasional,False,True,False,False,False,False,False,False,49,5,392.52
879.0,CUST_00351,2025-12-08 05:22:02.996585,37.22,4.0,home  garden,Credit Card,False,transactions,,,,,,,,,824.26,Q1,0,2025,12,4,Monday,0,1,2025-08-08 05:22:03.000714,2026-06-18 05:22:02.994021,121,50,8,Regular,False,False,False,False,False,True,False,False,50,8,824.26
880.0,CUST_00187,2026-03-15 05:22:02.996590,82.19,2.0,groceries,Wallet,False,transactions,,,,,,,,,750.36,Q2,0,2026,3,1,Sunday,1,0,2025-08-25 05:22:02.999141,2026-06-10 05:22:03.000279,201,58,6,Regular,False,False,False,False,True,False,False,False,58,6,750.36
881.0,CUST_00380,2026-07-12 05:22:02.996596,76.84,5.0,home  garden,Credit Card,False,transactions,,,,,,,,,361.22,Q2,0,2026,7,3,Sunday,1,0,2025-10-11 05:22:03.002004,2026-07-12 05:22:02.996596,273,26,3,Occasional,False,False,False,False,False,True,False,False,26,3,361.22
882.0,CUST_00060,2026-07-02 05:22:02.996601,108.38,2.0,toys,PayPal,False,transactions,,,,,,,,,916.01,Q3,0,2026,7,3,Thursday,0,0,2025-10-18 05:22:02.999130,2026-08-01 05:22:02.997695,256,6,10,Regular,False,False,False,False,False,False,False,True,6,10,916.01
883.0,CUST_00383,2025-08-26 05:22:02.996606,80.79,3.0,sports,PayPal,False,transactions,,,,,,,,,517.96,Q2,0,2025,8,3,Tuesday,0,0,2025-08-26 05:22:02.996606,2026-06-22 05:22:02.991692,0,46,4,Occasional,False,False,False,False,False,False,True,False,46,4,517.96
884.0,CUST_00122,2026-01-08 05:22:02.996612,89.03,2.0,groceries,Credit Card,False,transactions,,,,,,,,,413.86,Q2,0,2026,1,1,Thursday,0,0,2025-09-03 05:22:02.996285,2026-05-17 05:22:03.002898,127,81,5,Occasional,False,False,False,False,True,False,False,False,81,5,413.86
885.0,CUST_00249,2026-07-11 05:22:02.996617,142.01,4.0,home  garden,Wallet,False,transactions,,,,,,,,,444.15999999999997,Q4,1,2026,7,3,Saturday,1,0,2025-09-10 05:22:03.002431,2026-07-28 05:22:02.997300,303,10,5,Occasional,False,False,False,False,False,True,False,False,10,5,444.15999999999997
886.0,CUST_00192,2026-05-30 05:22:02.996622,40.13,4.0,sports,PayPal,False,transactions,,,,,,,,,842.55,Q1,0,2026,5,2,Saturday,1,0,2025-08-13 05:22:02.994451,2026-07-26 05:22:03.002614,290,11,10,Regular,False,False,False,False,False,False,True,False,11,10,842.55
887.0,CUST_00066,2026-07-22 05:22:02.996628,150.57,5.0,electronics,Credit Card,True,transactions,,,,,,,,,711.38,Q4,1,2026,7,3,Wednesday,0,0,2025-11-15 05:22:03.002811,2026-07-22 05:22:02.996628,248,16,7,Regular,False,False,False,True,False,False,False,False,16,7,711.38
888.0,CUST_00235,2026-01-05 05:22:02.996633,190.83,2.0,beauty,PayPal,False,transactions,,,,,,,,,568.7,Q4,1,2026,1,1,Monday,0,0,2025-09-16 05:22:02.993330,2026-06-07 05:22:03.000803,111,61,5,Occasional,True,False,False,False,False,False,False,False,61,5,568.7
889.0,CUST_00405,2025-09-15 05:22:02.996638,82.08,5.0,home  garden,Debit Card,False,transactions,,,,,,,,,732.48,Q2,0,2025,9,3,Monday,0,0,2025-08-16 05:22:02.995665,2026-08-04 05:22:02.994934,30,3,5,Occasional,False,False,False,False,False,True,False,False,3,5,732.48
890.0,CUST_00439,2025-11-13 05:22:02.996646,19.96,4.0,sports,Wallet,False,transactions,,,,,,,,,289.96,Q1,0,2025,11,4,Thursday,0,1,2025-08-14 05:22:02.999079,2025-12-10 05:22:03.000167,90,240,5,Occasional,False,False,False,False,False,False,True,False,240,5,289.96
891.0,CUST_00374,2025-12-31 05:22:02.996651,70.13,2.0,sports,Debit Card,True,transactions,,,,,,,,,295.04,Q2,0,2025,12,4,Wednesday,0,1,2025-10-31 05:22:02.997378,2026-08-07 05:22:02.993828,60,0,3,Occasional,False,False,False,False,False,False,True,False,0,3,295.04
892.0,CUST_00303,2026-05-23 05:22:02.996657,114.23,5.0,electronics,Credit Card,False,transactions,,,,,,,,,311.05,Q3,0,2026,5,2,Saturday,1,0,2026-04-19 05:22:03.001067,2026-06-25 05:22:02.993227,33,43,4,Occasional,False,False,False,True,False,False,False,False,43,4,311.05
893.0,CUST_00241,2025-11-22 05:22:02.996662,96.86,1.0,groceries,Wallet,True,transactions,,,,,,,,,854.38,Q3,0,2025,11,4,Saturday,1,1,2025-11-22 05:22:02.996662,2026-07-21 05:22:03.002838,0,16,7,Regular,False,False,False,False,True,False,False,False,16,7,854.38
895.0,CUST_00209,2026-04-18 05:22:02.996673,15.24,2.0,beauty,Credit Card,False,transactions,,,,,,,,,599.54,Q1,0,2026,4,2,Saturday,1,0,2025-08-25 05:22:02.998051,2026-04-23 05:22:03.002142,235,105,8,Regular,True,False,False,False,False,False,False,False,105,8,599.54
896.0,CUST_00343,2026-03-04 05:22:02.996678,214.35,2.0,toys,Credit Card,True,transactions,,,,,,,,,1101.07,Q4,1,2026,3,1,Wednesday,0,0,2025-11-09 05:22:02.992646,2026-07-29 05:22:02.995660,115,9,9,Regular,False,False,False,False,False,False,False,True,9,9,1101.07
897.0,CUST_00238,2026-05-29 05:22:02.996683,123.53,4.0,home  garden,PayPal,False,transactions,,,,,,,,,457.98,Q3,0,2026,5,2,Friday,0,0,2025-10-28 05:22:02.998076,2026-05-29 05:22:02.996683,212,70,4,Occasional,False,False,False,False,False,True,False,False,70,4,457.98
898.0,CUST_00361,2025-09-17 05:22:02.996689,75.27,1.0,clothing,PayPal,False,transactions,,,,,,,,,350.48,Q2,0,2025,9,3,Wednesday,0,0,2025-09-17 05:22:02.996689,2026-04-28 05:22:02.994047,0,101,5,Occasional,False,False,True,False,False,False,False,False,101,5,350.48
899.0,CUST_00152,2026-01-01 05:22:02.996694,29.43,3.0,sports,Credit Card,False,transactions,,,,,,,,,940.64,Q1,0,2026,1,1,Thursday,0,0,2025-09-11 05:22:02.993442,2026-06-16 05:22:02.999768,112,52,9,Regular,False,False,False,False,False,False,True,False,52,9,940.64
900.0,CUST_00172,2026-07-10 05:22:02.996700,177.51,5.0,beauty,Credit Card,False,transactions,,,,,,,,,614.76,Q4,1,2026,7,3,Friday,0,0,2025-12-13 05:22:03.002290,2026-07-10 05:22:02.996700,208,28,5,Occasional,True,False,False,False,False,False,False,False,28,5,614.76
901.0,CUST_00239,2025-09-25 05:22:02.996705,80.78,1.0,beauty,Credit Card,False,transactions,,,,,,,,,288.34000000000003,Q2,0,2025,9,3,Thursday,0,0,2025-09-25 05:22:02.996705,2026-03-03 05:22:02.992717,0,157,3,Occasional,True,False,False,False,False,False,False,False,157,3,288.34000000000003
902.0,CUST_00397,2026-04-25 05:22:02.996716,66.51,2.0,beauty,Credit Card,False,transactions,,,,,,,,,500.53000000000003,Q2,0,2026,4,2,Saturday,1,0,2026-01-25 05:22:03.000063,2026-05-31 05:22:02.993410,89,68,8,Regular,True,False,False,False,False,False,False,False,68,8,500.53000000000003
903.0,CUST_00378,2025-10-14 05:22:02.996722,95.09,2.0,sports,PayPal,False,transactions,,,,,,,,,562.15,Q3,0,2025,10,4,Tuesday,0,0,2025-08-12 05:22:02.995025,2026-06-01 05:22:03.001851,63,66,4,Occasional,False,False,False,False,False,False,True,False,66,4,562.15
904.0,CUST_00217,2026-03-19 05:22:02.996727,100.08,1.0,clothing,Wallet,False,transactions,,,,,,,,,716.43,Q3,0,2026,3,1,Thursday,0,0,2025-10-16 05:22:02.997746,2026-07-27 05:22:02.997724,153,11,8,Regular,False,False,True,False,False,False,False,False,11,8,716.43
905.0,CUST_00270,2026-06-06 05:22:02.996732,36.58,4.0,books,PayPal,True,transactions,,,,,,,,,199.29000000000002,Q1,0,2026,6,2,Saturday,1,0,2025-09-05 05:22:02.995462,2026-06-06 05:22:02.996732,274,62,3,Occasional,False,True,False,False,False,False,False,False,62,3,199.29000000000002
906.0,CUST_00485,2025-08-18 05:22:02.996741,68.31,1.0,sports,Wallet,False,transactions,,,,,,,,,505.88,Q2,0,2025,8,3,Monday,0,0,2025-08-18 05:22:02.996741,2026-07-05 05:22:03.002436,0,32,6,Regular,False,False,False,False,False,False,True,False,32,6,505.88
907.0,CUST_00201,2026-05-08 05:22:02.996746,176.91,3.0,clothing,PayPal,False,transactions,,,,,,,,,364.64,Q4,1,2026,5,2,Friday,0,0,2025-10-10 05:22:03.000638,2026-05-13 05:22:02.998747,209,86,3,Occasional,False,False,True,False,False,False,False,False,86,3,364.64
908.0,CUST_00076,2025-11-26 05:22:02.996752,81.93,2.0,sports,Credit Card,False,transactions,,,,,,,,,703.08,Q2,0,2025,11,4,Wednesday,0,1,2025-09-30 05:22:03.002109,2026-07-10 05:22:02.995884,56,28,8,Regular,False,False,False,False,False,False,True,False,28,8,703.08
909.0,CUST_00497,2025-08-23 05:22:02.996757,56.98,5.0,home  garden,Wallet,False,transactions,,,,,,,,,279.36,Q1,0,2025,8,3,Saturday,1,0,2025-08-23 05:22:02.996757,2026-04-16 05:22:02.999336,0,113,4,Occasional,False,False,False,False,False,True,False,False,113,4,279.36
910.0,CUST_00331,2026-07-28 05:22:02.996765,79.16,3.0,sports,Debit Card,True,transactions,,,,,,,,,922.5600000000001,Q2,0,2026,7,3,Tuesday,0,0,2025-08-17 05:22:02.999884,2026-07-28 05:22:02.996765,344,10,8,Regular,False,False,False,False,False,False,True,False,10,8,922.5600000000001
911.0,CUST_00267,2025-09-11 05:22:02.996773,104.43,3.0,groceries,PayPal,False,transactions,,,,,,,,,758.0699999999999,Q3,0,2025,9,3,Thursday,0,0,2025-09-11 05:22:02.996773,2026-06-04 05:22:03.001316,0,64,6,Regular,False,False,False,False,True,False,False,False,64,6,758.0699999999999
912.0,CUST_00341,2025-08-16 05:22:02.996781,90.75,5.0,toys,Debit Card,True,transactions,,,,,,,,,426.43,Q2,0,2025,8,3,Saturday,1,0,2025-08-16 05:22:02.996781,2026-04-02 05:22:02.998865,0,127,3,Occasional,False,False,False,False,False,False,False,True,127,3,426.43
913.0,CUST_00157,2026-05-12 05:22:02.996787,111.55,3.0,sports,PayPal,True,transactions,,,,,,,,,354.06,Q3,0,2026,5,2,Tuesday,0,0,2025-08-17 05:22:02.994757,2026-05-14 05:22:02.994252,268,85,3,Occasional,False,False,False,False,False,False,True,False,85,3,354.06
914.0,CUST_00025,2026-05-24 05:22:02.996792,72.17,3.0,books,Debit Card,False,transactions,,,,,,,,,203.23000000000002,Q2,0,2026,5,2,Sunday,1,0,2026-01-18 05:22:03.000393,2026-05-24 05:22:02.996792,125,75,3,Occasional,False,True,False,False,False,False,False,False,75,3,203.23000000000002
915.0,CUST_00083,2025-08-08 05:22:02.996797,91.58,5.0,books,Debit Card,True,transactions,,,,,,,,,433.8299999999999,Q2,0,2025,8,3,Friday,0,0,2025-08-08 05:22:02.996797,2026-02-22 05:22:03.002624,0,165,4,Occasional,False,True,False,False,False,False,False,False,165,4,433.8299999999999
916.0,CUST_00355,2025-08-31 05:22:02.996806,77.25,2.0,home  garden,Credit Card,True,transactions,,,,,,,,,768.64,Q2,0,2025,8,3,Sunday,1,0,2025-08-31 05:22:02.996370,2026-06-04 05:22:03.000284,0,64,6,Regular,False,False,False,False,False,True,False,False,64,6,768.64
917.0,CUST_00295,2026-06-04 05:22:02.996811,120.98,4.0,books,Debit Card,False,transactions,,,,,,,,,742.64,Q3,0,2026,6,2,Thursday,0,0,2025-12-31 05:22:02.992052,2026-08-06 05:22:02.996409,155,1,6,Regular,False,True,False,False,False,False,False,False,1,6,742.64
918.0,CUST_00018,2025-09-01 05:22:02.996816,95.86,3.0,beauty,Wallet,False,transactions,,,,,,,,,304.9,Q3,0,2025,9,3,Monday,0,0,2025-09-01 05:22:02.996816,2026-03-15 05:22:02.995494,0,145,4,Occasional,True,False,False,False,False,False,False,False,145,4,304.9
919.0,CUST_00084,2025-11-07 05:22:02.996821,33.13,3.0,clothing,Wallet,True,transactions,,,,,,,,,305.47,Q1,0,2025,11,4,Friday,0,1,2025-09-11 05:22:02.995273,2026-03-01 05:22:02.991198,57,159,3,Occasional,False,False,True,False,False,False,False,False,159,3,305.47
920.0,CUST_00394,2026-05-25 05:22:02.996826,119.92,4.0,beauty,PayPal,False,transactions,,,,,,,,,602.33,Q3,0,2026,5,2,Monday,0,0,2026-02-21 05:22:03.002731,2026-08-04 05:22:02.997832,92,3,6,Regular,True,False,False,False,False,False,False,False,3,6,602.33
921.0,CUST_00152,2025-12-08 05:22:02.996832,121.17,3.0,home  garden,Wallet,False,transactions,,,,,,,,,940.64,Q3,0,2025,12,4,Monday,0,1,2025-09-11 05:22:02.993442,2026-06-16 05:22:02.999768,88,52,9,Regular,False,False,False,False,False,True,False,False,52,9,940.64
924.0,CUST_00329,2026-04-30 05:22:02.996848,129.07,5.0,sports,PayPal,False,transactions,,,,,,,,,784.36,Q3,0,2026,4,2,Thursday,0,0,2025-08-30 05:22:02.999235,2026-07-19 05:22:02.998848,242,19,7,Regular,False,False,False,False,False,False,True,False,19,7,784.36
925.0,CUST_00043,2025-11-05 05:22:02.996853,86.03,4.0,clothing,Wallet,False,transactions,,,,,,,,,421.98,Q2,0,2025,11,4,Wednesday,0,1,2025-11-05 05:22:02.996853,2026-08-01 05:22:03.003062,0,5,5,Occasional,False,False,True,False,False,False,False,False,5,5,421.98
926.0,CUST_00163,2025-10-03 05:22:02.996858,54.83,5.0,electronics,PayPal,False,transactions,,,,,,,,,821.9399999999999,Q1,0,2025,10,4,Friday,0,0,2025-08-09 05:22:02.997491,2026-06-10 05:22:03.000108,54,58,9,Regular,False,False,False,True,False,False,False,False,58,9,821.9399999999999
927.0,CUST_00367,2026-01-01 05:22:02.996864,100.95,3.0,groceries,PayPal,False,transactions,,,,,,,,,817.11,Q3,0,2026,1,1,Thursday,0,0,2025-11-19 05:22:03.002354,2026-07-24 05:22:02.999103,42,14,8,Regular,False,False,False,False,True,False,False,False,14,8,817.11
928.0,CUST_00158,2025-12-22 05:22:02.996869,48.62,5.0,clothing,Wallet,True,transactions,,,,,,,,,550.55,Q1,0,2025,12,4,Monday,0,1,2025-10-16 05:22:02.994959,2026-06-04 05:22:02.996999,67,64,4,Occasional,False,False,True,False,False,False,False,False,64,4,550.55
929.0,CUST_00213,2025-12-24 05:22:02.996877,176.77,3.0,home  garden,Wallet,True,transactions,,,,,,,,,309.11,Q4,1,2025,12,4,Wednesday,0,1,2025-12-24 05:22:02.996877,2026-07-07 05:22:02.991137,0,31,3,Occasional,False,False,False,False,False,True,False,False,31,3,309.11
930.0,CUST_00213,2026-05-28 05:22:02.996882,19.33,5.0,clothing,PayPal,False,transactions,,,,,,,,,309.11,Q1,0,2026,5,2,Thursday,0,0,2025-12-24 05:22:02.996877,2026-07-07 05:22:02.991137,155,31,3,Occasional,False,False,True,False,False,False,False,False,31,3,309.11
931.0,CUST_00445,2025-11-12 05:22:02.996888,154.31,3.0,clothing,Wallet,False,transactions,,,,,,,,,481.37,Q4,1,2025,11,4,Wednesday,0,1,2025-08-25 05:22:02.995170,2025-12-24 05:22:02.994588,79,226,5,Occasional,False,False,True,False,False,False,False,False,226,5,481.37
934.0,CUST_00022,2026-03-06 05:22:02.996903,44.82,5.0,books,Wallet,False,transactions,,,,,,,,,548.63,Q1,0,2026,3,1,Friday,0,0,2025-10-14 05:22:02.995349,2026-03-06 05:22:02.996903,143,154,4,Occasional,False,True,False,False,False,False,False,False,154,4,548.63
935.0,CUST_00406,2026-08-06 05:22:02.996909,30.54,2.0,books,Wallet,False,transactions,,,,,,,,,178.03,Q1,0,2026,8,3,Thursday,0,0,2025-12-02 05:22:03.001469,2026-08-06 05:22:02.996909,246,1,4,Occasional,False,True,False,False,False,False,False,False,1,4,178.03
936.0,CUST_00341,2026-03-13 05:22:02.996916,223.96,4.0,home  garden,Debit Card,False,transactions,,,,,,,,,426.43,Q4,1,2026,3,1,Friday,0,0,2025-08-16 05:22:02.996781,2026-04-02 05:22:02.998865,209,127,3,Occasional,False,False,False,False,False,True,False,False,127,3,426.43
937.0,CUST_00392,2026-03-19 05:22:02.996922,140.21,4.0,clothing,PayPal,False,transactions,,,,,,,,,705.46,Q3,0,2026,3,1,Thursday,0,0,2025-10-17 05:22:02.991142,2026-05-31 05:22:03.003244,153,67,7,Regular,False,False,True,False,False,False,False,False,67,7,705.46
938.0,CUST_00290,2025-12-27 05:22:02.996927,83.26,3.0,toys,Credit Card,False,transactions,,,,,,,,,616.6,Q2,0,2025,12,4,Saturday,1,1,2025-09-04 05:22:02.994815,2026-05-23 05:22:02.995583,114,76,6,Regular,False,False,False,False,False,False,False,True,76,6,616.6
939.0,CUST_00376,2025-10-17 05:22:02.996932,149.2,1.0,books,Credit Card,False,transactions,,,,,,,,,832.61,Q4,1,2025,10,4,Friday,0,0,2025-10-17 05:22:02.996932,2026-06-17 05:22:03.002037,0,50,7,Regular,False,True,False,False,False,False,False,False,50,7,832.61
940.0,CUST_00237,2025-08-18 05:22:02.996938,47.9,2.0,beauty,PayPal,False,transactions,,,,,,,,,252.44,Q1,0,2025,8,3,Monday,0,0,2025-08-10 05:22:02.993121,2026-02-14 05:22:02.998591,8,174,4,Occasional,True,False,False,False,False,False,False,False,174,4,252.44
941.0,CUST_00326,2026-02-06 05:22:02.996943,142.4,1.0,books,Credit Card,False,transactions,,,,,,,,,351.25,Q4,1,2026,2,1,Friday,0,0,2025-09-27 05:22:03.002494,2026-02-06 05:22:02.996943,131,182,4,Occasional,False,True,False,False,False,False,False,False,182,4,351.25
942.0,CUST_00393,2025-09-20 05:22:02.996948,40.01,2.0,clothing,Debit Card,False,transactions,,,,,,,,,1145.53,Q1,0,2025,9,3,Saturday,1,0,2025-08-22 05:22:03.002710,2026-06-10 05:22:02.999544,28,58,10,Regular,False,False,True,False,False,False,False,False,58,10,1145.53
943.0,CUST_00447,2026-02-27 05:22:02.996959,149.72,3.0,books,PayPal,False,transactions,,,,,,,,,149.72,Q4,1,2026,2,1,Friday,0,0,2026-02-27 05:22:02.996959,2026-02-27 05:22:02.996959,0,161,1,One-time,False,True,False,False,False,False,False,False,161,1,149.72
944.0,CUST_00297,2026-02-08 05:22:02.996964,74.18,2.0,electronics,PayPal,False,transactions,,,,,,,,,533.72,Q2,0,2026,2,1,Sunday,1,0,2026-01-12 05:22:02.994791,2026-07-31 05:22:02.997031,27,7,4,Occasional,False,False,False,True,False,False,False,False,7,4,533.72
945.0,CUST_00249,2026-01-09 05:22:02.996970,111.33,3.0,home  garden,Debit Card,False,transactions,,,,,,,,,444.15999999999997,Q3,0,2026,1,1,Friday,0,0,2025-09-10 05:22:03.002431,2026-07-28 05:22:02.997300,120,10,5,Occasional,False,False,False,False,False,True,False,False,10,5,444.15999999999997
946.0,CUST_00426,2026-05-03 05:22:02.996975,114.02,5.0,clothing,Credit Card,False,transactions,,,,,,,,,236.79,Q3,0,2026,5,2,Sunday,1,0,2025-09-01 05:22:02.998779,2026-05-03 05:22:02.996975,243,96,2,Occasional,False,False,True,False,False,False,False,False,96,2,236.79
948.0,CUST_00227,2025-10-06 05:22:02.996986,133.26,5.0,beauty,PayPal,False,transactions,,,,,,,,,785.0,Q3,0,2025,10,4,Monday,0,0,2025-08-27 05:22:02.991067,2026-05-25 05:22:02.997848,40,74,7,Regular,True,False,False,False,False,False,False,False,74,7,785.0
949.0,CUST_00418,2026-06-08 05:22:02.996994,182.14,2.0,home  garden,Debit Card,False,transactions,,,,,,,,,994.5699999999999,Q4,1,2026,6,2,Monday,0,0,2025-09-27 05:22:02.998165,2026-07-23 05:22:02.995698,253,15,7,Regular,False,False,False,False,False,True,False,False,15,7,994.5699999999999
950.0,CUST_00158,2026-06-04 05:22:02.996999,130.98,2.0,home  garden,Wallet,False,transactions,,,,,,,,,550.55,Q3,0,2026,6,2,Thursday,0,0,2025-10-16 05:22:02.994959,2026-06-04 05:22:02.996999,231,64,4,Occasional,False,False,False,False,False,True,False,False,64,4,550.55
951.0,CUST_00402,2026-06-11 05:22:02.997004,88.64,1.0,electronics,Wallet,False,transactions,,,,,,,,,123.48,Q2,0,2026,6,2,Thursday,0,0,2026-06-11 05:22:02.997004,2026-07-16 05:22:03.000417,0,22,2,Occasional,False,False,False,True,False,False,False,False,22,2,123.48
952.0,CUST_00056,2026-07-22 05:22:02.997010,78.66,5.0,electronics,PayPal,False,transactions,,,,,,,,,322.91999999999996,Q2,0,2026,7,3,Wednesday,0,0,2025-08-24 05:22:03.000520,2026-07-22 05:22:02.997010,331,16,4,Occasional,False,False,False,True,False,False,False,False,16,4,322.91999999999996
953.0,CUST_00155,2025-08-31 05:22:02.997015,78.42,1.0,clothing,Debit Card,False,transactions,,,,,,,,,504.53,Q2,0,2025,8,3,Sunday,1,0,2025-08-31 05:22:02.997015,2026-03-23 05:22:02.993076,0,137,7,Regular,False,False,True,False,False,False,False,False,137,7,504.53
954.0,CUST_00103,2026-05-05 05:22:02.997020,146.98,3.0,electronics,PayPal,True,transactions,,,,,,,,,908.8100000000001,Q4,1,2026,5,2,Tuesday,0,0,2026-03-26 05:22:02.994312,2026-06-22 05:22:02.998768,40,46,6,Regular,False,False,False,True,False,False,False,False,46,6,908.8100000000001
955.0,CUST_00179,2026-02-08 05:22:02.997025,244.59,2.0,sports,Credit Card,False,transactions,,,,,,,,,788.22,Q4,1,2026,2,1,Sunday,1,0,2026-02-04 05:22:02.999847,2026-07-25 05:22:03.001062,3,13,7,Regular,False,False,False,False,False,False,True,False,13,7,788.22
956.0,CUST_00297,2026-07-31 05:22:02.997031,249.59,5.0,sports,PayPal,False,transactions,,,,,,,,,533.72,Q4,1,2026,7,3,Friday,0,0,2026-01-12 05:22:02.994791,2026-07-31 05:22:02.997031,200,7,4,Occasional,False,False,False,False,False,False,True,False,7,4,533.72
957.0,CUST_00387,2025-11-05 05:22:02.997036,77.06,1.0,clothing,Wallet,False,transactions,,,,,,,,,77.06,Q2,0,2025,11,4,Wednesday,0,1,2025-11-05 05:22:02.997036,2025-11-05 05:22:02.997036,0,275,1,One-time,False,False,True,False,False,False,False,False,275,1,77.06
958.0,CUST_00302,2026-05-05 05:22:02.997041,165.25,4.0,clothing,PayPal,True,transactions,,,,,,,,,874.78,Q4,1,2026,5,2,Tuesday,0,0,2025-09-04 05:22:02.995872,2026-05-10 05:22:02.993823,243,89,7,Regular,False,False,True,False,False,False,False,False,89,7,874.78
959.0,CUST_00218,2026-04-20 05:22:02.997046,66.32,5.0,sports,PayPal,False,transactions,,,,,,,,,381.53000000000003,Q2,0,2026,4,2,Monday,0,0,2025-08-14 05:22:03.001610,2026-06-16 05:22:02.993277,248,52,4,Occasional,False,False,False,False,False,False,True,False,52,4,381.53000000000003
960.0,CUST_00057,2025-11-14 05:22:02.997051,211.57,2.0,toys,PayPal,False,transactions,,,,,,,,,429.26,Q4,1,2025,11,4,Friday,0,1,2025-11-14 05:22:02.997051,2026-06-02 05:22:02.998649,0,66,4,Occasional,False,False,False,False,False,False,False,True,66,4,429.26
961.0,CUST_00021,2026-06-26 05:22:02.997056,70.42,3.0,toys,PayPal,False,transactions,,,,,,,,,280.83,Q2,0,2026,6,2,Friday,0,0,2025-10-31 05:22:02.994318,2026-06-26 05:22:02.997056,238,42,3,Occasional,False,False,False,False,False,False,False,True,42,3,280.83
962.0,CUST_00377,2026-03-01 05:22:02.997062,228.77,4.0,sports,PayPal,True,transactions,,,,,,,,,1291.2,Q4,1,2026,3,1,Sunday,1,0,2025-11-12 05:22:02.995617,2026-07-07 05:22:02.992600,109,31,9,Regular,False,False,False,False,False,False,True,False,31,9,1291.2
963.0,CUST_00220,2026-05-03 05:22:02.997067,161.45,1.0,toys,PayPal,False,transactions,,,,,,,,,919.2,Q4,1,2026,5,2,Sunday,1,0,2026-01-20 05:22:02.993206,2026-05-30 05:22:02.991164,103,69,7,Regular,False,False,False,False,False,False,False,True,69,7,919.2
964.0,CUST_00346,2025-11-29 05:22:02.997072,70.67,1.0,groceries,Credit Card,False,transactions,,,,,,,,,315.64,Q2,0,2025,11,4,Saturday,1,1,2025-11-29 05:22:02.997072,2026-07-20 05:22:02.995014,0,18,5,Occasional,False,False,False,False,True,False,False,False,18,5,315.64
965.0,CUST_00203,2026-01-14 05:22:02.997077,175.92,5.0,clothing,Debit Card,False,transactions,,,,,,,,,479.35,Q4,1,2026,1,1,Wednesday,0,0,2025-08-15 05:22:02.998114,2026-07-19 05:22:03.001094,151,19,6,Regular,False,False,True,False,False,False,False,False,19,6,479.35
966.0,CUST_00500,2026-04-28 05:22:02.997083,78.95,3.0,sports,Wallet,False,transactions,,,,,,,,,141.94,Q2,0,2026,4,2,Tuesday,0,0,2025-10-16 05:22:02.993553,2026-04-28 05:22:02.997083,194,101,2,Occasional,False,False,False,False,False,False,True,False,101,2,141.94
968.0,CUST_00411,2025-09-12 05:22:02.997098,89.97,4.0,beauty,Wallet,True,transactions,,,,,,,,,672.35,Q2,0,2025,9,3,Friday,0,0,2025-09-01 05:22:02.992733,2026-04-22 05:22:03.002817,11,106,8,Regular,True,False,False,False,False,False,False,False,106,8,672.35
969.0,CUST_00262,2026-03-18 05:22:02.997104,93.51,2.0,toys,PayPal,False,transactions,,,,,,,,,221.04000000000002,Q3,0,2026,3,1,Wednesday,0,0,2025-10-27 05:22:02.995536,2026-03-18 05:22:02.997104,142,142,2,Occasional,False,False,False,False,False,False,False,True,142,2,221.04000000000002
970.0,CUST_00119,2025-09-20 05:22:02.997111,121.65,2.0,electronics,Credit Card,True,transactions,,,,,,,,,369.5,Q3,0,2025,9,3,Saturday,1,0,2025-08-21 05:22:02.995748,2026-04-16 05:22:02.999571,30,113,5,Occasional,False,False,False,True,False,False,False,False,113,5,369.5
971.0,CUST_00256,2025-08-25 05:22:02.997117,34.04,1.0,home  garden,PayPal,False,transactions,,,,,,,,,272.3,Q1,0,2025,8,3,Monday,0,0,2025-08-25 05:22:02.997117,2026-06-22 05:22:03.003292,0,45,3,Occasional,False,False,False,False,False,True,False,False,45,3,272.3
972.0,CUST_00319,2025-09-22 05:22:02.997123,173.84,1.0,clothing,Wallet,True,transactions,,,,,,,,,471.9,Q4,1,2025,9,3,Monday,0,0,2025-08-30 05:22:03.003435,2026-06-13 05:22:03.000314,22,55,5,Occasional,False,False,True,False,False,False,False,False,55,5,471.9
973.0,CUST_00104,2026-03-10 05:22:02.997128,43.79,4.0,toys,PayPal,True,transactions,,,,,,,,,330.49,Q1,0,2026,3,1,Tuesday,0,0,2025-11-13 05:22:02.994902,2026-07-16 05:22:02.992287,117,22,6,Regular,False,False,False,False,False,False,False,True,22,6,330.49
974.0,CUST_00277,2025-11-01 05:22:02.997134,230.98,1.0,electronics,Credit Card,False,transactions,,,,,,,,,673.65,Q4,1,2025,11,4,Saturday,1,1,2025-08-24 05:22:03.003254,2026-04-06 05:22:02.999095,68,123,5,Occasional,False,False,False,True,False,False,False,False,123,5,673.65
975.0,CUST_00162,2026-01-27 05:22:02.997139,98.96,4.0,,Debit Card,False,transactions,,,,,,,,,592.21,Q3,0,2026,1,1,Tuesday,0,0,2025-11-09 05:22:02.996313,2026-06-21 05:22:02.999939,79,47,5,Occasional,False,False,False,False,False,False,False,False,47,5,592.21
976.0,CUST_00441,2026-03-05 05:22:02.997144,157.21,2.0,toys,PayPal,True,transactions,,,,,,,,,726.8,Q4,1,2026,3,1,Thursday,0,0,2025-10-20 05:22:02.993452,2026-06-14 05:22:02.991097,136,54,6,Regular,False,False,False,False,False,False,False,True,54,6,726.8
977.0,CUST_00250,2026-06-12 05:22:02.997151,133.82,5.0,toys,Wallet,False,transactions,,,,,,,,,429.32,Q3,0,2026,6,2,Friday,0,0,2025-12-26 05:22:03.001292,2026-06-12 05:22:02.997151,167,56,5,Occasional,False,False,False,False,False,False,False,True,56,5,429.32
979.0,CUST_00194,2025-09-26 05:22:02.997162,19.64,3.0,books,Credit Card,False,transactions,,,,,,,,,657.15,Q1,0,2025,9,3,Friday,0,0,2025-09-06 05:22:03.001479,2026-06-26 05:22:03.003380,19,41,5,Occasional,False,True,False,False,False,False,False,False,41,5,657.15
980.0,CUST_00066,2026-02-01 05:22:02.997168,65.4,3.0,electronics,PayPal,False,transactions,,,,,,,,,711.38,Q2,0,2026,2,1,Sunday,1,0,2025-11-15 05:22:03.002811,2026-07-22 05:22:02.996628,77,16,7,Regular,False,False,False,True,False,False,False,False,16,7,711.38
981.0,CUST_00220,2026-02-12 05:22:02.997173,135.76,3.0,groceries,Debit Card,False,transactions,,,,,,,,,919.2,Q3,0,2026,2,1,Thursday,0,0,2026-01-20 05:22:02.993206,2026-05-30 05:22:02.991164,23,69,7,Regular,False,False,False,False,True,False,False,False,69,7,919.2
982.0,CUST_00332,2026-03-01 05:22:02.997179,32.06,5.0,clothing,Credit Card,True,transactions,,,,,,,,,179.9,Q1,0,2026,3,1,Sunday,1,0,2025-09-17 05:22:03.003297,2026-03-01 05:22:02.997179,164,159,3,Occasional,False,False,True,False,False,False,False,False,159,3,179.9
983.0,CUST_00059,2026-02-16 05:22:02.997190,226.23,2.0,electronics,Credit Card,False,transactions,,,,,,,,,289.21999999999997,Q4,1,2026,2,1,Monday,0,0,2026-02-16 05:22:02.997190,2026-06-19 05:22:02.994446,0,49,2,Occasional,False,False,False,True,False,False,False,False,49,2,289.21999999999997
984.0,CUST_00443,2026-01-03 05:22:02.997195,141.66,5.0,groceries,Wallet,False,transactions,,,,,,,,,363.71999999999997,Q4,1,2026,1,1,Saturday,1,0,2025-11-13 05:22:02.996030,2026-05-01 05:22:03.002312,51,97,4,Occasional,False,False,False,False,True,False,False,False,97,4,363.71999999999997
985.0,CUST_00163,2026-01-26 05:22:02.997200,76.16,5.0,groceries,Credit Card,True,transactions,,,,,,,,,821.9399999999999,Q2,0,2026,1,1,Monday,0,0,2025-08-09 05:22:02.997491,2026-06-10 05:22:03.000108,169,58,9,Regular,False,False,False,False,True,False,False,False,58,9,821.9399999999999
986.0,CUST_00052,2025-08-19 05:22:02.997206,114.86,2.0,beauty,PayPal,False,transactions,,,,,,,,,461.03,Q3,0,2025,8,3,Tuesday,0,0,2025-08-19 05:22:02.997206,2026-05-04 05:22:03.001907,0,94,4,Occasional,True,False,False,False,False,False,False,False,94,4,461.03
987.0,CUST_00154,2026-02-02 05:22:02.997211,64.56,4.0,sports,Credit Card,True,transactions,,,,,,,,,632.98,Q2,0,2026,2,1,Monday,0,0,2025-09-14 05:22:02.991724,2026-03-25 05:22:03.002540,141,134,6,Regular,False,False,False,False,False,False,True,False,134,6,632.98
988.0,CUST_00275,2026-04-20 05:22:02.997219,18.35,3.0,,Wallet,True,transactions,,,,,,,,,425.59000000000003,Q1,0,2026,4,2,Monday,0,0,2025-08-20 05:22:03.000091,2026-06-05 05:22:02.991779,242,63,6,Regular,False,False,False,False,False,False,False,False,63,6,425.59000000000003
989.0,CUST_00320,2026-06-21 05:22:02.997225,71.81,5.0,clothing,PayPal,False,transactions,,,,,,,,,372.1,Q2,0,2026,6,2,Sunday,1,0,2026-06-21 05:22:02.997225,2026-07-25 05:22:02.996254,0,13,3,Occasional,False,False,True,False,False,False,False,False,13,3,372.1
990.0,CUST_00411,2025-11-09 05:22:02.997230,22.12,4.0,groceries,Credit Card,False,transactions,,,,,,,,,672.35,Q1,0,2025,11,4,Sunday,1,1,2025-09-01 05:22:02.992733,2026-04-22 05:22:03.002817,69,106,8,Regular,False,False,False,False,True,False,False,False,106,8,672.35
991.0,CUST_00155,2025-11-22 05:22:02.997239,79.8,3.0,groceries,PayPal,False,transactions,,,,,,,,,504.53,Q2,0,2025,11,4,Saturday,1,1,2025-08-31 05:22:02.997015,2026-03-23 05:22:02.993076,83,137,7,Regular,False,False,False,False,True,False,False,False,137,7,504.53
992.0,CUST_00206,2026-04-01 05:22:02.997246,99.85,5.0,toys,Debit Card,True,transactions,,,,,,,,,1233.1399999999999,Q3,0,2026,4,2,Wednesday,0,0,2025-09-25 05:22:02.999905,2026-06-26 05:22:02.993468,187,42,8,Regular,False,False,False,False,False,False,False,True,42,8,1233.1399999999999
993.0,CUST_00322,2025-08-12 05:22:02.997252,188.63,5.0,home  garden,Debit Card,False,transactions,,,,,,,,,405.48,Q4,1,2025,8,3,Tuesday,0,0,2025-08-12 05:22:02.997252,2026-08-03 05:22:03.001348,0,4,3,Occasional,False,False,False,False,False,True,False,False,4,3,405.48
994.0,CUST_00422,2025-12-11 05:22:02.997257,18.53,3.0,groceries,Credit Card,False,transactions,,,,,,,,,1100.56,Q1,0,2025,12,4,Thursday,0,1,2025-09-09 05:22:02.994639,2026-05-25 05:22:02.994987,93,74,10,Regular,False,False,False,False,True,False,False,False,74,10,1100.56
995.0,CUST_00187,2025-12-14 05:22:02.997263,134.2,2.0,sports,PayPal,True,transactions,,,,,,,,,750.36,Q3,0,2025,12,4,Sunday,1,1,2025-08-25 05:22:02.999141,2026-06-10 05:22:03.000279,110,58,6,Regular,False,False,False,False,False,False,True,False,58,6,750.36
996.0,CUST_00211,2026-02-25 05:22:02.997268,188.43,1.0,sports,PayPal,True,transactions,,,,,,,,,501.6,Q4,1,2026,2,1,Wednesday,0,0,2025-12-14 05:22:03.000719,2026-05-03 05:22:03.002296,72,95,5,Occasional,False,False,False,False,False,False,True,False,95,5,501.6
997.0,CUST_00331,2026-05-17 05:22:02.997273,276.61,3.0,sports,Credit Card,False,transactions,,,,,,,,,922.5600000000001,Q4,1,2026,5,2,Sunday,1,0,2025-08-17 05:22:02.999884,2026-07-28 05:22:02.996765,272,10,8,Regular,False,False,False,False,False,False,True,False,10,8,922.5600000000001
998.0,CUST_00015,2026-04-04 05:22:02.997278,47.76,3.0,toys,Wallet,False,transactions,,,,,,,,,177.9,Q1,0,2026,4,2,Saturday,1,0,2026-01-20 05:22:02.991153,2026-04-04 05:22:02.997278,74,125,3,Occasional,False,False,False,False,False,False,False,True,125,3,177.9
999.0,CUST_00464,2026-07-20 05:22:02.997284,64.57,2.0,home  garden,Credit Card,False,transactions,,,,,,,,,276.76,Q2,0,2026,7,3,Monday,0,0,2025-10-21 05:22:03.003313,2026-07-20 05:22:02.997284,271,18,3,Occasional,False,False,False,False,False,True,False,False,18,3,276.76
1000.0,CUST_00412,2026-03-18 05:22:02.997294,197.14,5.0,home  garden,Credit Card,True,transactions,,,,,,,,,455.99,Q4,1,2026,3,1,Wednesday,0,0,2025-11-16 05:22:02.993589,2026-03-18 05:22:02.997294,122,142,3,Occasional,False,False,False,False,False,True,False,False,142,3,455.99
1001.0,CUST_00249,2026-07-28 05:22:02.997300,52.04,1.0,clothing,PayPal,True,transactions,,,,,,,,,444.15999999999997,Q1,0,2026,7,3,Tuesday,0,0,2025-09-10 05:22:03.002431,2026-07-28 05:22:02.997300,320,10,5,Occasional,False,False,True,False,False,False,False,False,10,5,444.15999999999997
1002.0,CUST_00462,2026-01-11 05:22:02.997305,232.26,3.0,clothing,Debit Card,False,transactions,,,,,,,,,756.66,Q4,1,2026,1,1,Sunday,1,0,2025-09-27 05:22:02.994907,2026-01-11 05:22:02.997305,106,208,6,Regular,False,False,True,False,False,False,False,False,208,6,756.66
1003.0,CUST_00293,2025-11-24 05:22:02.997310,64.89,1.0,books,Credit Card,False,transactions,,,,,,,,,480.06,Q2,0,2025,11,4,Monday,0,1,2025-10-30 05:22:02.993901,2026-05-07 05:22:02.997577,25,92,3,Occasional,False,True,False,False,False,False,False,False,92,3,480.06
1004.0,CUST_00063,2026-02-28 05:22:02.997316,231.23,3.0,groceries,Debit Card,True,transactions,,,,,,,,,363.51,Q4,1,2026,2,1,Saturday,1,0,2025-12-18 05:22:02.991872,2026-07-14 05:22:02.992245,72,24,3,Occasional,False,False,False,False,True,False,False,False,24,3,363.51
1005.0,CUST_00112,2026-05-26 05:22:02.997322,64.18,1.0,home  garden,PayPal,False,transactions,,,,,,,,,396.09000000000003,Q2,0,2026,5,2,Tuesday,0,0,2025-10-08 05:22:02.999661,2026-05-26 05:22:02.997322,229,73,4,Occasional,False,False,False,False,False,True,False,False,73,4,396.09000000000003
1007.0,CUST_00217,2025-12-07 05:22:02.997334,218.45,2.0,books,Debit Card,False,transactions,,,,,,,,,716.43,Q4,1,2025,12,4,Sunday,1,1,2025-10-16 05:22:02.997746,2026-07-27 05:22:02.997724,51,11,8,Regular,False,True,False,False,False,False,False,False,11,8,716.43
1008.0,CUST_00367,2026-01-31 05:22:02.997340,90.64,3.0,electronics,Credit Card,True,transactions,,,,,,,,,817.11,Q2,0,2026,1,1,Saturday,1,0,2025-11-19 05:22:03.002354,2026-07-24 05:22:02.999103,72,14,8,Regular,False,False,False,True,False,False,False,False,14,8,817.11
1010.0,CUST_00359,2026-02-03 05:22:02.997351,93.99,1.0,sports,Wallet,False,transactions,,,,,,,,,501.77,Q3,0,2026,2,1,Tuesday,0,0,2026-01-13 05:22:02.991547,2026-07-28 05:22:02.999251,21,10,4,Occasional,False,False,False,False,False,False,True,False,10,4,501.77
1011.0,CUST_00492,2026-01-18 05:22:02.997356,121.74,3.0,books,Debit Card,False,transactions,,,,,,,,,877.08,Q3,0,2026,1,1,Sunday,1,0,2025-09-12 05:22:02.999432,2026-05-13 05:22:03.003141,127,85,8,Regular,False,True,False,False,False,False,False,False,85,8,877.08
1012.0,CUST_00441,2026-05-17 05:22:02.997361,185.62,4.0,beauty,Wallet,True,transactions,,,,,,,,,726.8,Q4,1,2026,5,2,Sunday,1,0,2025-10-20 05:22:02.993452,2026-06-14 05:22:02.991097,209,54,6,Regular,True,False,False,False,False,False,False,False,54,6,726.8
1013.0,CUST_00141,2026-06-27 05:22:02.997367,148.62,4.0,toys,PayPal,True,transactions,,,,,,,,,507.9,Q4,1,2026,6,2,Saturday,1,0,2026-01-04 05:22:03.000362,2026-06-27 05:22:02.997367,173,41,6,Regular,False,False,False,False,False,False,False,True,41,6,507.9
1014.0,CUST_00449,2026-06-17 05:22:02.997372,178.83,2.0,books,PayPal,False,transactions,,,,,,,,,618.48,Q4,1,2026,6,2,Wednesday,0,0,2025-11-11 05:22:03.000633,2026-06-17 05:22:02.997372,217,51,6,Regular,False,True,False,False,False,False,False,False,51,6,618.48
1015.0,CUST_00374,2025-10-31 05:22:02.997378,115.76,3.0,toys,Credit Card,False,transactions,,,,,,,,,295.04,Q3,0,2025,10,4,Friday,0,0,2025-10-31 05:22:02.997378,2026-08-07 05:22:02.993828,0,0,3,Occasional,False,False,False,False,False,False,False,True,0,3,295.04
1016.0,CUST_00095,2025-09-19 05:22:02.997384,77.51,4.0,,Debit Card,False,transactions,,,,,,,,,200.86,Q2,0,2025,9,3,Friday,0,0,2025-09-19 05:22:02.997384,2026-07-27 05:22:02.995205,0,11,2,Occasional,False,False,False,False,False,False,False,False,11,2,200.86
1017.0,CUST_00161,2025-10-17 05:22:02.997389,119.11,1.0,clothing,Debit Card,True,transactions,,,,,,,,,787.8,Q3,0,2025,10,4,Friday,0,0,2025-09-23 05:22:03.003130,2026-05-11 05:22:02.992605,23,88,6,Regular,False,False,True,False,False,False,False,False,88,6,787.8
1018.0,CUST_00352,2026-01-09 05:22:02.997395,167.49,3.0,toys,Debit Card,False,transactions,,,,,,,,,794.77,Q4,1,2026,1,1,Friday,0,0,2025-10-08 05:22:02.997400,2026-05-12 05:22:03.001875,92,86,7,Regular,False,False,False,False,False,False,False,True,86,7,794.77
1019.0,CUST_00352,2025-10-08 05:22:02.997400,183.6,3.0,books,Wallet,False,transactions,,,,,,,,,794.77,Q4,1,2025,10,4,Wednesday,0,0,2025-10-08 05:22:02.997400,2026-05-12 05:22:03.001875,0,86,7,Regular,False,True,False,False,False,False,False,False,86,7,794.77
1020.0,CUST_00202,2026-01-26 05:22:02.997405,77.26,5.0,,Credit Card,True,transactions,,,,,,,,,478.13,Q2,0,2026,1,1,Monday,0,0,2025-08-14 05:22:02.993654,2026-05-19 05:22:02.995687,165,80,4,Occasional,False,False,False,False,False,False,False,False,80,4,478.13
1021.0,CUST_00332,2025-09-28 05:22:02.997410,117.02,2.0,clothing,Debit Card,False,transactions,,,,,,,,,179.9,Q3,0,2025,9,3,Sunday,1,0,2025-09-17 05:22:03.003297,2026-03-01 05:22:02.997179,10,159,3,Occasional,False,False,True,False,False,False,False,False,159,3,179.9
1022.0,CUST_00437,2026-05-13 05:22:02.997416,180.54,1.0,groceries,PayPal,False,transactions,,,,,,,,,711.62,Q4,1,2026,5,2,Wednesday,0,0,2026-01-04 05:22:03.000162,2026-07-03 05:22:02.995284,128,35,7,Regular,False,False,False,False,True,False,False,False,35,7,711.62
1024.0,CUST_00476,2025-12-18 05:22:02.997426,74.02,4.0,clothing,Debit Card,False,transactions,,,,,,,,,74.02,Q2,0,2025,12,4,Thursday,0,1,2025-12-18 05:22:02.997426,2025-12-18 05:22:02.997426,0,232,1,One-time,False,False,True,False,False,False,False,False,232,1,74.02
1025.0,CUST_00442,2026-03-24 05:22:02.997431,92.66,3.0,toys,Wallet,True,transactions,,,,,,,,,761.14,Q3,0,2026,3,1,Tuesday,0,0,2026-01-24 05:22:03.001051,2026-07-17 05:22:02.992046,58,21,7,Regular,False,False,False,False,False,False,False,True,21,7,761.14
1026.0,CUST_00308,2026-04-19 05:22:02.997437,33.36,3.0,sports,Wallet,True,transactions,,,,,,,,,365.07,Q1,0,2026,4,2,Sunday,1,0,2025-12-24 05:22:02.995478,2026-06-07 05:22:02.991209,116,61,4,Occasional,False,False,False,False,False,False,True,False,61,4,365.07
1027.0,CUST_00015,2026-03-12 05:22:02.997444,87.83,3.0,sports,Debit Card,False,transactions,,,,,,,,,177.9,Q2,0,2026,3,1,Thursday,0,0,2026-01-20 05:22:02.991153,2026-04-04 05:22:02.997278,51,125,3,Occasional,False,False,False,False,False,False,True,False,125,3,177.9
1028.0,CUST_00351,2025-09-10 05:22:02.997449,118.85,4.0,,Debit Card,True,transactions,,,,,,,,,824.26,Q3,0,2025,9,3,Wednesday,0,0,2025-08-08 05:22:03.000714,2026-06-18 05:22:02.994021,32,50,8,Regular,False,False,False,False,False,False,False,False,50,8,824.26
1029.0,CUST_00499,2025-08-18 05:22:02.997455,95.56,4.0,sports,Wallet,True,transactions,,,,,,,,,498.2,Q3,0,2025,8,3,Monday,0,0,2025-08-18 05:22:02.997455,2026-07-11 05:22:02.991286,0,27,4,Occasional,False,False,False,False,False,False,True,False,27,4,498.2
1030.0,CUST_00132,2026-07-01 05:22:02.997465,53.66,1.0,electronics,Debit Card,False,transactions,,,,,,,,,111.1,Q1,0,2026,7,3,Wednesday,0,0,2025-09-01 05:22:02.999108,2026-07-01 05:22:02.997465,302,37,2,Occasional,False,False,False,True,False,False,False,False,37,2,111.1
1031.0,CUST_00182,2025-10-01 05:22:02.997471,87.44,5.0,,Wallet,False,transactions,,,,,,,,,567.61,Q2,0,2025,10,4,Wednesday,0,0,2025-10-01 05:22:02.997471,2026-06-03 05:22:03.001244,0,65,6,Regular,False,False,False,False,False,False,False,False,65,6,567.61
1032.0,CUST_00203,2025-08-29 05:22:02.997477,48.26,3.0,home  garden,Credit Card,False,transactions,,,,,,,,,479.35,Q1,0,2025,8,3,Friday,0,0,2025-08-15 05:22:02.998114,2026-07-19 05:22:03.001094,13,19,6,Regular,False,False,False,False,False,True,False,False,19,6,479.35
1033.0,CUST_00134,2026-05-13 05:22:02.997486,227.21,5.0,toys,Wallet,False,transactions,,,,,,,,,329.54,Q4,1,2026,5,2,Wednesday,0,0,2025-08-14 05:22:02.996274,2026-05-13 05:22:02.997486,272,86,3,Occasional,False,False,False,False,False,False,False,True,86,3,329.54
1034.0,CUST_00163,2025-08-09 05:22:02.997491,136.78,5.0,groceries,Credit Card,False,transactions,,,,,,,,,821.9399999999999,Q3,0,2025,8,3,Saturday,1,0,2025-08-09 05:22:02.997491,2026-06-10 05:22:03.000108,0,58,9,Regular,False,False,False,False,True,False,False,False,58,9,821.9399999999999
1035.0,CUST_00066,2025-11-25 05:22:02.997525,80.89,3.0,beauty,PayPal,True,transactions,,,,,,,,,711.38,Q2,0,2025,11,4,Tuesday,0,1,2025-11-15 05:22:03.002811,2026-07-22 05:22:02.996628,9,16,7,Regular,True,False,False,False,False,False,False,False,16,7,711.38
1036.0,CUST_00135,2025-09-28 05:22:02.997538,70.63,3.0,beauty,Debit Card,False,transactions,,,,,,,,,654.96,Q2,0,2025,9,3,Sunday,1,0,2025-08-23 05:22:03.000023,2026-06-25 05:22:02.995605,35,43,6,Regular,True,False,False,False,False,False,False,False,43,6,654.96
1037.0,CUST_00252,2026-05-22 05:22:02.997546,181.35,5.0,toys,Debit Card,False,transactions,,,,,,,,,621.14,Q4,1,2026,5,2,Friday,0,0,2025-12-06 05:22:02.995262,2026-06-17 05:22:02.997778,167,51,5,Occasional,False,False,False,False,False,False,False,True,51,5,621.14
1038.0,CUST_00094,2026-07-20 05:22:02.997554,25.54,4.0,books,Wallet,False,transactions,,,,,,,,,53.96,Q1,0,2026,7,3,Monday,0,0,2026-01-18 05:22:02.997677,2026-07-20 05:22:02.997554,182,18,2,Occasional,False,True,False,False,False,False,False,False,18,2,53.96
1039.0,CUST_00459,2025-11-27 05:22:02.997560,274.62,1.0,toys,Wallet,False,transactions,,,,,,,,,565.72,Q4,1,2025,11,4,Thursday,0,1,2025-08-16 05:22:02.998141,2026-07-20 05:22:03.000534,102,18,4,Occasional,False,False,False,False,False,False,False,True,18,4,565.72
1040.0,CUST_00058,2026-05-24 05:22:02.997565,213.02,1.0,beauty,PayPal,False,transactions,,,,,,,,,777.66,Q4,1,2026,5,2,Sunday,1,0,2025-10-02 05:22:02.996267,2026-07-30 05:22:02.997713,234,8,6,Regular,True,False,False,False,False,False,False,False,8,6,777.66
1041.0,CUST_00087,2025-11-20 05:22:02.997571,39.62,3.0,sports,Credit Card,False,transactions,,,,,,,,,385.53000000000003,Q1,0,2025,11,4,Thursday,0,1,2025-08-09 05:22:03.003041,2026-04-04 05:22:02.998092,102,125,5,Occasional,False,False,False,False,False,False,True,False,125,5,385.53000000000003
1042.0,CUST_00293,2026-05-07 05:22:02.997577,144.37,4.0,clothing,Wallet,False,transactions,,,,,,,,,480.06,Q4,1,2026,5,2,Thursday,0,0,2025-10-30 05:22:02.993901,2026-05-07 05:22:02.997577,189,92,3,Occasional,False,False,True,False,False,False,False,False,92,3,480.06
1043.0,CUST_00455,2026-02-20 05:22:02.997582,47.01,1.0,books,Credit Card,False,transactions,,,,,,,,,729.98,Q1,0,2026,2,1,Friday,0,0,2025-11-02 05:22:02.997875,2026-07-12 05:22:02.995339,109,26,6,Regular,False,True,False,False,False,False,False,False,26,6,729.98
1044.0,CUST_00303,2026-06-14 05:22:02.997587,38.99,3.0,,Wallet,True,transactions,,,,,,,,,311.05,Q1,0,2026,6,2,Sunday,1,0,2026-04-19 05:22:03.001067,2026-06-25 05:22:02.993227,55,43,4,Occasional,False,False,False,False,False,False,False,False,43,4,311.05
1045.0,CUST_00338,2025-12-05 05:22:02.997593,26.63,4.0,books,Credit Card,False,transactions,,,,,,,,,377.28999999999996,Q1,0,2025,12,4,Friday,0,1,2025-12-05 05:22:02.997593,2026-06-02 05:22:02.994912,0,66,4,Occasional,False,True,False,False,False,False,False,False,66,4,377.28999999999996
1046.0,CUST_00023,2025-09-06 05:22:02.997602,35.54,5.0,toys,Debit Card,False,transactions,,,,,,,,,310.36,Q1,0,2025,9,3,Saturday,1,0,2025-09-06 05:22:02.997602,2026-06-03 05:22:02.994868,0,65,5,Occasional,False,False,False,False,False,False,False,True,65,5,310.36
1048.0,CUST_00309,2026-01-24 05:22:02.997613,243.76,1.0,groceries,Debit Card,True,transactions,,,,,,,,,937.38,Q4,1,2026,1,1,Saturday,1,0,2026-01-24 05:22:02.997613,2026-07-18 05:22:02.992886,0,20,5,Occasional,False,False,False,False,True,False,False,False,20,5,937.38
1049.0,CUST_00444,2026-01-15 05:22:02.997618,110.99,1.0,electronics,Debit Card,False,transactions,,,,,,,,,463.45,Q3,0,2026,1,1,Thursday,0,0,2026-01-15 05:22:02.997618,2026-05-18 05:22:02.992473,0,81,3,Occasional,False,False,False,True,False,False,False,False,81,3,463.45
1050.0,CUST_00207,2026-03-15 05:22:02.997623,51.42,2.0,clothing,Wallet,True,transactions,,,,,,,,,138.18,Q1,0,2026,3,1,Sunday,1,0,2026-03-15 05:22:02.997623,2026-04-04 05:22:02.999219,0,125,2,Occasional,False,False,True,False,False,False,False,False,125,2,138.18
1051.0,CUST_00472,2026-03-02 05:22:02.997629,233.17,5.0,home  garden,Credit Card,True,transactions,,,,,,,,,1449.15,Q4,1,2026,3,1,Monday,0,0,2025-08-28 05:22:02.994535,2026-04-25 05:22:02.993473,186,104,10,Regular,False,False,False,False,False,True,False,False,104,10,1449.15
1052.0,CUST_00263,2026-04-27 05:22:02.997634,179.48,4.0,toys,Wallet,False,transactions,,,,,,,,,433.06,Q4,1,2026,4,2,Monday,0,0,2025-09-22 05:22:03.000018,2026-07-28 05:22:02.994073,216,10,5,Occasional,False,False,False,False,False,False,False,True,10,5,433.06
1053.0,CUST_00308,2026-01-03 05:22:02.997640,113.14,1.0,groceries,Debit Card,False,transactions,,,,,,,,,365.07,Q3,0,2026,1,1,Saturday,1,0,2025-12-24 05:22:02.995478,2026-06-07 05:22:02.991209,10,61,4,Occasional,False,False,False,False,True,False,False,False,61,4,365.07
1054.0,CUST_00219,2026-06-21 05:22:02.997645,120.29,1.0,beauty,Debit Card,False,transactions,,,,,,,,,582.49,Q3,0,2026,6,2,Sunday,1,0,2025-08-25 05:22:02.999208,2026-06-21 05:22:02.997645,299,47,6,Regular,True,False,False,False,False,False,False,False,47,6,582.49
1055.0,CUST_00366,2026-05-20 05:22:02.997650,246.33,4.0,clothing,Wallet,False,transactions,,,,,,,,,755.38,Q4,1,2026,5,2,Wednesday,0,0,2026-03-28 05:22:03.001141,2026-07-09 05:22:02.998056,52,29,5,Occasional,False,False,True,False,False,False,False,False,29,5,755.38
1056.0,CUST_00411,2025-12-06 05:22:02.997655,18.36,3.0,home  garden,PayPal,True,transactions,,,,,,,,,672.35,Q1,0,2025,12,4,Saturday,1,1,2025-09-01 05:22:02.992733,2026-04-22 05:22:03.002817,96,106,8,Regular,False,False,False,False,False,True,False,False,106,8,672.35
1057.0,CUST_00268,2026-01-01 05:22:02.997661,249.13,3.0,electronics,Credit Card,False,transactions,,,,,,,,,608.49,Q4,1,2026,1,1,Thursday,0,0,2025-09-04 05:22:02.995420,2026-05-30 05:22:02.995257,119,69,6,Regular,False,False,False,True,False,False,False,False,69,6,608.49
1059.0,CUST_00300,2026-06-27 05:22:02.997671,104.09,5.0,electronics,Wallet,False,transactions,,,,,,,,,1011.3299999999999,Q3,0,2026,6,2,Saturday,1,0,2025-08-16 05:22:02.995819,2026-06-27 05:22:02.997671,315,41,8,Regular,False,False,False,True,False,False,False,False,41,8,1011.3299999999999
1060.0,CUST_00094,2026-01-18 05:22:02.997677,28.42,1.0,clothing,PayPal,False,transactions,,,,,,,,,53.96,Q1,0,2026,1,1,Sunday,1,0,2026-01-18 05:22:02.997677,2026-07-20 05:22:02.997554,0,18,2,Occasional,False,False,True,False,False,False,False,False,18,2,53.96
1061.0,CUST_00371,2025-12-18 05:22:02.997682,165.81,4.0,books,Debit Card,False,transactions,,,,,,,,,165.81,Q4,1,2025,12,4,Thursday,0,1,2025-12-18 05:22:02.997682,2025-12-18 05:22:02.997682,0,232,1,One-time,False,True,False,False,False,False,False,False,232,1,165.81
1062.0,CUST_00041,2025-10-02 05:22:02.997687,34.83,3.0,clothing,Credit Card,False,transactions,,,,,,,,,863.45,Q1,0,2025,10,4,Thursday,0,0,2025-09-21 05:22:02.999965,2026-05-27 05:22:02.996223,10,72,7,Regular,False,False,True,False,False,False,False,False,72,7,863.45
1063.0,CUST_00060,2026-08-01 05:22:02.997695,139.58,2.0,toys,Wallet,True,transactions,,,,,,,,,916.01,Q3,0,2026,8,3,Saturday,1,0,2025-10-18 05:22:02.999130,2026-08-01 05:22:02.997695,286,6,10,Regular,False,False,False,False,False,False,False,True,6,10,916.01
1064.0,CUST_00495,2025-10-03 05:22:02.997700,132.31,4.0,books,PayPal,False,transactions,,,,,,,,,559.32,Q3,0,2025,10,4,Friday,0,0,2025-08-15 05:22:03.001940,2026-06-25 05:22:03.001043,48,43,5,Occasional,False,True,False,False,False,False,False,False,43,5,559.32
1065.0,CUST_00494,2025-08-19 05:22:02.997706,144.1,4.0,books,Debit Card,False,transactions,,,,,,,,,558.7,Q4,1,2025,8,3,Tuesday,0,0,2025-08-19 05:22:02.997706,2026-06-02 05:22:02.993649,0,66,7,Regular,False,True,False,False,False,False,False,False,66,7,558.7
1066.0,CUST_00058,2026-07-30 05:22:02.997713,146.94,2.0,electronics,Debit Card,False,transactions,,,,,,,,,777.66,Q4,1,2026,7,3,Thursday,0,0,2025-10-02 05:22:02.996267,2026-07-30 05:22:02.997713,301,8,6,Regular,False,False,False,True,False,False,False,False,8,6,777.66
1067.0,CUST_00224,2025-09-21 05:22:02.997719,81.7,5.0,sports,Wallet,False,transactions,,,,,,,,,329.65000000000003,Q2,0,2025,9,3,Sunday,1,0,2025-09-16 05:22:02.991572,2026-04-07 05:22:02.993482,5,122,3,Occasional,False,False,False,False,False,False,True,False,122,3,329.65000000000003
1068.0,CUST_00217,2026-07-27 05:22:02.997724,29.48,1.0,home  garden,Wallet,True,transactions,,,,,,,,,716.43,Q1,0,2026,7,3,Monday,0,0,2025-10-16 05:22:02.997746,2026-07-27 05:22:02.997724,283,11,8,Regular,False,False,False,False,False,True,False,False,11,8,716.43
1069.0,CUST_00242,2026-07-28 05:22:02.997730,173.96,4.0,sports,Wallet,False,transactions,,,,,,,,,1064.32,Q4,1,2026,7,3,Tuesday,0,0,2025-08-22 05:22:03.002307,2026-07-28 05:22:02.997730,339,10,10,Regular,False,False,False,False,False,False,True,False,10,10,1064.32
1070.0,CUST_00005,2026-06-16 05:22:02.997735,118.48,4.0,groceries,PayPal,False,transactions,,,,,,,,,426.93,Q3,0,2026,6,2,Tuesday,0,0,2026-02-03 05:22:02.999203,2026-08-01 05:22:02.995118,132,6,5,Occasional,False,False,False,False,True,False,False,False,6,5,426.93
1071.0,CUST_00205,2025-12-02 05:22:02.997741,97.8,5.0,toys,Credit Card,False,transactions,,,,,,,,,201.07999999999998,Q3,0,2025,12,4,Tuesday,0,1,2025-10-20 05:22:02.995553,2025-12-25 05:22:02.992303,43,225,3,Occasional,False,False,False,False,False,False,False,True,225,3,201.07999999999998
1072.0,CUST_00217,2025-10-16 05:22:02.997746,30.88,3.0,clothing,Wallet,True,transactions,,,,,,,,,716.43,Q1,0,2025,10,4,Thursday,0,0,2025-10-16 05:22:02.997746,2026-07-27 05:22:02.997724,0,11,8,Regular,False,False,True,False,False,False,False,False,11,8,716.43
1073.0,CUST_00060,2025-11-27 05:22:02.997751,57.16,5.0,beauty,Wallet,False,transactions,,,,,,,,,916.01,Q1,0,2025,11,4,Thursday,0,1,2025-10-18 05:22:02.999130,2026-08-01 05:22:02.997695,39,6,10,Regular,True,False,False,False,False,False,False,False,6,10,916.01
1074.0,CUST_00148,2026-05-01 05:22:02.997757,112.39,4.0,beauty,Debit Card,False,transactions,,,,,,,,,456.99,Q3,0,2026,5,2,Friday,0,0,2025-08-11 05:22:03.000559,2026-07-25 05:22:03.002390,262,12,5,Occasional,True,False,False,False,False,False,False,False,12,5,456.99
1076.0,CUST_00200,2026-01-06 05:22:02.997767,38.13,3.0,toys,Debit Card,False,transactions,,,,,,,,,358.39,Q1,0,2026,1,1,Tuesday,0,0,2025-08-20 05:22:03.002630,2026-04-13 05:22:03.003430,138,115,4,Occasional,False,False,False,False,False,False,False,True,115,4,358.39
1077.0,CUST_00145,2025-08-19 05:22:02.997773,75.65,1.0,toys,Debit Card,False,transactions,,,,,,,,,599.3100000000001,Q2,0,2025,8,3,Tuesday,0,0,2025-08-19 05:22:02.997773,2026-07-23 05:22:02.996175,0,15,5,Occasional,False,False,False,False,False,False,False,True,15,5,599.3100000000001
1078.0,CUST_00252,2026-06-17 05:22:02.997778,186.35,4.0,toys,Debit Card,False,transactions,,,,,,,,,621.14,Q4,1,2026,6,2,Wednesday,0,0,2025-12-06 05:22:02.995262,2026-06-17 05:22:02.997778,193,51,5,Occasional,False,False,False,False,False,False,False,True,51,5,621.14
1079.0,CUST_00010,2026-02-05 05:22:02.997784,42.9,3.0,beauty,Debit Card,True,transactions,,,,,,,,,162.62,Q1,0,2026,2,1,Thursday,0,0,2026-02-03 05:22:02.992161,2026-02-05 05:22:02.997784,2,183,2,Occasional,True,False,False,False,False,False,False,False,183,2,162.62
1080.0,CUST_00458,2025-11-23 05:22:02.997789,187.84,1.0,clothing,Credit Card,False,transactions,,,,,,,,,486.21000000000004,Q4,1,2025,11,4,Sunday,1,1,2025-08-16 05:22:02.996201,2025-12-26 05:22:02.994350,99,224,4,Occasional,False,False,True,False,False,False,False,False,224,4,486.21000000000004
1081.0,CUST_00062,2025-10-24 05:22:02.997794,23.7,2.0,toys,PayPal,True,transactions,,,,,,,,,363.98,Q1,0,2025,10,4,Friday,0,0,2025-10-24 05:22:02.997794,2026-06-04 05:22:03.000427,0,64,4,Occasional,False,False,False,False,False,False,False,True,64,4,363.98
1082.0,CUST_00394,2026-07-15 05:22:02.997799,28.51,5.0,books,Credit Card,True,transactions,,,,,,,,,602.33,Q1,0,2026,7,3,Wednesday,0,0,2026-02-21 05:22:03.002731,2026-08-04 05:22:02.997832,143,3,6,Regular,False,True,False,False,False,False,False,False,3,6,602.33
1083.0,CUST_00475,2025-12-26 05:22:02.997805,213.92,4.0,clothing,Credit Card,True,transactions,,,,,,,,,548.5,Q4,1,2025,12,4,Friday,0,1,2025-11-21 05:22:03.000839,2026-05-30 05:22:03.001673,34,69,4,Occasional,False,False,True,False,False,False,False,False,69,4,548.5
1084.0,CUST_00022,2025-11-21 05:22:02.997811,156.29,1.0,home  garden,Debit Card,True,transactions,,,,,,,,,548.63,Q4,1,2025,11,4,Friday,0,1,2025-10-14 05:22:02.995349,2026-03-06 05:22:02.996903,38,154,4,Occasional,False,False,False,False,False,True,False,False,154,4,548.63
1085.0,CUST_00081,2026-03-11 05:22:02.997821,251.86,4.0,toys,Credit Card,False,transactions,,,,,,,,,583.34,Q4,1,2026,3,1,Wednesday,0,0,2025-12-25 05:22:02.992447,2026-03-20 05:22:02.996051,76,140,4,Occasional,False,False,False,False,False,False,False,True,140,4,583.34
1087.0,CUST_00394,2026-08-04 05:22:02.997832,219.11,2.0,toys,Debit Card,False,transactions,,,,,,,,,602.33,Q4,1,2026,8,3,Tuesday,0,0,2026-02-21 05:22:03.002731,2026-08-04 05:22:02.997832,163,3,6,Regular,False,False,False,False,False,False,False,True,3,6,602.33
1088.0,CUST_00191,2026-01-07 05:22:02.997837,29.0,3.0,sports,Wallet,True,transactions,,,,,,,,,394.75,Q1,0,2026,1,1,Wednesday,0,0,2025-09-03 05:22:02.998431,2026-05-25 05:22:03.000335,125,74,6,Regular,False,False,False,False,False,False,True,False,74,6,394.75
1089.0,CUST_00071,2025-12-31 05:22:02.997843,75.37,4.0,groceries,PayPal,True,transactions,,,,,,,,,214.56,Q2,0,2025,12,4,Wednesday,0,1,2025-12-31 05:22:02.997843,2026-05-16 05:22:02.995765,0,83,4,Occasional,False,False,False,False,True,False,False,False,83,4,214.56
1090.0,CUST_00227,2026-05-25 05:22:02.997848,93.75,1.0,clothing,PayPal,False,transactions,,,,,,,,,785.0,Q3,0,2026,5,2,Monday,0,0,2025-08-27 05:22:02.991067,2026-05-25 05:22:02.997848,271,74,7,Regular,False,False,True,False,False,False,False,False,74,7,785.0
1091.0,CUST_00396,2026-05-15 05:22:02.997854,148.56,4.0,electronics,Credit Card,False,transactions,,,,,,,,,571.36,Q4,1,2026,5,2,Friday,0,0,2025-08-20 05:22:03.001474,2026-05-15 05:22:02.997854,267,84,5,Occasional,False,False,False,True,False,False,False,False,84,5,571.36
1092.0,CUST_00329,2026-05-22 05:22:02.997859,169.75,5.0,electronics,PayPal,False,transactions,,,,,,,,,784.36,Q4,1,2026,5,2,Friday,0,0,2025-08-30 05:22:02.999235,2026-07-19 05:22:02.998848,264,19,7,Regular,False,False,False,True,False,False,False,False,19,7,784.36
1093.0,CUST_00454,2025-08-24 05:22:02.997864,72.46,5.0,books,PayPal,True,transactions,,,,,,,,,576.13,Q2,0,2025,8,3,Sunday,1,0,2025-08-24 05:22:02.997864,2026-03-26 05:22:02.998407,0,134,5,Occasional,False,True,False,False,False,False,False,False,134,5,576.13
1094.0,CUST_00005,2026-03-17 05:22:02.997870,64.1,5.0,home  garden,Wallet,False,transactions,,,,,,,,,426.93,Q2,0,2026,3,1,Tuesday,0,0,2026-02-03 05:22:02.999203,2026-08-01 05:22:02.995118,41,6,5,Occasional,False,False,False,False,False,True,False,False,6,5,426.93
1095.0,CUST_00455,2025-11-02 05:22:02.997875,103.64,5.0,toys,Wallet,True,transactions,,,,,,,,,729.98,Q3,0,2025,11,4,Sunday,1,1,2025-11-02 05:22:02.997875,2026-07-12 05:22:02.995339,0,26,6,Regular,False,False,False,False,False,False,False,True,26,6,729.98
1096.0,CUST_00452,2026-03-06 05:22:02.997881,99.63,1.0,electronics,Wallet,True,transactions,,,,,,,,,560.9300000000001,Q3,0,2026,3,1,Friday,0,0,2025-09-24 05:22:03.000542,2026-06-29 05:22:03.000581,162,39,5,Occasional,False,False,False,True,False,False,False,False,39,5,560.9300000000001
1097.0,CUST_00379,2026-06-04 05:22:02.997888,53.75,5.0,books,PayPal,False,transactions,,,,,,,,,372.47,Q1,0,2026,6,2,Thursday,0,0,2025-12-03 05:22:02.991275,2026-06-18 05:22:02.991464,183,50,4,Occasional,False,True,False,False,False,False,False,False,50,4,372.47
1098.0,CUST_00388,2025-09-16 05:22:02.997893,33.42,2.0,,PayPal,False,transactions,,,,,,,,,265.46999999999997,Q1,0,2025,9,3,Tuesday,0,0,2025-09-16 05:22:02.997893,2026-07-27 05:22:02.992815,0,11,3,Occasional,False,False,False,False,False,False,False,False,11,3,265.46999999999997
1099.0,CUST_00397,2026-03-05 05:22:02.997899,70.65,4.0,clothing,PayPal,False,transactions,,,,,,,,,500.53000000000003,Q2,0,2026,3,1,Thursday,0,0,2026-01-25 05:22:03.000063,2026-05-31 05:22:02.993410,38,68,8,Regular,False,False,True,False,False,False,False,False,68,8,500.53000000000003
1100.0,CUST_00260,2026-02-07 05:22:02.997904,141.62,1.0,electronics,Credit Card,False,transactions,,,,,,,,,347.92,Q4,1,2026,2,1,Saturday,1,0,2025-12-25 05:22:03.001133,2026-07-16 05:22:02.998709,43,22,4,Occasional,False,False,False,True,False,False,False,False,22,4,347.92
1101.0,CUST_00294,2026-08-05 05:22:02.997909,89.09,4.0,beauty,Debit Card,False,transactions,,,,,,,,,553.54,Q2,0,2026,8,3,Wednesday,0,0,2025-08-26 05:22:02.992625,2026-08-05 05:22:02.997909,344,2,6,Regular,True,False,False,False,False,False,False,False,2,6,553.54
1102.0,CUST_00146,2025-08-31 05:22:02.997915,19.53,5.0,home  garden,Debit Card,False,transactions,,,,,,,,,607.22,Q1,0,2025,8,3,Sunday,1,0,2025-08-31 05:22:02.997915,2026-06-01 05:22:03.000372,0,67,5,Occasional,False,False,False,False,False,True,False,False,67,5,607.22
1103.0,CUST_00265,2025-10-13 05:22:02.997921,124.98,2.0,beauty,Debit Card,True,transactions,,,,,,,,,872.91,Q3,0,2025,10,4,Monday,0,0,2025-09-04 05:22:03.001891,2026-05-26 05:22:03.000751,38,73,7,Regular,True,False,False,False,False,False,False,False,73,7,872.91
1104.0,CUST_00425,2026-01-09 05:22:02.997927,102.32,1.0,clothing,Debit Card,False,transactions,,,,,,,,,455.53999999999996,Q3,0,2026,1,1,Friday,0,0,2025-09-09 05:22:03.000740,2026-02-13 05:22:02.999521,121,175,4,Occasional,False,False,True,False,False,False,False,False,175,4,455.53999999999996
1105.0,CUST_00229,2026-06-29 05:22:02.997936,125.45,3.0,groceries,Wallet,True,transactions,,,,,,,,,822.6800000000001,Q3,0,2026,6,2,Monday,0,0,2025-08-14 05:22:02.994966,2026-06-29 05:22:02.997936,319,39,5,Occasional,False,False,False,False,True,False,False,False,39,5,822.6800000000001
1106.0,CUST_00300,2025-11-25 05:22:02.997942,180.2,4.0,toys,Wallet,True,transactions,,,,,,,,,1011.3299999999999,Q4,1,2025,11,4,Tuesday,0,1,2025-08-16 05:22:02.995819,2026-06-27 05:22:02.997671,101,41,8,Regular,False,False,False,False,False,False,False,True,41,8,1011.3299999999999
1107.0,CUST_00214,2026-05-16 05:22:02.997947,106.51,2.0,home  garden,Wallet,False,transactions,,,,,,,,,237.07,Q3,0,2026,5,2,Saturday,1,0,2025-10-01 05:22:02.991446,2026-07-30 05:22:03.002084,227,7,3,Occasional,False,False,False,False,False,True,False,False,7,3,237.07
1108.0,CUST_00361,2025-11-18 05:22:02.997957,50.17,5.0,clothing,Wallet,False,transactions,,,,,,,,,350.48,Q1,0,2025,11,4,Tuesday,0,1,2025-09-17 05:22:02.996689,2026-04-28 05:22:02.994047,62,101,5,Occasional,False,False,True,False,False,False,False,False,101,5,350.48
1109.0,CUST_00383,2026-05-19 05:22:02.997963,104.4,5.0,beauty,Credit Card,False,transactions,,,,,,,,,517.96,Q3,0,2026,5,2,Tuesday,0,0,2025-08-26 05:22:02.996606,2026-06-22 05:22:02.991692,266,46,4,Occasional,True,False,False,False,False,False,False,False,46,4,517.96
1110.0,CUST_00210,2026-06-12 05:22:02.997968,86.65,1.0,beauty,Credit Card,False,transactions,,,,,,,,,329.53000000000003,Q2,0,2026,6,2,Friday,0,0,2025-09-28 05:22:02.999690,2026-06-12 05:22:02.997968,256,56,4,Occasional,True,False,False,False,False,False,False,False,56,4,329.53000000000003
1111.0,CUST_00061,2026-01-29 05:22:02.997973,159.61,3.0,beauty,Wallet,False,transactions,,,,,,,,,514.39,Q4,1,2026,1,1,Thursday,0,0,2025-09-10 05:22:02.991621,2026-07-23 05:22:02.993536,141,15,5,Occasional,True,False,False,False,False,False,False,False,15,5,514.39
1112.0,CUST_00074,2026-05-27 05:22:02.997978,43.56,5.0,,PayPal,True,transactions,,,,,,,,,217.3,Q1,0,2026,5,2,Wednesday,0,0,2025-09-20 05:22:03.000237,2026-05-27 05:22:02.997978,248,72,3,Occasional,False,False,False,False,False,False,False,False,72,3,217.3
1113.0,CUST_00111,2026-05-06 05:22:02.997984,231.51,4.0,electronics,PayPal,False,transactions,,,,,,,,,481.33,Q4,1,2026,5,2,Wednesday,0,0,2025-11-27 05:22:02.999162,2026-05-25 05:22:03.003178,159,73,4,Occasional,False,False,False,True,False,False,False,False,73,4,481.33
1114.0,CUST_00023,2026-01-06 05:22:02.997989,77.99,4.0,books,PayPal,True,transactions,,,,,,,,,310.36,Q2,0,2026,1,1,Tuesday,0,0,2025-09-06 05:22:02.997602,2026-06-03 05:22:02.994868,122,65,5,Occasional,False,True,False,False,False,False,False,False,65,5,310.36
1115.0,CUST_00244,2025-10-01 05:22:02.997995,74.45,2.0,home  garden,Wallet,True,transactions,,,,,,,,,315.03999999999996,Q2,0,2025,10,4,Wednesday,0,0,2025-10-01 05:22:02.997995,2026-08-07 05:22:03.001724,0,0,3,Occasional,False,False,False,False,False,True,False,False,0,3,315.03999999999996
1116.0,CUST_00342,2025-12-21 05:22:02.998000,248.45,2.0,beauty,Wallet,False,transactions,,,,,,,,,375.34,Q4,1,2025,12,4,Sunday,1,1,2025-08-30 05:22:03.001819,2025-12-21 05:22:02.998000,112,229,2,Occasional,True,False,False,False,False,False,False,False,229,2,375.34
1117.0,CUST_00461,2026-01-17 05:22:02.998006,221.21,3.0,electronics,Wallet,True,transactions,,,,,,,,,620.4,Q4,1,2026,1,1,Saturday,1,0,2025-11-12 05:22:02.995722,2026-01-17 05:22:02.998006,66,202,3,Occasional,False,False,False,True,False,False,False,False,202,3,620.4
1118.0,CUST_00331,2026-06-23 05:22:02.998011,72.5,2.0,electronics,PayPal,False,transactions,,,,,,,,,922.5600000000001,Q2,0,2026,6,2,Tuesday,0,0,2025-08-17 05:22:02.999884,2026-07-28 05:22:02.996765,309,10,8,Regular,False,False,False,True,False,False,False,False,10,8,922.5600000000001
1119.0,CUST_00064,2025-09-12 05:22:02.998016,49.08,5.0,clothing,Credit Card,True,transactions,,,,,,,,,409.7,Q1,0,2025,9,3,Friday,0,0,2025-08-24 05:22:02.994052,2026-06-21 05:22:03.002772,19,46,5,Occasional,False,False,True,False,False,False,False,False,46,5,409.7
1120.0,CUST_00268,2026-05-03 05:22:02.998022,149.89,4.0,electronics,Debit Card,True,transactions,,,,,,,,,608.49,Q4,1,2026,5,2,Sunday,1,0,2025-09-04 05:22:02.995420,2026-05-30 05:22:02.995257,241,69,6,Regular,False,False,False,True,False,False,False,False,69,6,608.49
1121.0,CUST_00141,2026-04-24 05:22:02.998027,115.39,2.0,toys,PayPal,False,transactions,,,,,,,,,507.9,Q3,0,2026,4,2,Friday,0,0,2026-01-04 05:22:03.000362,2026-06-27 05:22:02.997367,109,41,6,Regular,False,False,False,False,False,False,False,True,41,6,507.9
1122.0,CUST_00024,2025-11-29 05:22:02.998033,70.31,1.0,beauty,Wallet,False,transactions,,,,,,,,,110.93,Q2,0,2025,11,4,Saturday,1,1,2025-11-15 05:22:02.999283,2025-11-29 05:22:02.998033,13,251,2,Occasional,True,False,False,False,False,False,False,False,251,2,110.93
1123.0,CUST_00271,2026-02-26 05:22:02.998038,216.41,4.0,books,Credit Card,False,transactions,,,,,,,,,248.17,Q4,1,2026,2,1,Thursday,0,0,2025-08-12 05:22:02.992739,2026-02-26 05:22:02.998038,198,162,2,Occasional,False,True,False,False,False,False,False,False,162,2,248.17
1124.0,CUST_00147,2026-05-26 05:22:02.998045,86.34,2.0,books,Debit Card,False,transactions,,,,,,,,,262.48,Q2,0,2026,5,2,Tuesday,0,0,2026-04-14 05:22:03.000880,2026-07-30 05:22:02.992964,41,8,3,Occasional,False,True,False,False,False,False,False,False,8,3,262.48
1125.0,CUST_00209,2025-08-25 05:22:02.998051,52.81,2.0,electronics,PayPal,False,transactions,,,,,,,,,599.54,Q1,0,2025,8,3,Monday,0,0,2025-08-25 05:22:02.998051,2026-04-23 05:22:03.002142,0,105,8,Regular,False,False,False,True,False,False,False,False,105,8,599.54
1126.0,CUST_00366,2026-07-09 05:22:02.998056,133.55,3.0,groceries,Debit Card,False,transactions,,,,,,,,,755.38,Q3,0,2026,7,3,Thursday,0,0,2026-03-28 05:22:03.001141,2026-07-09 05:22:02.998056,102,29,5,Occasional,False,False,False,False,True,False,False,False,29,5,755.38
1127.0,CUST_00166,2026-03-28 05:22:02.998065,36.85,4.0,clothing,Debit Card,True,transactions,,,,,,,,,567.37,Q1,0,2026,3,1,Saturday,1,0,2025-08-20 05:22:03.000404,2026-06-03 05:22:02.999820,219,65,6,Regular,False,False,True,False,False,False,False,False,65,6,567.37
1128.0,CUST_00301,2026-04-08 05:22:02.998071,67.59,4.0,groceries,PayPal,False,transactions,,,,,,,,,156.04000000000002,Q2,0,2026,4,2,Wednesday,0,0,2025-10-19 05:22:03.003398,2026-04-08 05:22:02.998071,170,121,2,Occasional,False,False,False,False,True,False,False,False,121,2,156.04000000000002
1129.0,CUST_00238,2025-10-28 05:22:02.998076,185.4,4.0,clothing,Wallet,False,transactions,,,,,,,,,457.98,Q4,1,2025,10,4,Tuesday,0,0,2025-10-28 05:22:02.998076,2026-05-29 05:22:02.996683,0,70,4,Occasional,False,False,True,False,False,False,False,False,70,4,457.98
1130.0,CUST_00468,2026-07-29 05:22:02.998081,106.87,3.0,clothing,Debit Card,False,transactions,,,,,,,,,462.56000000000006,Q3,0,2026,7,3,Wednesday,0,0,2025-09-06 05:22:02.993578,2026-07-29 05:22:02.998081,326,9,5,Occasional,False,False,True,False,False,False,False,False,9,5,462.56000000000006
1131.0,CUST_00209,2025-12-22 05:22:02.998087,113.25,1.0,sports,Debit Card,False,transactions,,,,,,,,,599.54,Q3,0,2025,12,4,Monday,0,1,2025-08-25 05:22:02.998051,2026-04-23 05:22:03.002142,119,105,8,Regular,False,False,False,False,False,False,True,False,105,8,599.54
1132.0,CUST_00087,2026-04-04 05:22:02.998092,65.59,5.0,groceries,Wallet,False,transactions,,,,,,,,,385.53000000000003,Q2,0,2026,4,2,Saturday,1,0,2025-08-09 05:22:03.003041,2026-04-04 05:22:02.998092,237,125,5,Occasional,False,False,False,False,True,False,False,False,125,5,385.53000000000003
1133.0,CUST_00417,2025-12-13 05:22:02.998097,76.62,5.0,books,Debit Card,False,transactions,,,,,,,,,519.9,Q2,0,2025,12,4,Saturday,1,1,2025-09-27 05:22:03.002068,2026-04-24 05:22:02.993293,76,105,5,Occasional,False,True,False,False,False,False,False,False,105,5,519.9
1134.0,CUST_00478,2025-12-04 05:22:02.998103,41.62,3.0,books,Wallet,True,transactions,,,,,,,,,353.36,Q1,0,2025,12,4,Thursday,0,1,2025-10-23 05:22:02.993116,2026-03-20 05:22:02.993362,42,140,4,Occasional,False,True,False,False,False,False,False,False,140,4,353.36
1135.0,CUST_00432,2025-09-18 05:22:02.998109,119.13,2.0,,Credit Card,False,transactions,,,,,,,,,340.86,Q3,0,2025,9,3,Thursday,0,0,2025-09-18 05:22:02.998109,2025-10-30 05:22:02.995905,0,281,2,Occasional,False,False,False,False,False,False,False,False,281,2,340.86
1136.0,CUST_00203,2025-08-15 05:22:02.998114,41.26,1.0,home  garden,PayPal,True,transactions,,,,,,,,,479.35,Q1,0,2025,8,3,Friday,0,0,2025-08-15 05:22:02.998114,2026-07-19 05:22:03.001094,0,19,6,Regular,False,False,False,False,False,True,False,False,19,6,479.35
1137.0,CUST_00108,2025-09-29 05:22:02.998119,39.73,5.0,beauty,PayPal,False,transactions,,,,,,,,,124.53,Q1,0,2025,9,3,Monday,0,0,2025-09-29 05:22:02.998119,2025-10-19 05:22:03.002576,0,291,2,Occasional,True,False,False,False,False,False,False,False,291,2,124.53
1138.0,CUST_00386,2025-08-10 05:22:02.998125,83.38,4.0,books,PayPal,False,transactions,,,,,,,,,860.97,Q2,0,2025,8,3,Sunday,1,0,2025-08-10 05:22:02.998125,2026-06-14 05:22:03.001297,0,54,7,Regular,False,True,False,False,False,False,False,False,54,7,860.97
1139.0,CUST_00236,2025-10-05 05:22:02.998130,179.67,3.0,electronics,Debit Card,False,transactions,,,,,,,,,207.23999999999998,Q4,1,2025,10,4,Sunday,1,0,2025-10-05 05:22:02.998130,2026-02-27 05:22:02.999146,0,161,2,Occasional,False,False,False,True,False,False,False,False,161,2,207.23999999999998
1140.0,CUST_00002,2025-09-30 05:22:02.998136,44.15,4.0,electronics,Debit Card,False,transactions,,,,,,,,,120.04,Q1,0,2025,9,3,Tuesday,0,0,2025-09-30 05:22:02.998136,2026-08-01 05:22:02.994323,0,6,3,Occasional,False,False,False,True,False,False,False,False,6,3,120.04
1141.0,CUST_00459,2025-08-16 05:22:02.998141,174.26,4.0,groceries,Credit Card,False,transactions,,,,,,,,,565.72,Q4,1,2025,8,3,Saturday,1,0,2025-08-16 05:22:02.998141,2026-07-20 05:22:03.000534,0,18,4,Occasional,False,False,False,False,True,False,False,False,18,4,565.72
1142.0,CUST_00457,2025-08-29 05:22:02.998146,140.97,4.0,clothing,Wallet,True,transactions,,,,,,,,,802.2,Q4,1,2025,8,3,Friday,0,0,2025-08-29 05:22:02.998146,2026-05-04 05:22:03.002915,0,94,5,Occasional,False,False,True,False,False,False,False,False,94,5,802.2
1143.0,CUST_00184,2026-01-21 05:22:02.998152,18.84,2.0,electronics,PayPal,True,transactions,,,,,,,,,70.07,Q1,0,2026,1,1,Wednesday,0,0,2025-10-11 05:22:03.003259,2026-05-31 05:22:02.995379,101,68,3,Occasional,False,False,False,True,False,False,False,False,68,3,70.07
1144.0,CUST_00228,2026-08-03 05:22:02.998159,105.07,2.0,electronics,PayPal,False,transactions,,,,,,,,,105.07,Q3,0,2026,8,3,Monday,0,0,2026-08-03 05:22:02.998159,2026-08-03 05:22:02.998159,0,4,1,One-time,False,False,False,True,False,False,False,False,4,1,105.07
1145.0,CUST_00418,2025-09-27 05:22:02.998165,42.65,3.0,sports,Wallet,True,transactions,,,,,,,,,994.5699999999999,Q1,0,2025,9,3,Saturday,1,0,2025-09-27 05:22:02.998165,2026-07-23 05:22:02.995698,0,15,7,Regular,False,False,False,False,False,False,True,False,15,7,994.5699999999999
1146.0,CUST_00019,2026-03-17 05:22:02.998170,94.41,4.0,,Wallet,False,transactions,,,,,,,,,541.76,Q3,0,2026,3,1,Tuesday,0,0,2025-08-17 05:22:02.996244,2026-06-04 05:22:02.991665,212,64,5,Occasional,False,False,False,False,False,False,False,False,64,5,541.76
1147.0,CUST_00143,2025-10-20 05:22:02.998176,72.61,5.0,toys,Debit Card,False,transactions,,,,,,,,,560.87,Q2,0,2025,10,4,Monday,0,0,2025-10-20 05:22:02.998176,2026-07-13 05:22:03.002974,0,24,5,Occasional,False,False,False,False,False,False,False,True,24,5,560.87
1149.0,CUST_00066,2026-03-28 05:22:02.998234,137.25,5.0,sports,PayPal,False,transactions,,,,,,,,,711.38,Q3,0,2026,3,1,Saturday,1,0,2025-11-15 05:22:03.002811,2026-07-22 05:22:02.996628,132,16,7,Regular,False,False,False,False,False,False,True,False,16,7,711.38
1150.0,CUST_00348,2026-07-27 05:22:02.998243,75.19,5.0,books,Wallet,False,transactions,,,,,,,,,395.57,Q2,0,2026,7,3,Monday,0,0,2025-10-10 05:22:02.993166,2026-07-27 05:22:02.998243,290,11,6,Regular,False,True,False,False,False,False,False,False,11,6,395.57
1151.0,CUST_00219,2025-09-13 05:22:02.998250,109.96,1.0,beauty,Wallet,False,transactions,,,,,,,,,582.49,Q3,0,2025,9,3,Saturday,1,0,2025-08-25 05:22:02.999208,2026-06-21 05:22:02.997645,18,47,6,Regular,True,False,False,False,False,False,False,False,47,6,582.49
1152.0,CUST_00349,2025-11-15 05:22:02.998257,168.48,4.0,toys,Credit Card,True,transactions,,,,,,,,,578.79,Q4,1,2025,11,4,Saturday,1,1,2025-10-12 05:22:02.993039,2026-07-03 05:22:03.000570,34,35,4,Occasional,False,False,False,False,False,False,False,True,35,4,578.79
1153.0,CUST_00115,2026-07-14 05:22:02.998262,95.4,3.0,groceries,PayPal,False,transactions,,,,,,,,,258.1,Q3,0,2026,7,3,Tuesday,0,0,2025-08-17 05:22:03.003172,2026-07-14 05:22:02.998262,330,24,3,Occasional,False,False,False,False,True,False,False,False,24,3,258.1
1154.0,CUST_00100,2026-02-17 05:22:02.998268,262.19,1.0,electronics,Debit Card,True,transactions,,,,,,,,,912.4100000000001,Q4,1,2026,2,1,Tuesday,0,0,2025-09-06 05:22:03.001808,2026-08-07 05:22:02.995932,163,0,7,Regular,False,False,False,True,False,False,False,False,0,7,912.4100000000001
1155.0,CUST_00217,2026-06-30 05:22:02.998273,98.22,2.0,sports,PayPal,False,transactions,,,,,,,,,716.43,Q3,0,2026,6,2,Tuesday,0,0,2025-10-16 05:22:02.997746,2026-07-27 05:22:02.997724,257,11,8,Regular,False,False,False,False,False,False,True,False,11,8,716.43
1156.0,CUST_00321,2026-06-19 05:22:02.998279,121.43,1.0,toys,Credit Card,False,transactions,,,,,,,,,392.52,Q3,0,2026,6,2,Friday,0,0,2025-09-04 05:22:02.996580,2026-06-19 05:22:02.998279,288,49,5,Occasional,False,False,False,False,False,False,False,True,49,5,392.52
1157.0,CUST_00321,2026-02-17 05:22:02.998284,88.19,3.0,sports,Debit Card,True,transactions,,,,,,,,,392.52,Q2,0,2026,2,1,Tuesday,0,0,2025-09-04 05:22:02.996580,2026-06-19 05:22:02.998279,166,49,5,Occasional,False,False,False,False,False,False,True,False,49,5,392.52
1158.0,CUST_00427,2026-07-11 05:22:02.998290,57.15,3.0,sports,Wallet,True,transactions,,,,,,,,,231.51999999999998,Q1,0,2026,7,3,Saturday,1,0,2025-11-22 05:22:03.000766,2026-08-07 05:22:02.991061,230,0,4,Occasional,False,False,False,False,False,False,True,False,0,4,231.51999999999998
1159.0,CUST_00321,2025-12-22 05:22:02.998295,70.03,5.0,clothing,Credit Card,True,transactions,,,,,,,,,392.52,Q2,0,2025,12,4,Monday,0,1,2025-09-04 05:22:02.996580,2026-06-19 05:22:02.998279,109,49,5,Occasional,False,False,True,False,False,False,False,False,49,5,392.52
1160.0,CUST_00194,2026-02-28 05:22:02.998300,91.38,1.0,home  garden,Wallet,False,transactions,,,,,,,,,657.15,Q2,0,2026,2,1,Saturday,1,0,2025-09-06 05:22:03.001479,2026-06-26 05:22:03.003380,174,41,5,Occasional,False,False,False,False,False,True,False,False,41,5,657.15
1161.0,CUST_00313,2025-09-21 05:22:02.998309,194.3,4.0,clothing,Credit Card,False,transactions,,,,,,,,,938.87,Q4,1,2025,9,3,Sunday,1,0,2025-09-21 05:22:02.998309,2026-06-23 05:22:02.996228,0,45,7,Regular,False,False,True,False,False,False,False,False,45,7,938.87
1162.0,CUST_00151,2026-01-24 05:22:02.998315,218.13,4.0,clothing,Wallet,False,transactions,,,,,,,,,483.23,Q4,1,2026,1,1,Saturday,1,0,2025-09-03 05:22:02.993906,2026-05-23 05:22:02.998451,143,76,4,Occasional,False,False,True,False,False,False,False,False,76,4,483.23
1164.0,CUST_00451,2025-09-24 05:22:02.998328,56.13,5.0,clothing,Credit Card,False,transactions,,,,,,,,,792.92,Q1,0,2025,9,3,Wednesday,0,0,2025-08-18 05:22:03.000549,2026-06-21 05:22:02.993320,36,47,6,Regular,False,False,True,False,False,False,False,False,47,6,792.92
1165.0,CUST_00169,2025-10-11 05:22:02.998334,156.44,2.0,clothing,Credit Card,False,transactions,,,,,,,,,156.44,Q4,1,2025,10,4,Saturday,1,0,2025-10-11 05:22:02.998334,2025-10-11 05:22:02.998334,0,300,1,One-time,False,False,True,False,False,False,False,False,300,1,156.44
1166.0,CUST_00431,2026-04-30 05:22:02.998339,201.54,5.0,home  garden,PayPal,False,transactions,,,,,,,,,488.32,Q4,1,2026,4,2,Thursday,0,0,2025-11-14 05:22:03.001025,2026-04-30 05:22:02.998339,166,99,5,Occasional,False,False,False,False,False,True,False,False,99,5,488.32
1167.0,CUST_00247,2025-09-24 05:22:02.998344,48.57,4.0,home  garden,Credit Card,False,transactions,,,,,,,,,366.05,Q1,0,2025,9,3,Wednesday,0,0,2025-09-24 05:22:02.998344,2026-05-17 05:22:03.002990,0,81,4,Occasional,False,False,False,False,False,True,False,False,81,4,366.05
1168.0,CUST_00160,2025-10-12 05:22:02.998350,102.38,4.0,beauty,Debit Card,False,transactions,,,,,,,,,129.47,Q3,0,2025,10,4,Sunday,1,0,2025-10-12 05:22:02.998350,2026-08-04 05:22:03.000756,0,3,2,Occasional,True,False,False,False,False,False,False,False,3,2,129.47
1169.0,CUST_00159,2025-10-03 05:22:02.998356,25.37,3.0,books,Credit Card,False,transactions,,,,,,,,,292.90999999999997,Q1,0,2025,10,4,Friday,0,0,2025-10-03 05:22:02.998356,2026-02-20 05:22:03.001772,0,167,3,Occasional,False,True,False,False,False,False,False,False,167,3,292.90999999999997
1170.0,CUST_00337,2025-08-25 05:22:02.998363,144.5,2.0,electronics,Credit Card,False,transactions,,,,,,,,,477.74,Q4,1,2025,8,3,Monday,0,0,2025-08-25 05:22:02.998363,2026-05-29 05:22:02.995706,0,70,3,Occasional,False,False,False,True,False,False,False,False,70,3,477.74
1171.0,CUST_00101,2026-04-27 05:22:02.998369,216.24,2.0,clothing,Wallet,False,transactions,,,,,,,,,304.62,Q4,1,2026,4,2,Monday,0,0,2026-04-27 05:22:02.998369,2026-05-25 05:22:02.995144,0,74,2,Occasional,False,False,True,False,False,False,False,False,74,2,304.62
1172.0,CUST_00240,2025-10-04 05:22:02.998375,33.89,3.0,beauty,Wallet,False,transactions,,,,,,,,,1090.39,Q1,0,2025,10,4,Saturday,1,0,2025-09-03 05:22:02.996364,2026-03-21 05:22:02.992685,31,139,9,Regular,True,False,False,False,False,False,False,False,139,9,1090.39
1173.0,CUST_00054,2025-12-18 05:22:02.998380,59.93,1.0,toys,Credit Card,False,transactions,,,,,,,,,415.49,Q2,0,2025,12,4,Thursday,0,1,2025-10-02 05:22:03.003207,2026-03-22 05:22:02.999803,76,138,4,Occasional,False,False,False,False,False,False,False,True,138,4,415.49
1174.0,CUST_00355,2026-04-12 05:22:02.998385,58.64,4.0,sports,PayPal,True,transactions,,,,,,,,,768.64,Q1,0,2026,4,2,Sunday,1,0,2025-08-31 05:22:02.996370,2026-06-04 05:22:03.000284,224,64,6,Regular,False,False,False,False,False,False,True,False,64,6,768.64
1175.0,CUST_00193,2026-04-24 05:22:02.998391,46.64,4.0,home  garden,Credit Card,False,transactions,,,,,,,,,892.0699999999999,Q1,0,2026,4,2,Friday,0,0,2025-12-27 05:22:03.000708,2026-06-17 05:22:02.993864,117,51,6,Regular,False,False,False,False,False,True,False,False,51,6,892.0699999999999
1176.0,CUST_00038,2026-02-05 05:22:02.998396,102.85,1.0,clothing,Wallet,False,transactions,,,,,,,,,686.39,Q3,0,2026,2,1,Thursday,0,0,2025-12-06 05:22:02.999867,2026-07-11 05:22:02.994684,60,27,6,Regular,False,False,True,False,False,False,False,False,27,6,686.39
1177.0,CUST_00300,2026-02-04 05:22:02.998401,136.21,1.0,electronics,PayPal,False,transactions,,,,,,,,,1011.3299999999999,Q3,0,2026,2,1,Wednesday,0,0,2025-08-16 05:22:02.995819,2026-06-27 05:22:02.997671,172,41,8,Regular,False,False,False,True,False,False,False,False,41,8,1011.3299999999999
1178.0,CUST_00454,2026-03-26 05:22:02.998407,151.01,2.0,beauty,Debit Card,False,transactions,,,,,,,,,576.13,Q4,1,2026,3,1,Thursday,0,0,2025-08-24 05:22:02.997864,2026-03-26 05:22:02.998407,214,134,5,Occasional,True,False,False,False,False,False,False,False,134,5,576.13
1179.0,CUST_00012,2026-05-09 05:22:02.998412,175.86,3.0,,Debit Card,False,transactions,,,,,,,,,331.95000000000005,Q4,1,2026,5,2,Saturday,1,0,2026-03-06 05:22:03.001496,2026-05-09 05:22:02.998412,63,90,2,Occasional,False,False,False,False,False,False,False,False,90,2,331.95000000000005
1181.0,CUST_00191,2025-09-03 05:22:02.998431,101.29,2.0,groceries,Credit Card,False,transactions,,,,,,,,,394.75,Q3,0,2025,9,3,Wednesday,0,0,2025-09-03 05:22:02.998431,2026-05-25 05:22:03.000335,0,74,6,Regular,False,False,False,False,True,False,False,False,74,6,394.75
1182.0,CUST_00452,2026-06-02 05:22:02.998437,80.13,2.0,sports,PayPal,False,transactions,,,,,,,,,560.9300000000001,Q2,0,2026,6,2,Tuesday,0,0,2025-09-24 05:22:03.000542,2026-06-29 05:22:03.000581,250,39,5,Occasional,False,False,False,False,False,False,True,False,39,5,560.9300000000001
1184.0,CUST_00151,2026-05-23 05:22:02.998451,102.11,3.0,sports,PayPal,True,transactions,,,,,,,,,483.23,Q3,0,2026,5,2,Saturday,1,0,2025-09-03 05:22:02.993906,2026-05-23 05:22:02.998451,262,76,4,Occasional,False,False,False,False,False,False,True,False,76,4,483.23
1185.0,CUST_00436,2025-11-20 05:22:02.998457,69.7,5.0,toys,Credit Card,True,transactions,,,,,,,,,69.7,Q2,0,2025,11,4,Thursday,0,1,2025-11-20 05:22:02.998457,2025-11-20 05:22:02.998457,0,260,1,One-time,False,False,False,False,False,False,False,True,260,1,69.7
1186.0,CUST_00405,2025-09-02 05:22:02.998463,236.8,5.0,clothing,Wallet,True,transactions,,,,,,,,,732.48,Q4,1,2025,9,3,Tuesday,0,0,2025-08-16 05:22:02.995665,2026-08-04 05:22:02.994934,17,3,5,Occasional,False,False,True,False,False,False,False,False,3,5,732.48
1187.0,CUST_00331,2025-11-20 05:22:02.998468,82.38,3.0,toys,Debit Card,False,transactions,,,,,,,,,922.5600000000001,Q2,0,2025,11,4,Thursday,0,1,2025-08-17 05:22:02.999884,2026-07-28 05:22:02.996765,94,10,8,Regular,False,False,False,False,False,False,False,True,10,8,922.5600000000001
1188.0,CUST_00192,2025-11-11 05:22:02.998473,149.26,4.0,toys,Wallet,False,transactions,,,,,,,,,842.55,Q4,1,2025,11,4,Tuesday,0,1,2025-08-13 05:22:02.994451,2026-07-26 05:22:03.002614,90,11,10,Regular,False,False,False,False,False,False,False,True,11,10,842.55
1189.0,CUST_00405,2025-10-13 05:22:02.998479,67.34,1.0,sports,Debit Card,False,transactions,,,,,,,,,732.48,Q2,0,2025,10,4,Monday,0,0,2025-08-16 05:22:02.995665,2026-08-04 05:22:02.994934,58,3,5,Occasional,False,False,False,False,False,False,True,False,3,5,732.48
1190.0,CUST_00121,2026-01-17 05:22:02.998484,142.66,2.0,books,Wallet,False,transactions,,,,,,,,,522.34,Q4,1,2026,1,1,Saturday,1,0,2025-11-24 05:22:02.995692,2026-05-11 05:22:02.996127,54,88,4,Occasional,False,True,False,False,False,False,False,False,88,4,522.34
1191.0,CUST_00479,2026-01-28 05:22:02.998492,152.41,3.0,clothing,Credit Card,False,transactions,,,,,,,,,589.47,Q4,1,2026,1,1,Wednesday,0,0,2025-12-07 05:22:02.992656,2026-05-19 05:22:02.994400,52,80,4,Occasional,False,False,True,False,False,False,False,False,80,4,589.47
1192.0,CUST_00266,2026-02-08 05:22:02.998497,236.49,2.0,electronics,PayPal,False,transactions,,,,,,,,,794.69,Q4,1,2026,2,1,Sunday,1,0,2025-10-04 05:22:03.000188,2026-04-22 05:22:03.001453,126,107,6,Regular,False,False,False,True,False,False,False,False,107,6,794.69
1193.0,CUST_00240,2025-12-29 05:22:02.998529,81.53,4.0,beauty,PayPal,False,transactions,,,,,,,,,1090.39,Q2,0,2025,12,4,Monday,0,1,2025-09-03 05:22:02.996364,2026-03-21 05:22:02.992685,117,139,9,Regular,True,False,False,False,False,False,False,False,139,9,1090.39
1194.0,CUST_00013,2026-05-08 05:22:02.998547,108.71,4.0,sports,Credit Card,False,transactions,,,,,,,,,313.61,Q3,0,2026,5,2,Friday,0,0,2025-08-19 05:22:03.001239,2026-06-02 05:22:03.000225,261,66,4,Occasional,False,False,False,False,False,False,True,False,66,4,313.61
1195.0,CUST_00043,2026-03-10 05:22:02.998555,128.76,5.0,clothing,Debit Card,False,transactions,,,,,,,,,421.98,Q3,0,2026,3,1,Tuesday,0,0,2025-11-05 05:22:02.996853,2026-08-01 05:22:03.003062,125,5,5,Occasional,False,False,True,False,False,False,False,False,5,5,421.98
1196.0,CUST_00037,2026-02-04 05:22:02.998562,99.9,1.0,sports,PayPal,False,transactions,,,,,,,,,623.71,Q3,0,2026,2,1,Wednesday,0,0,2026-01-01 05:22:02.999727,2026-08-01 05:22:02.995438,33,6,5,Occasional,False,False,False,False,False,False,True,False,6,5,623.71
1197.0,CUST_00382,2025-08-23 05:22:02.998568,58.31,3.0,sports,Debit Card,True,transactions,,,,,,,,,1186.79,Q1,0,2025,8,3,Saturday,1,0,2025-08-23 05:22:02.998568,2026-08-04 05:22:02.999405,0,3,9,Regular,False,False,False,False,False,False,True,False,3,9,1186.79
1198.0,CUST_00386,2025-11-02 05:22:02.998574,189.38,3.0,electronics,PayPal,True,transactions,,,,,,,,,860.97,Q4,1,2025,11,4,Sunday,1,1,2025-08-10 05:22:02.998125,2026-06-14 05:22:03.001297,84,54,7,Regular,False,False,False,True,False,False,False,False,54,7,860.97
1199.0,CUST_00401,2026-01-13 05:22:02.998579,105.4,4.0,electronics,Debit Card,True,transactions,,,,,,,,,866.36,Q3,0,2026,1,1,Tuesday,0,0,2025-12-02 05:22:02.993748,2026-07-09 05:22:03.001072,42,29,8,Regular,False,False,False,True,False,False,False,False,29,8,866.36
1200.0,CUST_00117,2026-04-13 05:22:02.998585,30.8,2.0,toys,Wallet,True,transactions,,,,,,,,,76.62,Q1,0,2026,4,2,Monday,0,0,2026-04-13 05:22:02.998585,2026-07-24 05:22:03.002415,0,13,2,Occasional,False,False,False,False,False,False,False,True,13,2,76.62
1201.0,CUST_00237,2026-02-14 05:22:02.998591,42.02,1.0,beauty,Wallet,True,transactions,,,,,,,,,252.44,Q1,0,2026,2,1,Saturday,1,0,2025-08-10 05:22:02.993121,2026-02-14 05:22:02.998591,188,174,4,Occasional,True,False,False,False,False,False,False,False,174,4,252.44
1202.0,CUST_00358,2026-01-06 05:22:02.998600,78.4,2.0,toys,Credit Card,False,transactions,,,,,,,,,679.42,Q2,0,2026,1,1,Tuesday,0,0,2025-09-16 05:22:03.003114,2026-07-10 05:22:03.003393,111,27,7,Regular,False,False,False,False,False,False,False,True,27,7,679.42
1203.0,CUST_00296,2026-06-03 05:22:02.998605,66.6,3.0,electronics,PayPal,False,transactions,,,,,,,,,686.35,Q2,0,2026,6,2,Wednesday,0,0,2025-09-18 05:22:02.993315,2026-06-03 05:22:02.998605,258,65,6,Regular,False,False,False,True,False,False,False,False,65,6,686.35
1204.0,CUST_00215,2026-01-02 05:22:02.998611,36.39,4.0,books,Credit Card,False,transactions,,,,,,,,,145.29,Q1,0,2026,1,1,Friday,0,0,2025-08-11 05:22:02.999368,2026-01-02 05:22:02.998611,143,217,3,Occasional,False,True,False,False,False,False,False,False,217,3,145.29
1205.0,CUST_00017,2026-05-28 05:22:02.998616,43.9,2.0,beauty,Wallet,True,transactions,,,,,,,,,477.71999999999997,Q1,0,2026,5,2,Thursday,0,0,2025-08-23 05:22:03.002338,2026-05-28 05:22:02.998616,277,71,7,Regular,True,False,False,False,False,False,False,False,71,7,477.71999999999997
1206.0,CUST_00105,2026-01-19 05:22:02.998622,258.21,1.0,groceries,Credit Card,False,transactions,,,,,,,,,527.85,Q4,1,2026,1,1,Monday,0,0,2025-10-14 05:22:02.999706,2026-07-30 05:22:02.999841,96,8,3,Occasional,False,False,False,False,True,False,False,False,8,3,527.85
1207.0,CUST_00493,2025-12-19 05:22:02.998627,184.08,3.0,clothing,Debit Card,False,transactions,,,,,,,,,273.15,Q4,1,2025,12,4,Friday,0,1,2025-12-19 05:22:02.998627,2026-07-08 05:22:02.993630,0,30,2,Occasional,False,False,True,False,False,False,False,False,30,2,273.15
1208.0,CUST_00353,2025-10-03 05:22:02.998633,218.24,4.0,electronics,Credit Card,True,transactions,,,,,,,,,871.96,Q4,1,2025,10,4,Friday,0,0,2025-09-25 05:22:03.002103,2026-06-28 05:22:02.993020,7,40,8,Regular,False,False,False,True,False,False,False,False,40,8,871.96
1209.0,CUST_00198,2026-03-15 05:22:02.998638,252.98,2.0,sports,Credit Card,False,transactions,,,,,,,,,717.27,Q4,1,2026,3,1,Sunday,1,0,2025-08-19 05:22:02.994360,2026-03-15 05:22:02.998638,208,145,3,Occasional,False,False,False,False,False,False,True,False,145,3,717.27
1210.0,CUST_00189,2025-11-15 05:22:02.998643,78.11,1.0,home  garden,Wallet,False,transactions,,,,,,,,,295.54999999999995,Q2,0,2025,11,4,Saturday,1,1,2025-11-15 05:22:02.992311,2026-02-03 05:22:03.002012,0,184,3,Occasional,False,False,False,False,False,True,False,False,184,3,295.54999999999995
1211.0,CUST_00057,2026-06-02 05:22:02.998649,142.65,5.0,groceries,Credit Card,False,transactions,,,,,,,,,429.26,Q4,1,2026,6,2,Tuesday,0,0,2025-11-14 05:22:02.997051,2026-06-02 05:22:02.998649,200,66,4,Occasional,False,False,False,False,True,False,False,False,66,4,429.26
1212.0,CUST_00463,2026-04-24 05:22:02.998654,18.54,2.0,sports,Wallet,False,transactions,,,,,,,,,240.89,Q1,0,2026,4,2,Friday,0,0,2026-04-24 05:22:02.998654,2026-05-27 05:22:02.995814,0,72,2,Occasional,False,False,False,False,False,False,True,False,72,2,240.89
1213.0,CUST_00295,2026-03-02 05:22:02.998659,136.57,5.0,sports,Wallet,False,transactions,,,,,,,,,742.64,Q3,0,2026,3,1,Monday,0,0,2025-12-31 05:22:02.992052,2026-08-06 05:22:02.996409,61,1,6,Regular,False,False,False,False,False,False,True,False,1,6,742.64
1214.0,CUST_00004,2026-05-26 05:22:02.998664,55.61,4.0,clothing,Debit Card,False,transactions,,,,,,,,,445.68,Q1,0,2026,5,2,Tuesday,0,0,2025-09-26 05:22:02.999437,2026-07-05 05:22:02.998870,241,33,5,Occasional,False,False,True,False,False,False,False,False,33,5,445.68
1215.0,CUST_00467,2025-10-20 05:22:02.998670,68.18,4.0,toys,Credit Card,True,transactions,,,,,,,,,320.31,Q2,0,2025,10,4,Monday,0,0,2025-09-04 05:22:02.998686,2026-07-10 05:22:02.992407,45,28,4,Occasional,False,False,False,False,False,False,False,True,28,4,320.31
1216.0,CUST_00148,2025-09-11 05:22:02.998675,116.41,4.0,beauty,PayPal,False,transactions,,,,,,,,,456.99,Q3,0,2025,9,3,Thursday,0,0,2025-08-11 05:22:03.000559,2026-07-25 05:22:03.002390,30,12,5,Occasional,True,False,False,False,False,False,False,False,12,5,456.99
1217.0,CUST_00422,2026-05-10 05:22:02.998681,95.14,4.0,sports,Wallet,False,transactions,,,,,,,,,1100.56,Q3,0,2026,5,2,Sunday,1,0,2025-09-09 05:22:02.994639,2026-05-25 05:22:02.994987,243,74,10,Regular,False,False,False,False,False,False,True,False,74,10,1100.56
1218.0,CUST_00467,2025-09-04 05:22:02.998686,66.1,2.0,clothing,Credit Card,False,transactions,,,,,,,,,320.31,Q2,0,2025,9,3,Thursday,0,0,2025-09-04 05:22:02.998686,2026-07-10 05:22:02.992407,0,28,4,Occasional,False,False,True,False,False,False,False,False,28,4,320.31
1219.0,CUST_00446,2026-05-19 05:22:02.998691,68.51,3.0,books,Credit Card,False,transactions,,,,,,,,,630.79,Q2,0,2026,5,2,Tuesday,0,0,2025-08-09 05:22:02.999471,2026-08-03 05:22:03.001902,282,3,6,Regular,False,True,False,False,False,False,False,False,3,6,630.79
1220.0,CUST_00370,2026-04-18 05:22:02.998697,48.45,4.0,groceries,Credit Card,True,transactions,,,,,,,,,255.55,Q1,0,2026,4,2,Saturday,1,0,2025-11-12 05:22:03.002843,2026-04-18 05:22:02.998697,156,111,4,Occasional,False,False,False,False,True,False,False,False,111,4,255.55
1221.0,CUST_00040,2026-06-15 05:22:02.998702,35.58,5.0,beauty,Debit Card,False,transactions,,,,,,,,,613.99,Q1,0,2026,6,2,Monday,0,0,2025-09-11 05:22:02.992107,2026-07-01 05:22:03.001485,277,37,6,Regular,True,False,False,False,False,False,False,False,37,6,613.99
1222.0,CUST_00260,2026-07-16 05:22:02.998709,34.05,4.0,electronics,Wallet,False,transactions,,,,,,,,,347.92,Q1,0,2026,7,3,Thursday,0,0,2025-12-25 05:22:03.001133,2026-07-16 05:22:02.998709,202,22,4,Occasional,False,False,False,True,False,False,False,False,22,4,347.92
1223.0,CUST_00382,2026-01-15 05:22:02.998715,161.49,2.0,,PayPal,False,transactions,,,,,,,,,1186.79,Q4,1,2026,1,1,Thursday,0,0,2025-08-23 05:22:02.998568,2026-08-04 05:22:02.999405,145,3,9,Regular,False,False,False,False,False,False,False,False,3,9,1186.79
1224.0,CUST_00470,2026-05-30 05:22:02.998720,81.33,3.0,toys,Credit Card,False,transactions,,,,,,,,,560.4200000000001,Q2,0,2026,5,2,Saturday,1,0,2025-09-01 05:22:02.996096,2026-05-30 05:22:02.998720,271,69,5,Occasional,False,False,False,False,False,False,False,True,69,5,560.4200000000001
1225.0,CUST_00337,2026-04-05 05:22:02.998729,229.87,4.0,home  garden,PayPal,True,transactions,,,,,,,,,477.74,Q4,1,2026,4,2,Sunday,1,0,2025-08-25 05:22:02.998363,2026-05-29 05:22:02.995706,223,70,3,Occasional,False,False,False,False,False,True,False,False,70,3,477.74
1226.0,CUST_00088,2026-07-29 05:22:02.998740,149.63,5.0,clothing,Credit Card,False,transactions,,,,,,,,,620.36,Q4,1,2026,7,3,Wednesday,0,0,2026-01-27 05:22:02.993877,2026-07-29 05:22:02.998740,183,9,6,Regular,False,False,True,False,False,False,False,False,9,6,620.36
1227.0,CUST_00201,2026-05-13 05:22:02.998747,125.35,1.0,electronics,Debit Card,False,transactions,,,,,,,,,364.64,Q3,0,2026,5,2,Wednesday,0,0,2025-10-10 05:22:03.000638,2026-05-13 05:22:02.998747,214,86,3,Occasional,False,False,False,True,False,False,False,False,86,3,364.64
1228.0,CUST_00092,2026-04-19 05:22:02.998752,42.5,1.0,sports,Credit Card,True,transactions,,,,,,,,,1025.5700000000002,Q1,0,2026,4,2,Sunday,1,0,2025-08-12 05:22:02.996074,2026-08-02 05:22:03.001766,250,4,9,Regular,False,False,False,False,False,False,True,False,4,9,1025.5700000000002
1229.0,CUST_00416,2025-11-13 05:22:02.998757,41.83,1.0,groceries,Wallet,False,transactions,,,,,,,,,407.99,Q1,0,2025,11,4,Thursday,0,1,2025-10-23 05:22:02.991428,2026-01-31 05:22:03.000409,21,188,4,Occasional,False,False,False,False,True,False,False,False,188,4,407.99
1230.0,CUST_00003,2026-07-14 05:22:02.998763,103.22,4.0,sports,PayPal,True,transactions,,,,,,,,,384.24,Q3,0,2026,7,3,Tuesday,0,0,2025-10-18 05:22:02.994721,2026-07-14 05:22:02.998763,269,24,3,Occasional,False,False,False,False,False,False,True,False,24,3,384.24
1231.0,CUST_00103,2026-06-22 05:22:02.998768,98.4,1.0,,Credit Card,False,transactions,,,,,,,,,908.8100000000001,Q3,0,2026,6,2,Monday,0,0,2026-03-26 05:22:02.994312,2026-06-22 05:22:02.998768,88,46,6,Regular,False,False,False,False,False,False,False,False,46,6,908.8100000000001
1232.0,CUST_00099,2025-08-24 05:22:02.998773,69.25,1.0,sports,Credit Card,True,transactions,,,,,,,,,403.45,Q2,0,2025,8,3,Sunday,1,0,2025-08-24 05:22:02.998773,2026-04-03 05:22:02.992614,0,126,6,Regular,False,False,False,False,False,False,True,False,126,6,403.45
1233.0,CUST_00426,2025-09-01 05:22:02.998779,122.77,2.0,,Credit Card,True,transactions,,,,,,,,,236.79,Q3,0,2025,9,3,Monday,0,0,2025-09-01 05:22:02.998779,2026-05-03 05:22:02.996975,0,96,2,Occasional,False,False,False,False,False,False,False,False,96,2,236.79
1234.0,CUST_00166,2025-10-24 05:22:02.998790,115.7,2.0,sports,Wallet,True,transactions,,,,,,,,,567.37,Q3,0,2025,10,4,Friday,0,0,2025-08-20 05:22:03.000404,2026-06-03 05:22:02.999820,64,65,6,Regular,False,False,False,False,False,False,True,False,65,6,567.37
1235.0,CUST_00062,2026-04-11 05:22:02.998796,101.96,2.0,clothing,Debit Card,False,transactions,,,,,,,,,363.98,Q3,0,2026,4,2,Saturday,1,0,2025-10-24 05:22:02.997794,2026-06-04 05:22:03.000427,169,64,4,Occasional,False,False,True,False,False,False,False,False,64,4,363.98
1236.0,CUST_00335,2026-02-27 05:22:02.998801,192.01,1.0,groceries,Debit Card,False,transactions,,,,,,,,,234.10999999999999,Q4,1,2026,2,1,Friday,0,0,2025-12-23 05:22:02.999229,2026-02-27 05:22:02.998801,65,161,2,Occasional,False,False,False,False,True,False,False,False,161,2,234.10999999999999
1237.0,CUST_00418,2026-03-18 05:22:02.998806,274.97,5.0,,Debit Card,False,transactions,,,,,,,,,994.5699999999999,Q4,1,2026,3,1,Wednesday,0,0,2025-09-27 05:22:02.998165,2026-07-23 05:22:02.995698,172,15,7,Regular,False,False,False,False,False,False,False,False,15,7,994.5699999999999
1238.0,CUST_00393,2025-10-05 05:22:02.998811,96.15,4.0,clothing,Debit Card,False,transactions,,,,,,,,,1145.53,Q3,0,2025,10,4,Sunday,1,0,2025-08-22 05:22:03.002710,2026-06-10 05:22:02.999544,43,58,10,Regular,False,False,True,False,False,False,False,False,58,10,1145.53
1239.0,CUST_00049,2025-10-04 05:22:02.998817,77.85,3.0,groceries,Debit Card,False,transactions,,,,,,,,,477.57,Q2,0,2025,10,4,Saturday,1,0,2025-10-04 05:22:02.998817,2026-05-05 05:22:02.992702,0,94,4,Occasional,False,False,False,False,True,False,False,False,94,4,477.57
1241.0,CUST_00300,2025-12-21 05:22:02.998831,108.34,4.0,sports,Credit Card,False,transactions,,,,,,,,,1011.3299999999999,Q3,0,2025,12,4,Sunday,1,1,2025-08-16 05:22:02.995819,2026-06-27 05:22:02.997671,127,41,8,Regular,False,False,False,False,False,False,True,False,41,8,1011.3299999999999
1242.0,CUST_00316,2026-06-05 05:22:02.998837,157.71,3.0,sports,Debit Card,False,transactions,,,,,,,,,749.88,Q4,1,2026,6,2,Friday,0,0,2025-08-21 05:22:02.993420,2026-06-05 05:22:03.000782,288,63,8,Regular,False,False,False,False,False,False,True,False,63,8,749.88
1243.0,CUST_00031,2026-05-29 05:22:02.998843,55.15,3.0,toys,Debit Card,False,transactions,,,,,,,,,365.79999999999995,Q1,0,2026,5,2,Friday,0,0,2025-11-18 05:22:03.002689,2026-07-03 05:22:02.992771,191,35,5,Occasional,False,False,False,False,False,False,False,True,35,5,365.79999999999995
1244.0,CUST_00329,2026-07-19 05:22:02.998848,54.47,2.0,toys,PayPal,False,transactions,,,,,,,,,784.36,Q1,0,2026,7,3,Sunday,1,0,2025-08-30 05:22:02.999235,2026-07-19 05:22:02.998848,322,19,7,Regular,False,False,False,False,False,False,False,True,19,7,784.36
1245.0,CUST_00163,2025-09-12 05:22:02.998853,78.31,1.0,groceries,PayPal,True,transactions,,,,,,,,,821.9399999999999,Q2,0,2025,9,3,Friday,0,0,2025-08-09 05:22:02.997491,2026-06-10 05:22:03.000108,34,58,9,Regular,False,False,False,False,True,False,False,False,58,9,821.9399999999999
1246.0,CUST_00118,2026-02-19 05:22:02.998859,106.26,3.0,sports,Credit Card,True,transactions,,,,,,,,,138.98000000000002,Q3,0,2026,2,1,Thursday,0,0,2026-02-19 05:22:02.998859,2026-03-12 05:22:03.001459,0,148,2,Occasional,False,False,False,False,False,False,True,False,148,2,138.98000000000002
1247.0,CUST_00341,2026-04-02 05:22:02.998865,111.72,2.0,groceries,Debit Card,False,transactions,,,,,,,,,426.43,Q3,0,2026,4,2,Thursday,0,0,2025-08-16 05:22:02.996781,2026-04-02 05:22:02.998865,229,127,3,Occasional,False,False,False,False,True,False,False,False,127,3,426.43
1248.0,CUST_00004,2026-07-05 05:22:02.998870,71.99,4.0,clothing,Credit Card,False,transactions,,,,,,,,,445.68,Q2,0,2026,7,3,Sunday,1,0,2025-09-26 05:22:02.999437,2026-07-05 05:22:02.998870,281,33,5,Occasional,False,False,True,False,False,False,False,False,33,5,445.68
1249.0,CUST_00073,2026-04-25 05:22:02.998876,128.1,2.0,clothing,Debit Card,False,transactions,,,,,,,,,128.1,Q3,0,2026,4,2,Saturday,1,0,2026-04-25 05:22:02.998876,2026-04-25 05:22:02.998876,0,104,1,One-time,False,False,True,False,False,False,False,False,104,1,128.1
1250.0,CUST_00041,2026-01-01 05:22:02.998881,121.33,4.0,books,Debit Card,False,transactions,,,,,,,,,863.45,Q3,0,2026,1,1,Thursday,0,0,2025-09-21 05:22:02.999965,2026-05-27 05:22:02.996223,101,72,7,Regular,False,True,False,False,False,False,False,False,72,7,863.45
1251.0,CUST_00091,2025-10-01 05:22:02.998886,243.93,2.0,books,Wallet,True,transactions,,,,,,,,,714.52,Q4,1,2025,10,4,Wednesday,0,0,2025-10-01 05:22:02.998886,2026-05-03 05:22:02.999717,0,96,5,Occasional,False,True,False,False,False,False,False,False,96,5,714.52
1252.0,CUST_00104,2026-03-21 05:22:02.998891,55.92,4.0,clothing,PayPal,False,transactions,,,,,,,,,330.49,Q1,0,2026,3,1,Saturday,1,0,2025-11-13 05:22:02.994902,2026-07-16 05:22:02.992287,128,22,6,Regular,False,False,True,False,False,False,False,False,22,6,330.49
1253.0,CUST_00086,2025-12-09 05:22:02.998897,152.4,4.0,groceries,Wallet,True,transactions,,,,,,,,,454.84,Q4,1,2025,12,4,Tuesday,0,1,2025-12-09 05:22:02.998897,2026-06-28 05:22:02.999017,0,40,5,Occasional,False,False,False,False,True,False,False,False,40,5,454.84
1254.0,CUST_00420,2025-12-04 05:22:02.998902,94.85,1.0,groceries,Credit Card,True,transactions,,,,,,,,,145.20999999999998,Q3,0,2025,12,4,Thursday,0,1,2025-12-04 05:22:02.998902,2026-03-26 05:22:02.995395,0,134,2,Occasional,False,False,False,False,True,False,False,False,134,2,145.20999999999998
1255.0,CUST_00472,2026-03-07 05:22:02.998910,66.65,5.0,home  garden,Debit Card,False,transactions,,,,,,,,,1449.15,Q2,0,2026,3,1,Saturday,1,0,2025-08-28 05:22:02.994535,2026-04-25 05:22:02.993473,191,104,10,Regular,False,False,False,False,False,True,False,False,104,10,1449.15
1256.0,CUST_00238,2026-03-04 05:22:02.998918,41.37,4.0,books,Wallet,False,transactions,,,,,,,,,457.98,Q1,0,2026,3,1,Wednesday,0,0,2025-10-28 05:22:02.998076,2026-05-29 05:22:02.996683,127,70,4,Occasional,False,True,False,False,False,False,False,False,70,4,457.98
1257.0,CUST_00070,2025-12-10 05:22:02.998923,108.45,2.0,home  garden,Credit Card,False,transactions,,,,,,,,,175.92000000000002,Q3,0,2025,12,4,Wednesday,0,1,2025-12-10 05:22:02.998923,2025-12-21 05:22:03.003374,0,228,2,Occasional,False,False,False,False,False,True,False,False,228,2,175.92000000000002
1258.0,CUST_00257,2026-01-28 05:22:02.998928,78.03,4.0,groceries,Wallet,True,transactions,,,,,,,,,469.58000000000004,Q2,0,2026,1,1,Wednesday,0,0,2025-11-19 05:22:02.994801,2026-04-30 05:22:02.999944,70,99,5,Occasional,False,False,False,False,True,False,False,False,99,5,469.58000000000004
1259.0,CUST_00192,2026-01-23 05:22:02.998933,103.16,4.0,books,Credit Card,False,transactions,,,,,,,,,842.55,Q3,0,2026,1,1,Friday,0,0,2025-08-13 05:22:02.994451,2026-07-26 05:22:03.002614,163,11,10,Regular,False,True,False,False,False,False,False,False,11,10,842.55
1260.0,CUST_00020,2026-06-05 05:22:02.998939,37.88,4.0,home  garden,Wallet,True,transactions,,,,,,,,,276.2,Q1,0,2026,6,2,Friday,0,0,2025-10-06 05:22:02.996563,2026-06-05 05:22:02.998939,242,63,5,Occasional,False,False,False,False,False,True,False,False,63,5,276.2
1261.0,CUST_00395,2026-02-10 05:22:02.998947,106.73,5.0,toys,PayPal,False,transactions,,,,,,,,,474.82,Q3,0,2026,2,1,Tuesday,0,0,2025-08-29 05:22:03.001761,2026-04-05 05:22:02.995046,164,124,3,Occasional,False,False,False,False,False,False,False,True,124,3,474.82
1262.0,CUST_00334,2026-01-22 05:22:02.998958,102.21,4.0,sports,Credit Card,True,transactions,,,,,,,,,356.01,Q3,0,2026,1,1,Thursday,0,0,2025-09-05 05:22:03.000808,2026-04-04 05:22:03.002463,138,124,3,Occasional,False,False,False,False,False,False,True,False,124,3,356.01
1263.0,CUST_00186,2025-09-18 05:22:02.998963,159.73,1.0,home  garden,Wallet,True,transactions,,,,,,,,,159.73,Q4,1,2025,9,3,Thursday,0,0,2025-09-18 05:22:02.998963,2025-09-18 05:22:02.998963,0,323,1,One-time,False,False,False,False,False,True,False,False,323,1,159.73
1264.0,CUST_00076,2026-03-30 05:22:02.998969,231.79,2.0,,Credit Card,False,transactions,,,,,,,,,703.08,Q4,1,2026,3,1,Monday,0,0,2025-09-30 05:22:03.002109,2026-07-10 05:22:02.995884,180,28,8,Regular,False,False,False,False,False,False,False,False,28,8,703.08
1265.0,CUST_00470,2026-01-23 05:22:02.998974,124.79,4.0,clothing,Debit Card,True,transactions,,,,,,,,,560.4200000000001,Q3,0,2026,1,1,Friday,0,0,2025-09-01 05:22:02.996096,2026-05-30 05:22:02.998720,144,69,5,Occasional,False,False,True,False,False,False,False,False,69,5,560.4200000000001
1266.0,CUST_00085,2026-01-01 05:22:02.998980,63.43,3.0,books,Wallet,False,transactions,,,,,,,,,213.54000000000002,Q2,0,2026,1,1,Thursday,0,0,2025-12-25 05:22:02.993415,2026-01-01 05:22:02.998980,7,218,2,Occasional,False,True,False,False,False,False,False,False,218,2,213.54000000000002
1267.0,CUST_00376,2026-01-09 05:22:02.998985,108.77,1.0,clothing,PayPal,True,transactions,,,,,,,,,832.61,Q3,0,2026,1,1,Friday,0,0,2025-10-17 05:22:02.996932,2026-06-17 05:22:03.002037,84,50,7,Regular,False,False,True,False,False,False,False,False,50,7,832.61
1268.0,CUST_00138,2026-04-22 05:22:02.998991,82.49,4.0,,Debit Card,True,transactions,,,,,,,,,203.25,Q2,0,2026,4,2,Wednesday,0,0,2025-09-04 05:22:03.000177,2026-04-22 05:22:02.998991,229,107,3,Occasional,False,False,False,False,False,False,False,False,107,3,203.25
1269.0,CUST_00001,2026-06-19 05:22:02.998996,122.56,1.0,groceries,PayPal,True,transactions,,,,,,,,,520.5,Q3,0,2026,6,2,Friday,0,0,2025-12-31 05:22:02.993354,2026-07-19 05:22:02.996404,170,19,5,Occasional,False,False,False,False,True,False,False,False,19,5,520.5
1270.0,CUST_00088,2026-05-09 05:22:02.999001,28.31,3.0,home  garden,Debit Card,False,transactions,,,,,,,,,620.36,Q1,0,2026,5,2,Saturday,1,0,2026-01-27 05:22:02.993877,2026-07-29 05:22:02.998740,102,9,6,Regular,False,False,False,False,False,True,False,False,9,6,620.36
1271.0,CUST_00258,2026-06-12 05:22:02.999007,185.43,4.0,sports,Credit Card,True,transactions,,,,,,,,,461.89,Q4,1,2026,6,2,Friday,0,0,2025-09-01 05:22:03.000677,2026-06-12 05:22:02.999007,283,56,3,Occasional,False,False,False,False,False,False,True,False,56,3,461.89
1272.0,CUST_00415,2026-05-01 05:22:02.999012,54.94,3.0,groceries,Credit Card,True,transactions,,,,,,,,,266.84999999999997,Q1,0,2026,5,2,Friday,0,0,2025-09-19 05:22:03.001567,2026-05-01 05:22:02.999012,223,98,4,Occasional,False,False,False,False,True,False,False,False,98,4,266.84999999999997
1273.0,CUST_00086,2026-06-28 05:22:02.999017,53.18,3.0,clothing,PayPal,False,transactions,,,,,,,,,454.84,Q1,0,2026,6,2,Sunday,1,0,2025-12-09 05:22:02.998897,2026-06-28 05:22:02.999017,201,40,5,Occasional,False,False,True,False,False,False,False,False,40,5,454.84
1274.0,CUST_00016,2025-10-12 05:22:02.999022,98.35,2.0,toys,Credit Card,False,transactions,,,,,,,,,273.96000000000004,Q3,0,2025,10,4,Sunday,1,0,2025-10-12 05:22:02.999022,2025-11-26 05:22:03.002828,0,253,2,Occasional,False,False,False,False,False,False,False,True,253,2,273.96000000000004
1275.0,CUST_00137,2026-08-04 05:22:02.999028,82.26,5.0,electronics,Credit Card,False,transactions,,,,,,,,,231.98000000000002,Q2,0,2026,8,3,Tuesday,0,0,2025-11-10 05:22:02.995452,2026-08-04 05:22:02.999028,267,3,4,Occasional,False,False,False,True,False,False,False,False,3,4,231.98000000000002
1276.0,CUST_00267,2026-03-24 05:22:02.999033,122.66,4.0,toys,Wallet,False,transactions,,,,,,,,,758.0699999999999,Q3,0,2026,3,1,Tuesday,0,0,2025-09-11 05:22:02.996773,2026-06-04 05:22:03.001316,194,64,6,Regular,False,False,False,False,False,False,False,True,64,6,758.0699999999999
1277.0,CUST_00350,2026-02-13 05:22:02.999039,104.7,3.0,sports,Wallet,False,transactions,,,,,,,,,354.59000000000003,Q3,0,2026,2,1,Friday,0,0,2025-10-29 05:22:02.999598,2026-04-01 05:22:02.994566,106,128,4,Occasional,False,False,False,False,False,False,True,False,128,4,354.59000000000003
1278.0,CUST_00030,2026-02-06 05:22:02.999044,167.2,3.0,,Wallet,True,transactions,,,,,,,,,479.33,Q4,1,2026,2,1,Friday,0,0,2025-10-19 05:22:03.001783,2026-08-05 05:22:02.994162,109,2,5,Occasional,False,False,False,False,False,False,False,False,2,5,479.33
1279.0,CUST_00455,2026-05-28 05:22:02.999049,84.54,1.0,clothing,PayPal,True,transactions,,,,,,,,,729.98,Q2,0,2026,5,2,Thursday,0,0,2025-11-02 05:22:02.997875,2026-07-12 05:22:02.995339,207,26,6,Regular,False,False,True,False,False,False,False,False,26,6,729.98
1280.0,CUST_00385,2026-04-02 05:22:02.999057,107.49,3.0,toys,Wallet,False,transactions,,,,,,,,,223.76,Q3,0,2026,4,2,Thursday,0,0,2026-01-09 05:22:02.993303,2026-04-02 05:22:02.999057,83,127,3,Occasional,False,False,False,False,False,False,False,True,127,3,223.76
1281.0,CUST_00339,2026-05-03 05:22:02.999063,250.65,1.0,,PayPal,True,transactions,,,,,,,,,468.2,Q4,1,2026,5,2,Sunday,1,0,2026-03-22 05:22:02.995671,2026-06-10 05:22:03.001393,42,58,3,Occasional,False,False,False,False,False,False,False,False,58,3,468.2
1282.0,CUST_00497,2026-02-22 05:22:02.999068,55.58,4.0,sports,Wallet,True,transactions,,,,,,,,,279.36,Q1,0,2026,2,1,Sunday,1,0,2025-08-23 05:22:02.996757,2026-04-16 05:22:02.999336,183,113,4,Occasional,False,False,False,False,False,False,True,False,113,4,279.36
1283.0,CUST_00407,2026-06-27 05:22:02.999074,46.11,3.0,groceries,Wallet,True,transactions,,,,,,,,,377.78,Q1,0,2026,6,2,Saturday,1,0,2025-08-25 05:22:02.996157,2026-06-27 05:22:02.999074,306,41,5,Occasional,False,False,False,False,True,False,False,False,41,5,377.78
1284.0,CUST_00439,2025-08-14 05:22:02.999079,99.89,1.0,groceries,Debit Card,True,transactions,,,,,,,,,289.96,Q3,0,2025,8,3,Thursday,0,0,2025-08-14 05:22:02.999079,2025-12-10 05:22:03.000167,0,240,5,Occasional,False,False,False,False,True,False,False,False,240,5,289.96
1285.0,CUST_00446,2025-11-14 05:22:02.999084,28.75,5.0,electronics,Credit Card,False,transactions,,,,,,,,,630.79,Q1,0,2025,11,4,Friday,0,1,2025-08-09 05:22:02.999471,2026-08-03 05:22:03.001902,96,3,6,Regular,False,False,False,True,False,False,False,False,3,6,630.79
1286.0,CUST_00345,2025-10-31 05:22:02.999090,48.58,4.0,home  garden,Credit Card,False,transactions,,,,,,,,,161.38,Q1,0,2025,10,4,Friday,0,0,2025-08-09 05:22:03.003086,2026-03-03 05:22:02.992761,82,157,3,Occasional,False,False,False,False,False,True,False,False,157,3,161.38
1287.0,CUST_00277,2026-04-06 05:22:02.999095,40.1,2.0,sports,Credit Card,False,transactions,,,,,,,,,673.65,Q1,0,2026,4,2,Monday,0,0,2025-08-24 05:22:03.003254,2026-04-06 05:22:02.999095,224,123,5,Occasional,False,False,False,False,False,False,True,False,123,5,673.65
1288.0,CUST_00367,2026-07-24 05:22:02.999103,16.06,2.0,beauty,PayPal,False,transactions,,,,,,,,,817.11,Q1,0,2026,7,3,Friday,0,0,2025-11-19 05:22:03.002354,2026-07-24 05:22:02.999103,246,14,8,Regular,True,False,False,False,False,False,False,False,14,8,817.11
1289.0,CUST_00132,2025-09-01 05:22:02.999108,57.44,4.0,clothing,Wallet,False,transactions,,,,,,,,,111.1,Q1,0,2025,9,3,Monday,0,0,2025-09-01 05:22:02.999108,2026-07-01 05:22:02.997465,0,37,2,Occasional,False,False,True,False,False,False,False,False,37,2,111.1
1290.0,CUST_00355,2026-02-18 05:22:02.999114,76.99,2.0,clothing,Wallet,True,transactions,,,,,,,,,768.64,Q2,0,2026,2,1,Wednesday,0,0,2025-08-31 05:22:02.996370,2026-06-04 05:22:03.000284,171,64,6,Regular,False,False,True,False,False,False,False,False,64,6,768.64
1291.0,CUST_00381,2026-01-24 05:22:02.999120,60.3,5.0,groceries,Debit Card,False,transactions,,,,,,,,,352.27,Q2,0,2026,1,1,Saturday,1,0,2025-10-19 05:22:02.995793,2026-06-28 05:22:03.002121,97,39,4,Occasional,False,False,False,False,True,False,False,False,39,4,352.27
1292.0,CUST_00149,2026-06-24 05:22:02.999125,38.45,1.0,clothing,Debit Card,True,transactions,,,,,,,,,389.19,Q1,0,2026,6,2,Wednesday,0,0,2026-03-07 05:22:02.992375,2026-06-24 05:22:02.999125,109,44,4,Occasional,False,False,True,False,False,False,False,False,44,4,389.19
1293.0,CUST_00060,2025-10-18 05:22:02.999130,17.78,3.0,home  garden,Wallet,False,transactions,,,,,,,,,916.01,Q1,0,2025,10,4,Saturday,1,0,2025-10-18 05:22:02.999130,2026-08-01 05:22:02.997695,0,6,10,Regular,False,False,False,False,False,True,False,False,6,10,916.01
1294.0,CUST_00001,2026-03-01 05:22:02.999136,70.26,1.0,sports,Wallet,False,transactions,,,,,,,,,520.5,Q2,0,2026,3,1,Sunday,1,0,2025-12-31 05:22:02.993354,2026-07-19 05:22:02.996404,60,19,5,Occasional,False,False,False,False,False,False,True,False,19,5,520.5
1295.0,CUST_00187,2025-08-25 05:22:02.999141,77.33,2.0,sports,Credit Card,False,transactions,,,,,,,,,750.36,Q2,0,2025,8,3,Monday,0,0,2025-08-25 05:22:02.999141,2026-06-10 05:22:03.000279,0,58,6,Regular,False,False,False,False,False,False,True,False,58,6,750.36
1296.0,CUST_00236,2026-02-27 05:22:02.999146,27.57,2.0,books,Wallet,False,transactions,,,,,,,,,207.23999999999998,Q1,0,2026,2,1,Friday,0,0,2025-10-05 05:22:02.998130,2026-02-27 05:22:02.999146,145,161,2,Occasional,False,True,False,False,False,False,False,False,161,2,207.23999999999998
1297.0,CUST_00076,2025-10-04 05:22:02.999152,69.34,3.0,home  garden,Credit Card,False,transactions,,,,,,,,,703.08,Q2,0,2025,10,4,Saturday,1,0,2025-09-30 05:22:03.002109,2026-07-10 05:22:02.995884,3,28,8,Regular,False,False,False,False,False,True,False,False,28,8,703.08
1298.0,CUST_00159,2025-11-23 05:22:02.999157,84.38,1.0,books,Wallet,False,transactions,,,,,,,,,292.90999999999997,Q2,0,2025,11,4,Sunday,1,1,2025-10-03 05:22:02.998356,2026-02-20 05:22:03.001772,51,167,3,Occasional,False,True,False,False,False,False,False,False,167,3,292.90999999999997
1299.0,CUST_00111,2025-11-27 05:22:02.999162,107.14,3.0,groceries,PayPal,False,transactions,,,,,,,,,481.33,Q3,0,2025,11,4,Thursday,0,1,2025-11-27 05:22:02.999162,2026-05-25 05:22:03.003178,0,73,4,Occasional,False,False,False,False,True,False,False,False,73,4,481.33
1300.0,CUST_00367,2026-04-22 05:22:02.999170,133.12,2.0,electronics,Debit Card,True,transactions,,,,,,,,,817.11,Q3,0,2026,4,2,Wednesday,0,0,2025-11-19 05:22:03.002354,2026-07-24 05:22:02.999103,153,14,8,Regular,False,False,False,True,False,False,False,False,14,8,817.11
1301.0,CUST_00373,2026-01-19 05:22:02.999176,159.26,3.0,home  garden,Wallet,False,transactions,,,,,,,,,299.28999999999996,Q4,1,2026,1,1,Monday,0,0,2026-01-19 05:22:02.999176,2026-04-01 05:22:02.996399,0,128,4,Occasional,False,False,False,False,False,True,False,False,128,4,299.28999999999996
1302.0,CUST_00348,2025-12-08 05:22:02.999181,54.86,3.0,groceries,PayPal,False,transactions,,,,,,,,,395.57,Q1,0,2025,12,4,Monday,0,1,2025-10-10 05:22:02.993166,2026-07-27 05:22:02.998243,59,11,6,Regular,False,False,False,False,True,False,False,False,11,6,395.57
1303.0,CUST_00473,2026-04-30 05:22:02.999187,57.36,5.0,groceries,PayPal,True,transactions,,,,,,,,,57.36,Q1,0,2026,4,2,Thursday,0,0,2026-04-30 05:22:02.999187,2026-04-30 05:22:02.999187,0,99,1,One-time,False,False,False,False,True,False,False,False,99,1,57.36
1304.0,CUST_00298,2026-07-11 05:22:02.999192,41.53,3.0,toys,Debit Card,False,transactions,,,,,,,,,480.36,Q1,0,2026,7,3,Saturday,1,0,2026-01-04 05:22:02.999836,2026-07-18 05:22:02.996524,187,20,4,Occasional,False,False,False,False,False,False,False,True,20,4,480.36
1305.0,CUST_00248,2026-03-11 05:22:02.999197,82.64,2.0,sports,Debit Card,True,transactions,,,,,,,,,228.96,Q2,0,2026,3,1,Wednesday,0,0,2025-12-26 05:22:03.003185,2026-05-05 05:22:03.000776,74,94,3,Occasional,False,False,False,False,False,False,True,False,94,3,228.96
1306.0,CUST_00005,2026-02-03 05:22:02.999203,78.69,5.0,clothing,Debit Card,False,transactions,,,,,,,,,426.93,Q2,0,2026,2,1,Tuesday,0,0,2026-02-03 05:22:02.999203,2026-08-01 05:22:02.995118,0,6,5,Occasional,False,False,True,False,False,False,False,False,6,5,426.93
1307.0,CUST_00219,2025-08-25 05:22:02.999208,15.19,2.0,electronics,Wallet,False,transactions,,,,,,,,,582.49,Q1,0,2025,8,3,Monday,0,0,2025-08-25 05:22:02.999208,2026-06-21 05:22:02.997645,0,47,6,Regular,False,False,False,True,False,False,False,False,47,6,582.49
1308.0,CUST_00027,2026-06-08 05:22:02.999213,32.58,5.0,beauty,Debit Card,False,transactions,,,,,,,,,232.82999999999998,Q1,0,2026,6,2,Monday,0,0,2025-09-13 05:22:02.999679,2026-06-08 05:22:02.999213,267,60,3,Occasional,True,False,False,False,False,False,False,False,60,3,232.82999999999998
1309.0,CUST_00207,2026-04-04 05:22:02.999219,86.76,1.0,clothing,Wallet,False,transactions,,,,,,,,,138.18,Q2,0,2026,4,2,Saturday,1,0,2026-03-15 05:22:02.997623,2026-04-04 05:22:02.999219,20,125,2,Occasional,False,False,True,False,False,False,False,False,125,2,138.18
1310.0,CUST_00306,2026-05-11 05:22:02.999224,105.98,4.0,clothing,Wallet,False,transactions,,,,,,,,,564.5799999999999,Q3,0,2026,5,2,Monday,0,0,2025-10-05 05:22:02.993065,2026-08-02 05:22:02.999929,218,5,5,Occasional,False,False,True,False,False,False,False,False,5,5,564.5799999999999
1311.0,CUST_00335,2025-12-23 05:22:02.999229,42.1,3.0,electronics,Credit Card,False,transactions,,,,,,,,,234.10999999999999,Q1,0,2025,12,4,Tuesday,0,1,2025-12-23 05:22:02.999229,2026-02-27 05:22:02.998801,0,161,2,Occasional,False,False,False,True,False,False,False,False,161,2,234.10999999999999
1312.0,CUST_00329,2025-08-30 05:22:02.999235,170.21,5.0,,Wallet,False,transactions,,,,,,,,,784.36,Q4,1,2025,8,3,Saturday,1,0,2025-08-30 05:22:02.999235,2026-07-19 05:22:02.998848,0,19,7,Regular,False,False,False,False,False,False,False,False,19,7,784.36
1313.0,CUST_00382,2026-06-20 05:22:02.999240,187.52,5.0,home  garden,Wallet,False,transactions,,,,,,,,,1186.79,Q4,1,2026,6,2,Saturday,1,0,2025-08-23 05:22:02.998568,2026-08-04 05:22:02.999405,301,3,9,Regular,False,False,False,False,False,True,False,False,3,9,1186.79
1314.0,CUST_00065,2026-06-18 05:22:02.999245,61.26,3.0,clothing,Debit Card,False,transactions,,,,,,,,,285.86,Q2,0,2026,6,2,Thursday,0,0,2026-05-25 05:22:03.002094,2026-06-18 05:22:02.999245,23,50,3,Occasional,False,False,True,False,False,False,False,False,50,3,285.86
1315.0,CUST_00359,2026-07-28 05:22:02.999251,79.64,4.0,toys,Credit Card,True,transactions,,,,,,,,,501.77,Q2,0,2026,7,3,Tuesday,0,0,2026-01-13 05:22:02.991547,2026-07-28 05:22:02.999251,196,10,4,Occasional,False,False,False,False,False,False,False,True,10,4,501.77
1316.0,CUST_00107,2025-09-04 05:22:02.999256,85.87,1.0,home  garden,Debit Card,False,transactions,,,,,,,,,273.06,Q2,0,2025,9,3,Thursday,0,0,2025-09-04 05:22:02.999256,2026-01-19 05:22:03.000248,0,200,5,Occasional,False,False,False,False,False,True,False,False,200,5,273.06
1317.0,CUST_00229,2026-02-28 05:22:02.999262,112.27,1.0,electronics,Debit Card,False,transactions,,,,,,,,,822.6800000000001,Q3,0,2026,2,1,Saturday,1,0,2025-08-14 05:22:02.994966,2026-06-29 05:22:02.997936,198,39,5,Occasional,False,False,False,True,False,False,False,False,39,5,822.6800000000001
1318.0,CUST_00045,2025-10-24 05:22:02.999270,83.53,3.0,electronics,Credit Card,False,transactions,,,,,,,,,209.49,Q2,0,2025,10,4,Friday,0,0,2025-10-24 05:22:02.999270,2026-05-04 05:22:03.001841,0,94,2,Occasional,False,False,False,True,False,False,False,False,94,2,209.49
1319.0,CUST_00187,2025-11-02 05:22:02.999277,91.68,2.0,groceries,Credit Card,False,transactions,,,,,,,,,750.36,Q2,0,2025,11,4,Sunday,1,1,2025-08-25 05:22:02.999141,2026-06-10 05:22:03.000279,69,58,6,Regular,False,False,False,False,True,False,False,False,58,6,750.36
1320.0,CUST_00024,2025-11-15 05:22:02.999283,40.62,3.0,toys,Wallet,False,transactions,,,,,,,,,110.93,Q1,0,2025,11,4,Saturday,1,1,2025-11-15 05:22:02.999283,2025-11-29 05:22:02.998033,0,251,2,Occasional,False,False,False,False,False,False,False,True,251,2,110.93
1321.0,CUST_00268,2026-02-08 05:22:02.999288,51.14,5.0,sports,Credit Card,False,transactions,,,,,,,,,608.49,Q1,0,2026,2,1,Sunday,1,0,2025-09-04 05:22:02.995420,2026-05-30 05:22:02.995257,157,69,6,Regular,False,False,False,False,False,False,True,False,69,6,608.49
1322.0,CUST_00097,2026-05-27 05:22:02.999294,85.81,3.0,sports,Debit Card,False,transactions,,,,,,,,,182.7,Q2,0,2026,5,2,Wednesday,0,0,2025-11-15 05:22:02.991594,2026-05-27 05:22:02.999294,193,72,2,Occasional,False,False,False,False,False,False,True,False,72,2,182.7
1323.0,CUST_00143,2026-06-03 05:22:02.999299,94.38,5.0,groceries,PayPal,False,transactions,,,,,,,,,560.87,Q3,0,2026,6,2,Wednesday,0,0,2025-10-20 05:22:02.998176,2026-07-13 05:22:03.002974,226,24,5,Occasional,False,False,False,False,True,False,False,False,24,5,560.87
1324.0,CUST_00333,2026-05-16 05:22:02.999304,240.58,4.0,toys,PayPal,False,transactions,,,,,,,,,411.41,Q4,1,2026,5,2,Saturday,1,0,2026-02-17 05:22:02.992228,2026-07-02 05:22:02.996112,88,36,5,Occasional,False,False,False,False,False,False,False,True,36,5,411.41
1325.0,CUST_00482,2025-08-17 05:22:02.999310,122.78,2.0,sports,PayPal,True,transactions,,,,,,,,,335.38,Q3,0,2025,8,3,Sunday,1,0,2025-08-17 05:22:02.999310,2026-07-02 05:22:02.994679,0,36,3,Occasional,False,False,False,False,False,False,True,False,36,3,335.38
1326.0,CUST_00357,2025-09-11 05:22:02.999315,38.58,2.0,beauty,Debit Card,False,transactions,,,,,,,,,770.7,Q1,0,2025,9,3,Thursday,0,0,2025-09-11 05:22:02.999315,2026-07-08 05:22:02.994366,0,30,8,Regular,True,False,False,False,False,False,False,False,30,8,770.7
1327.0,CUST_00079,2026-02-27 05:22:02.999320,74.94,4.0,,Debit Card,False,transactions,,,,,,,,,751.87,Q2,0,2026,2,1,Friday,0,0,2025-08-11 05:22:02.991131,2026-07-16 05:22:02.999626,200,22,8,Regular,False,False,False,False,False,False,False,False,22,8,751.87
1328.0,CUST_00064,2025-11-08 05:22:02.999326,71.61,1.0,groceries,Credit Card,False,transactions,,,,,,,,,409.7,Q2,0,2025,11,4,Saturday,1,1,2025-08-24 05:22:02.994052,2026-06-21 05:22:03.002772,76,46,5,Occasional,False,False,False,False,True,False,False,False,46,5,409.7
1329.0,CUST_00171,2026-03-21 05:22:02.999331,80.13,2.0,sports,Credit Card,False,transactions,,,,,,,,,320.76,Q2,0,2026,3,1,Saturday,1,0,2026-03-21 05:22:02.999331,2026-07-11 05:22:03.001946,0,26,3,Occasional,False,False,False,False,False,False,True,False,26,3,320.76
1330.0,CUST_00497,2026-04-16 05:22:02.999336,102.82,4.0,clothing,Credit Card,False,transactions,,,,,,,,,279.36,Q3,0,2026,4,2,Thursday,0,0,2025-08-23 05:22:02.996757,2026-04-16 05:22:02.999336,236,113,4,Occasional,False,False,True,False,False,False,False,False,113,4,279.36
1331.0,CUST_00373,2026-03-04 05:22:02.999341,64.85,5.0,toys,PayPal,True,transactions,,,,,,,,,299.28999999999996,Q2,0,2026,3,1,Wednesday,0,0,2026-01-19 05:22:02.999176,2026-04-01 05:22:02.996399,44,128,4,Occasional,False,False,False,False,False,False,False,True,128,4,299.28999999999996
1332.0,CUST_00444,2026-03-16 05:22:02.999347,198.71,5.0,books,Credit Card,False,transactions,,,,,,,,,463.45,Q4,1,2026,3,1,Monday,0,0,2026-01-15 05:22:02.997618,2026-05-18 05:22:02.992473,60,81,3,Occasional,False,True,False,False,False,False,False,False,81,3,463.45
1333.0,CUST_00485,2026-01-20 05:22:02.999352,35.83,2.0,beauty,Wallet,False,transactions,,,,,,,,,505.88,Q1,0,2026,1,1,Tuesday,0,0,2025-08-18 05:22:02.996741,2026-07-05 05:22:03.002436,155,32,6,Regular,True,False,False,False,False,False,False,False,32,6,505.88
1334.0,CUST_00066,2026-03-28 05:22:02.999357,85.75,1.0,home  garden,Debit Card,False,transactions,,,,,,,,,711.38,Q2,0,2026,3,1,Saturday,1,0,2025-11-15 05:22:03.002811,2026-07-22 05:22:02.996628,132,16,7,Regular,False,False,False,False,False,True,False,False,16,7,711.38
1335.0,CUST_00377,2026-03-24 05:22:02.999362,267.46,1.0,beauty,Debit Card,False,transactions,,,,,,,,,1291.2,Q4,1,2026,3,1,Tuesday,0,0,2025-11-12 05:22:02.995617,2026-07-07 05:22:02.992600,132,31,9,Regular,True,False,False,False,False,False,False,False,31,9,1291.2
1336.0,CUST_00215,2025-08-11 05:22:02.999368,57.98,4.0,home  garden,PayPal,True,transactions,,,,,,,,,145.29,Q1,0,2025,8,3,Monday,0,0,2025-08-11 05:22:02.999368,2026-01-02 05:22:02.998611,0,217,3,Occasional,False,False,False,False,False,True,False,False,217,3,145.29
1337.0,CUST_00258,2026-03-14 05:22:02.999373,58.74,3.0,groceries,Debit Card,False,transactions,,,,,,,,,461.89,Q1,0,2026,3,1,Saturday,1,0,2025-09-01 05:22:03.000677,2026-06-12 05:22:02.999007,193,56,3,Occasional,False,False,False,False,True,False,False,False,56,3,461.89
1338.0,CUST_00440,2026-06-24 05:22:02.999378,256.37,3.0,groceries,Credit Card,False,transactions,,,,,,,,,821.35,Q4,1,2026,6,2,Wednesday,0,0,2025-09-25 05:22:03.002969,2026-06-24 05:22:02.999378,271,44,7,Regular,False,False,False,False,True,False,False,False,44,7,821.35
1339.0,CUST_00040,2026-04-07 05:22:02.999386,117.39,1.0,home  garden,Credit Card,True,transactions,,,,,,,,,613.99,Q3,0,2026,4,2,Tuesday,0,0,2025-09-11 05:22:02.992107,2026-07-01 05:22:03.001485,208,37,6,Regular,False,False,False,False,False,True,False,False,37,6,613.99
1340.0,CUST_00284,2025-11-28 05:22:02.999394,88.38,1.0,groceries,Debit Card,False,transactions,,,,,,,,,211.82999999999998,Q2,0,2025,11,4,Friday,0,1,2025-11-04 05:22:02.993896,2026-06-26 05:22:03.002941,24,41,3,Occasional,False,False,False,False,True,False,False,False,41,3,211.82999999999998
1341.0,CUST_00264,2025-08-22 05:22:02.999400,87.71,5.0,clothing,Debit Card,True,transactions,,,,,,,,,251.14999999999998,Q2,0,2025,8,3,Friday,0,0,2025-08-22 05:22:02.999400,2026-06-02 05:22:03.002869,0,65,4,Occasional,False,False,True,False,False,False,False,False,65,4,251.14999999999998
1342.0,CUST_00382,2026-08-04 05:22:02.999405,184.2,4.0,beauty,Credit Card,False,transactions,,,,,,,,,1186.79,Q4,1,2026,8,3,Tuesday,0,0,2025-08-23 05:22:02.998568,2026-08-04 05:22:02.999405,346,3,9,Regular,True,False,False,False,False,False,False,False,3,9,1186.79
1343.0,CUST_00494,2026-05-13 05:22:02.999411,61.27,5.0,sports,PayPal,True,transactions,,,,,,,,,558.7,Q2,0,2026,5,2,Wednesday,0,0,2025-08-19 05:22:02.997706,2026-06-02 05:22:02.993649,267,66,7,Regular,False,False,False,False,False,False,True,False,66,7,558.7
1344.0,CUST_00264,2026-02-08 05:22:02.999416,34.61,1.0,groceries,Debit Card,False,transactions,,,,,,,,,251.14999999999998,Q1,0,2026,2,1,Sunday,1,0,2025-08-22 05:22:02.999400,2026-06-02 05:22:03.002869,170,65,4,Occasional,False,False,False,False,True,False,False,False,65,4,251.14999999999998
1345.0,CUST_00058,2026-02-15 05:22:02.999421,36.36,2.0,clothing,Wallet,False,transactions,,,,,,,,,777.66,Q1,0,2026,2,1,Sunday,1,0,2025-10-02 05:22:02.996267,2026-07-30 05:22:02.997713,136,8,6,Regular,False,False,True,False,False,False,False,False,8,6,777.66
1346.0,CUST_00110,2026-08-06 05:22:02.999426,114.62,5.0,groceries,PayPal,True,transactions,,,,,,,,,617.52,Q3,0,2026,8,3,Thursday,0,0,2025-12-12 05:22:03.000340,2026-08-06 05:22:02.999426,236,1,4,Occasional,False,False,False,False,True,False,False,False,1,4,617.52
1347.0,CUST_00492,2025-09-12 05:22:02.999432,51.59,5.0,electronics,Wallet,False,transactions,,,,,,,,,877.08,Q1,0,2025,9,3,Friday,0,0,2025-09-12 05:22:02.999432,2026-05-13 05:22:03.003141,0,85,8,Regular,False,False,False,True,False,False,False,False,85,8,877.08
1348.0,CUST_00004,2025-09-26 05:22:02.999437,102.93,4.0,beauty,Credit Card,False,transactions,,,,,,,,,445.68,Q3,0,2025,9,3,Friday,0,0,2025-09-26 05:22:02.999437,2026-07-05 05:22:02.998870,0,33,5,Occasional,True,False,False,False,False,False,False,False,33,5,445.68
1349.0,CUST_00456,2026-05-04 05:22:02.999442,39.65,4.0,,Wallet,False,transactions,,,,,,,,,154.17,Q1,0,2026,5,2,Monday,0,0,2026-02-19 05:22:02.994010,2026-05-04 05:22:02.999442,74,95,2,Occasional,False,False,False,False,False,False,False,False,95,2,154.17
1350.0,CUST_00044,2025-11-10 05:22:02.999447,127.33,5.0,home  garden,Wallet,False,transactions,,,,,,,,,425.99,Q3,0,2025,11,4,Monday,0,1,2025-10-20 05:22:02.999934,2026-05-25 05:22:02.996280,20,74,5,Occasional,False,False,False,False,False,True,False,False,74,5,425.99
1352.0,CUST_00220,2026-05-06 05:22:02.999460,110.23,5.0,books,Wallet,False,transactions,,,,,,,,,919.2,Q3,0,2026,5,2,Wednesday,0,0,2026-01-20 05:22:02.993206,2026-05-30 05:22:02.991164,106,69,7,Regular,False,True,False,False,False,False,False,False,69,7,919.2
1353.0,CUST_00225,2026-05-17 05:22:02.999465,11.12,2.0,beauty,Credit Card,False,transactions,,,,,,,,,412.21999999999997,Q1,0,2026,5,2,Sunday,1,0,2025-09-26 05:22:03.001913,2026-08-02 05:22:02.995009,232,5,5,Occasional,True,False,False,False,False,False,False,False,5,5,412.21999999999997
1354.0,CUST_00446,2025-08-09 05:22:02.999471,201.84,2.0,clothing,Credit Card,False,transactions,,,,,,,,,630.79,Q4,1,2025,8,3,Saturday,1,0,2025-08-09 05:22:02.999471,2026-08-03 05:22:03.001902,0,3,6,Regular,False,False,True,False,False,False,False,False,3,6,630.79
1355.0,CUST_00216,2026-02-19 05:22:02.999476,55.7,1.0,home  garden,Wallet,True,transactions,,,,,,,,,139.45,Q1,0,2026,2,1,Thursday,0,0,2026-02-19 05:22:02.999476,2026-07-06 05:22:03.000861,0,32,2,Occasional,False,False,False,False,False,True,False,False,32,2,139.45
1356.0,CUST_00137,2026-06-08 05:22:02.999481,25.03,4.0,toys,Debit Card,False,transactions,,,,,,,,,231.98000000000002,Q1,0,2026,6,2,Monday,0,0,2025-11-10 05:22:02.995452,2026-08-04 05:22:02.999028,210,3,4,Occasional,False,False,False,False,False,False,False,True,3,4,231.98000000000002
1357.0,CUST_00392,2026-01-15 05:22:02.999487,18.48,5.0,groceries,Credit Card,True,transactions,,,,,,,,,705.46,Q1,0,2026,1,1,Thursday,0,0,2025-10-17 05:22:02.991142,2026-05-31 05:22:03.003244,90,67,7,Regular,False,False,False,False,True,False,False,False,67,7,705.46
1359.0,CUST_00425,2026-02-13 05:22:02.999521,94.04,4.0,electronics,PayPal,False,transactions,,,,,,,,,455.53999999999996,Q3,0,2026,2,1,Friday,0,0,2025-09-09 05:22:03.000740,2026-02-13 05:22:02.999521,156,175,4,Occasional,False,False,False,True,False,False,False,False,175,4,455.53999999999996
1360.0,CUST_00043,2025-12-31 05:22:02.999535,57.65,2.0,home  garden,Debit Card,False,transactions,,,,,,,,,421.98,Q1,0,2025,12,4,Wednesday,0,1,2025-11-05 05:22:02.996853,2026-08-01 05:22:03.003062,56,5,5,Occasional,False,False,False,False,False,True,False,False,5,5,421.98
1361.0,CUST_00393,2026-06-10 05:22:02.999544,70.48,3.0,sports,Wallet,False,transactions,,,,,,,,,1145.53,Q2,0,2026,6,2,Wednesday,0,0,2025-08-22 05:22:03.002710,2026-06-10 05:22:02.999544,291,58,10,Regular,False,False,False,False,False,False,True,False,58,10,1145.53
1362.0,CUST_00362,2026-06-16 05:22:02.999553,25.35,5.0,home  garden,Debit Card,False,transactions,,,,,,,,,147.43,Q1,0,2026,6,2,Tuesday,0,0,2026-04-05 05:22:03.001987,2026-06-16 05:22:02.999553,71,52,2,Occasional,False,False,False,False,False,True,False,False,52,2,147.43
1363.0,CUST_00068,2026-01-14 05:22:02.999560,104.09,1.0,books,Debit Card,False,transactions,,,,,,,,,371.32,Q3,0,2026,1,1,Wednesday,0,0,2026-01-14 05:22:02.999560,2026-04-24 05:22:02.995717,0,105,3,Occasional,False,True,False,False,False,False,False,False,105,3,371.32
1364.0,CUST_00316,2026-04-27 05:22:02.999566,134.33,1.0,electronics,PayPal,True,transactions,,,,,,,,,749.88,Q3,0,2026,4,2,Monday,0,0,2025-08-21 05:22:02.993420,2026-06-05 05:22:03.000782,249,63,8,Regular,False,False,False,True,False,False,False,False,63,8,749.88
1365.0,CUST_00119,2026-04-16 05:22:02.999571,40.32,3.0,groceries,Wallet,False,transactions,,,,,,,,,369.5,Q1,0,2026,4,2,Thursday,0,0,2025-08-21 05:22:02.995748,2026-04-16 05:22:02.999571,238,113,5,Occasional,False,False,False,False,True,False,False,False,113,5,369.5
1366.0,CUST_00156,2026-06-12 05:22:02.999577,113.01,3.0,beauty,PayPal,True,transactions,,,,,,,,,175.41,Q3,0,2026,6,2,Friday,0,0,2025-12-24 05:22:02.995738,2026-06-12 05:22:02.999577,170,56,2,Occasional,True,False,False,False,False,False,False,False,56,2,175.41
1368.0,CUST_00165,2026-04-21 05:22:02.999587,145.71,3.0,toys,Credit Card,False,transactions,,,,,,,,,578.1,Q4,1,2026,4,2,Tuesday,0,0,2025-11-11 05:22:03.003369,2026-04-21 05:22:02.999587,160,108,4,Occasional,False,False,False,False,False,False,False,True,108,4,578.1
1369.0,CUST_00130,2025-11-29 05:22:02.999593,89.81,3.0,beauty,Credit Card,False,transactions,,,,,,,,,391.21,Q2,0,2025,11,4,Saturday,1,1,2025-11-29 05:22:02.999593,2026-03-27 05:22:02.994944,0,133,4,Occasional,True,False,False,False,False,False,False,False,133,4,391.21
1370.0,CUST_00350,2025-10-29 05:22:02.999598,35.82,2.0,beauty,PayPal,True,transactions,,,,,,,,,354.59000000000003,Q1,0,2025,10,4,Wednesday,0,0,2025-10-29 05:22:02.999598,2026-04-01 05:22:02.994566,0,128,4,Occasional,True,False,False,False,False,False,False,False,128,4,354.59000000000003
1371.0,CUST_00302,2025-11-10 05:22:02.999604,153.18,5.0,beauty,PayPal,False,transactions,,,,,,,,,874.78,Q4,1,2025,11,4,Monday,0,1,2025-09-04 05:22:02.995872,2026-05-10 05:22:02.993823,67,89,7,Regular,True,False,False,False,False,False,False,False,89,7,874.78
1372.0,CUST_00197,2026-06-24 05:22:02.999609,119.57,1.0,home  garden,Credit Card,False,transactions,,,,,,,,,587.45,Q3,0,2026,6,2,Wednesday,0,0,2025-08-21 05:22:03.002043,2026-06-24 05:22:02.999609,306,44,4,Occasional,False,False,False,False,False,True,False,False,44,4,587.45
1373.0,CUST_00496,2025-09-06 05:22:02.999615,56.06,2.0,sports,Credit Card,False,transactions,,,,,,,,,56.06,Q1,0,2025,9,3,Saturday,1,0,2025-09-06 05:22:02.999615,2025-09-06 05:22:02.999615,0,335,1,One-time,False,False,False,False,False,False,True,False,335,1,56.06
1374.0,CUST_00280,2025-09-25 05:22:02.999620,119.35,3.0,books,Debit Card,False,transactions,,,,,,,,,196.45,Q3,0,2025,9,3,Thursday,0,0,2025-09-25 05:22:02.999620,2026-05-14 05:22:03.000119,0,85,2,Occasional,False,True,False,False,False,False,False,False,85,2,196.45
1375.0,CUST_00079,2026-07-16 05:22:02.999626,36.35,2.0,sports,PayPal,True,transactions,,,,,,,,,751.87,Q1,0,2026,7,3,Thursday,0,0,2025-08-11 05:22:02.991131,2026-07-16 05:22:02.999626,339,22,8,Regular,False,False,False,False,False,False,True,False,22,8,751.87
1376.0,CUST_00389,2025-10-25 05:22:02.999631,98.53,3.0,beauty,Credit Card,True,transactions,,,,,,,,,175.71,Q3,0,2025,10,4,Saturday,1,0,2025-10-25 05:22:02.999631,2026-07-15 05:22:02.994344,0,23,2,Occasional,True,False,False,False,False,False,False,False,23,2,175.71
1377.0,CUST_00035,2025-12-03 05:22:02.999636,75.23,4.0,electronics,PayPal,False,transactions,,,,,,,,,362.19,Q2,0,2025,12,4,Wednesday,0,1,2025-12-03 05:22:02.999636,2026-06-17 05:22:02.992832,0,51,6,Regular,False,False,False,True,False,False,False,False,51,6,362.19
1378.0,CUST_00067,2026-03-12 05:22:02.999645,236.17,1.0,electronics,Debit Card,True,transactions,,,,,,,,,366.44,Q4,1,2026,3,1,Thursday,0,0,2026-03-12 05:22:02.999645,2026-05-17 05:22:02.994604,0,82,2,Occasional,False,False,False,True,False,False,False,False,82,2,366.44
1379.0,CUST_00204,2025-11-27 05:22:02.999650,87.33,5.0,clothing,Wallet,False,transactions,,,,,,,,,228.33,Q2,0,2025,11,4,Thursday,0,1,2025-08-23 05:22:03.002032,2026-06-16 05:22:02.995210,95,52,4,Occasional,False,False,True,False,False,False,False,False,52,4,228.33
1381.0,CUST_00112,2025-10-08 05:22:02.999661,85.39,1.0,toys,PayPal,False,transactions,,,,,,,,,396.09000000000003,Q2,0,2025,10,4,Wednesday,0,0,2025-10-08 05:22:02.999661,2026-05-26 05:22:02.997322,0,73,4,Occasional,False,False,False,False,False,False,False,True,73,4,396.09000000000003
1382.0,CUST_00113,2026-03-09 05:22:02.999669,120.77,3.0,clothing,Credit Card,False,transactions,,,,,,,,,348.47,Q3,0,2026,3,1,Monday,0,0,2026-03-09 05:22:02.999669,2026-03-17 05:22:02.999695,0,143,3,Occasional,False,False,True,False,False,False,False,False,143,3,348.47
1383.0,CUST_00150,2026-07-18 05:22:02.999674,206.46,2.0,books,PayPal,True,transactions,,,,,,,,,582.1800000000001,Q4,1,2026,7,3,Saturday,1,0,2025-09-07 05:22:03.001015,2026-07-18 05:22:02.999674,313,20,5,Occasional,False,True,False,False,False,False,False,False,20,5,582.1800000000001
1384.0,CUST_00027,2025-09-13 05:22:02.999679,148.69,2.0,sports,Credit Card,False,transactions,,,,,,,,,232.82999999999998,Q4,1,2025,9,3,Saturday,1,0,2025-09-13 05:22:02.999679,2026-06-08 05:22:02.999213,0,60,3,Occasional,False,False,False,False,False,False,True,False,60,3,232.82999999999998
1385.0,CUST_00324,2025-10-02 05:22:02.999684,17.9,3.0,beauty,PayPal,True,transactions,,,,,,,,,513.07,Q1,0,2025,10,4,Thursday,0,0,2025-10-01 05:22:03.000263,2026-07-13 05:22:02.996472,0,25,6,Regular,True,False,False,False,False,False,False,False,25,6,513.07
1386.0,CUST_00210,2025-09-28 05:22:02.999690,120.06,3.0,beauty,Credit Card,True,transactions,,,,,,,,,329.53000000000003,Q3,0,2025,9,3,Sunday,1,0,2025-09-28 05:22:02.999690,2026-06-12 05:22:02.997968,0,56,4,Occasional,True,False,False,False,False,False,False,False,56,4,329.53000000000003
1387.0,CUST_00113,2026-03-17 05:22:02.999695,115.08,2.0,books,Credit Card,True,transactions,,,,,,,,,348.47,Q3,0,2026,3,1,Tuesday,0,0,2026-03-09 05:22:02.999669,2026-03-17 05:22:02.999695,8,143,3,Occasional,False,True,False,False,False,False,False,False,143,3,348.47
1388.0,CUST_00353,2026-01-24 05:22:02.999701,27.02,3.0,sports,Debit Card,False,transactions,,,,,,,,,871.96,Q1,0,2026,1,1,Saturday,1,0,2025-09-25 05:22:03.002103,2026-06-28 05:22:02.993020,120,40,8,Regular,False,False,False,False,False,False,True,False,40,8,871.96
1389.0,CUST_00105,2025-10-14 05:22:02.999706,163.46,4.0,home  garden,Wallet,False,transactions,,,,,,,,,527.85,Q4,1,2025,10,4,Tuesday,0,0,2025-10-14 05:22:02.999706,2026-07-30 05:22:02.999841,0,8,3,Occasional,False,False,False,False,False,True,False,False,8,3,527.85
1390.0,CUST_00462,2025-12-05 05:22:02.999712,28.24,1.0,toys,Debit Card,True,transactions,,,,,,,,,756.66,Q1,0,2025,12,4,Friday,0,1,2025-09-27 05:22:02.994907,2026-01-11 05:22:02.997305,69,208,6,Regular,False,False,False,False,False,False,False,True,208,6,756.66
1391.0,CUST_00091,2026-05-03 05:22:02.999717,130.54,5.0,toys,Debit Card,False,transactions,,,,,,,,,714.52,Q3,0,2026,5,2,Sunday,1,0,2025-10-01 05:22:02.998886,2026-05-03 05:22:02.999717,214,96,5,Occasional,False,False,False,False,False,False,False,True,96,5,714.52
1392.0,CUST_00011,2026-03-02 05:22:02.999722,79.74,2.0,home  garden,Debit Card,False,transactions,,,,,,,,,396.49,Q2,0,2026,3,1,Monday,0,0,2025-10-01 05:22:03.003302,2026-03-02 05:22:02.999722,151,158,5,Occasional,False,False,False,False,False,True,False,False,158,5,396.49
1393.0,CUST_00037,2026-01-01 05:22:02.999727,133.58,2.0,toys,Wallet,False,transactions,,,,,,,,,623.71,Q3,0,2026,1,1,Thursday,0,0,2026-01-01 05:22:02.999727,2026-08-01 05:22:02.995438,0,6,5,Occasional,False,False,False,False,False,False,False,True,6,5,623.71
1394.0,CUST_00270,2026-05-29 05:22:02.999733,99.04,1.0,clothing,Credit Card,False,transactions,,,,,,,,,199.29000000000002,Q3,0,2026,5,2,Friday,0,0,2025-09-05 05:22:02.995462,2026-06-06 05:22:02.996732,266,62,3,Occasional,False,False,True,False,False,False,False,False,62,3,199.29000000000002
1395.0,CUST_00007,2025-09-12 05:22:02.999738,80.26,1.0,home  garden,Credit Card,False,transactions,,,,,,,,,616.1700000000001,Q2,0,2025,9,3,Friday,0,0,2025-08-14 05:22:02.993976,2026-01-09 05:22:02.996337,29,210,4,Occasional,False,False,False,False,False,True,False,False,210,4,616.1700000000001
1396.0,CUST_00481,2025-09-20 05:22:02.999743,88.07,5.0,electronics,Credit Card,True,transactions,,,,,,,,,265.84,Q2,0,2025,9,3,Saturday,1,0,2025-09-20 05:22:02.999743,2025-11-07 05:22:03.001078,0,273,3,Occasional,False,False,False,True,False,False,False,False,273,3,265.84
1397.0,CUST_00055,2025-11-03 05:22:02.999751,33.09,3.0,clothing,Wallet,True,transactions,,,,,,,,,96.36000000000001,Q1,0,2025,11,4,Monday,0,1,2025-11-03 05:22:02.999751,2026-02-25 05:22:02.992463,0,163,2,Occasional,False,False,True,False,False,False,False,False,163,2,96.36000000000001
1398.0,CUST_00457,2025-12-23 05:22:02.999757,168.2,2.0,books,Debit Card,False,transactions,,,,,,,,,802.2,Q4,1,2025,12,4,Tuesday,0,1,2025-08-29 05:22:02.998146,2026-05-04 05:22:03.002915,116,94,5,Occasional,False,True,False,False,False,False,False,False,94,5,802.2
1399.0,CUST_00279,2025-08-18 05:22:02.999762,38.89,3.0,,Credit Card,False,transactions,,,,,,,,,184.35,Q1,0,2025,8,3,Monday,0,0,2025-08-18 05:22:02.999762,2026-04-14 05:22:02.991500,0,115,4,Occasional,False,False,False,False,False,False,False,False,115,4,184.35
1400.0,CUST_00152,2026-06-16 05:22:02.999768,105.36,5.0,groceries,Debit Card,False,transactions,,,,,,,,,940.64,Q3,0,2026,6,2,Tuesday,0,0,2025-09-11 05:22:02.993442,2026-06-16 05:22:02.999768,278,52,9,Regular,False,False,False,False,True,False,False,False,52,9,940.64
1401.0,CUST_00219,2026-01-22 05:22:02.999773,101.54,2.0,beauty,Debit Card,True,transactions,,,,,,,,,582.49,Q3,0,2026,1,1,Thursday,0,0,2025-08-25 05:22:02.999208,2026-06-21 05:22:02.997645,150,47,6,Regular,True,False,False,False,False,False,False,False,47,6,582.49
1402.0,CUST_00351,2026-01-23 05:22:02.999778,168.37,1.0,toys,Credit Card,False,transactions,,,,,,,,,824.26,Q4,1,2026,1,1,Friday,0,0,2025-08-08 05:22:03.000714,2026-06-18 05:22:02.994021,167,50,8,Regular,False,False,False,False,False,False,False,True,50,8,824.26
1403.0,CUST_00490,2026-03-16 05:22:02.999783,63.1,3.0,clothing,Credit Card,False,transactions,,,,,,,,,380.08,Q2,0,2026,3,1,Monday,0,0,2025-10-29 05:22:02.992420,2026-05-05 05:22:02.994623,138,94,4,Occasional,False,False,True,False,False,False,False,False,94,4,380.08
1404.0,CUST_00474,2026-06-25 05:22:02.999788,33.15,1.0,home  garden,PayPal,False,transactions,,,,,,,,,153.98,Q1,0,2026,6,2,Thursday,0,0,2025-10-17 05:22:02.995622,2026-06-30 05:22:02.993004,251,38,4,Occasional,False,False,False,False,False,True,False,False,38,4,153.98
1405.0,CUST_00348,2026-01-02 05:22:02.999794,89.18,2.0,books,PayPal,False,transactions,,,,,,,,,395.57,Q2,0,2026,1,1,Friday,0,0,2025-10-10 05:22:02.993166,2026-07-27 05:22:02.998243,84,11,6,Regular,False,True,False,False,False,False,False,False,11,6,395.57
1406.0,CUST_00054,2026-03-22 05:22:02.999803,116.34,4.0,beauty,Credit Card,True,transactions,,,,,,,,,415.49,Q3,0,2026,3,1,Sunday,1,0,2025-10-02 05:22:03.003207,2026-03-22 05:22:02.999803,170,138,4,Occasional,True,False,False,False,False,False,False,False,138,4,415.49
1407.0,CUST_00442,2026-05-23 05:22:02.999809,87.63,2.0,beauty,Wallet,True,transactions,,,,,,,,,761.14,Q2,0,2026,5,2,Saturday,1,0,2026-01-24 05:22:03.001051,2026-07-17 05:22:02.992046,118,21,7,Regular,True,False,False,False,False,False,False,False,21,7,761.14
1408.0,CUST_00403,2025-12-06 05:22:02.999814,173.68,1.0,clothing,PayPal,False,transactions,,,,,,,,,253.47000000000003,Q4,1,2025,12,4,Saturday,1,1,2025-12-06 05:22:02.999814,2026-02-28 05:22:02.991016,0,160,2,Occasional,False,False,True,False,False,False,False,False,160,2,253.47000000000003
1409.0,CUST_00166,2026-06-03 05:22:02.999820,85.76,2.0,groceries,Wallet,False,transactions,,,,,,,,,567.37,Q2,0,2026,6,2,Wednesday,0,0,2025-08-20 05:22:03.000404,2026-06-03 05:22:02.999820,286,65,6,Regular,False,False,False,False,True,False,False,False,65,6,567.37
1410.0,CUST_00356,2026-01-08 05:22:02.999825,19.32,5.0,beauty,Debit Card,False,transactions,,,,,,,,,240.66000000000003,Q1,0,2026,1,1,Thursday,0,0,2025-10-09 05:22:02.996122,2026-03-07 05:22:02.991697,91,153,4,Occasional,True,False,False,False,False,False,False,False,153,4,240.66000000000003
1411.0,CUST_00282,2025-11-26 05:22:02.999831,44.51,5.0,toys,Debit Card,False,transactions,,,,,,,,,521.5600000000001,Q1,0,2025,11,4,Wednesday,0,1,2025-09-12 05:22:02.994412,2026-06-01 05:22:02.991599,75,67,4,Occasional,False,False,False,False,False,False,False,True,67,4,521.5600000000001
1412.0,CUST_00298,2026-01-04 05:22:02.999836,222.53,5.0,sports,Debit Card,False,transactions,,,,,,,,,480.36,Q4,1,2026,1,1,Sunday,1,0,2026-01-04 05:22:02.999836,2026-07-18 05:22:02.996524,0,20,4,Occasional,False,False,False,False,False,False,True,False,20,4,480.36
1413.0,CUST_00105,2026-07-30 05:22:02.999841,106.18,3.0,toys,Credit Card,False,transactions,,,,,,,,,527.85,Q3,0,2026,7,3,Thursday,0,0,2025-10-14 05:22:02.999706,2026-07-30 05:22:02.999841,289,8,3,Occasional,False,False,False,False,False,False,False,True,8,3,527.85
1414.0,CUST_00179,2026-02-04 05:22:02.999847,44.27,2.0,books,Wallet,False,transactions,,,,,,,,,788.22,Q1,0,2026,2,1,Wednesday,0,0,2026-02-04 05:22:02.999847,2026-07-25 05:22:03.001062,0,13,7,Regular,False,True,False,False,False,False,False,False,13,7,788.22
1415.0,CUST_00424,2026-04-15 05:22:02.999852,101.18,1.0,home  garden,Debit Card,False,transactions,,,,,,,,,273.58000000000004,Q3,0,2026,4,2,Wednesday,0,0,2025-08-13 05:22:03.003202,2026-07-08 05:22:03.002349,244,29,3,Occasional,False,False,False,False,False,True,False,False,29,3,273.58000000000004
1416.0,CUST_00014,2025-08-16 05:22:02.999860,82.75,4.0,beauty,Credit Card,False,transactions,,,,,,,,,613.27,Q2,0,2025,8,3,Saturday,1,0,2025-08-16 05:22:02.999860,2026-06-01 05:22:02.991895,0,67,6,Regular,True,False,False,False,False,False,False,False,67,6,613.27
1417.0,CUST_00038,2025-12-06 05:22:02.999867,88.24,5.0,,PayPal,False,transactions,,,,,,,,,686.39,Q2,0,2025,12,4,Saturday,1,1,2025-12-06 05:22:02.999867,2026-07-11 05:22:02.994684,0,27,6,Regular,False,False,False,False,False,False,False,False,27,6,686.39
1418.0,CUST_00126,2026-06-29 05:22:02.999873,20.17,1.0,groceries,Debit Card,False,transactions,,,,,,,,,83.55000000000001,Q1,0,2026,6,2,Monday,0,0,2026-06-24 05:22:02.991231,2026-06-29 05:22:02.999873,5,39,2,Occasional,False,False,False,False,True,False,False,False,39,2,83.55000000000001
1419.0,CUST_00072,2025-11-10 05:22:02.999878,112.75,3.0,toys,PayPal,False,transactions,,,,,,,,,639.12,Q3,0,2025,11,4,Monday,0,1,2025-08-11 05:22:02.992233,2026-07-20 05:22:02.996441,91,18,5,Occasional,False,False,False,False,False,False,False,True,18,5,639.12
1420.0,CUST_00331,2025-08-17 05:22:02.999884,29.09,1.0,books,Credit Card,True,transactions,,,,,,,,,922.5600000000001,Q1,0,2025,8,3,Sunday,1,0,2025-08-17 05:22:02.999884,2026-07-28 05:22:02.996765,0,10,8,Regular,False,True,False,False,False,False,False,False,10,8,922.5600000000001
1421.0,CUST_00017,2025-10-02 05:22:02.999889,42.03,2.0,,Wallet,False,transactions,,,,,,,,,477.71999999999997,Q1,0,2025,10,4,Thursday,0,0,2025-08-23 05:22:03.002338,2026-05-28 05:22:02.998616,39,71,7,Regular,False,False,False,False,False,False,False,False,71,7,477.71999999999997
1422.0,CUST_00449,2025-12-18 05:22:02.999894,45.43,5.0,books,PayPal,True,transactions,,,,,,,,,618.48,Q1,0,2025,12,4,Thursday,0,1,2025-11-11 05:22:03.000633,2026-06-17 05:22:02.997372,36,51,6,Regular,False,True,False,False,False,False,False,False,51,6,618.48
1423.0,CUST_00217,2026-05-19 05:22:02.999899,53.66,3.0,clothing,Debit Card,True,transactions,,,,,,,,,716.43,Q1,0,2026,5,2,Tuesday,0,0,2025-10-16 05:22:02.997746,2026-07-27 05:22:02.997724,215,11,8,Regular,False,False,True,False,False,False,False,False,11,8,716.43
1424.0,CUST_00206,2025-09-25 05:22:02.999905,90.48,1.0,sports,Credit Card,True,transactions,,,,,,,,,1233.1399999999999,Q2,0,2025,9,3,Thursday,0,0,2025-09-25 05:22:02.999905,2026-06-26 05:22:02.993468,0,42,8,Regular,False,False,False,False,False,False,True,False,42,8,1233.1399999999999
1425.0,CUST_00240,2025-12-06 05:22:02.999913,95.98,3.0,groceries,Debit Card,False,transactions,,,,,,,,,1090.39,Q3,0,2025,12,4,Saturday,1,1,2025-09-03 05:22:02.996364,2026-03-21 05:22:02.992685,94,139,9,Regular,False,False,False,False,True,False,False,False,139,9,1090.39
1426.0,CUST_00191,2025-09-10 05:22:02.999918,152.32,4.0,sports,Credit Card,False,transactions,,,,,,,,,394.75,Q4,1,2025,9,3,Wednesday,0,0,2025-09-03 05:22:02.998431,2026-05-25 05:22:03.000335,7,74,6,Regular,False,False,False,False,False,False,True,False,74,6,394.75
1427.0,CUST_00309,2026-02-17 05:22:02.999923,256.95,1.0,sports,Credit Card,False,transactions,,,,,,,,,937.38,Q4,1,2026,2,1,Tuesday,0,0,2026-01-24 05:22:02.997613,2026-07-18 05:22:02.992886,24,20,5,Occasional,False,False,False,False,False,False,True,False,20,5,937.38
1428.0,CUST_00306,2026-08-02 05:22:02.999929,185.29,3.0,sports,Credit Card,False,transactions,,,,,,,,,564.5799999999999,Q4,1,2026,8,3,Sunday,1,0,2025-10-05 05:22:02.993065,2026-08-02 05:22:02.999929,301,5,5,Occasional,False,False,False,False,False,False,True,False,5,5,564.5799999999999
1429.0,CUST_00044,2025-10-20 05:22:02.999934,40.47,5.0,electronics,Wallet,False,transactions,,,,,,,,,425.99,Q1,0,2025,10,4,Monday,0,0,2025-10-20 05:22:02.999934,2026-05-25 05:22:02.996280,0,74,5,Occasional,False,False,False,True,False,False,False,False,74,5,425.99
1430.0,CUST_00162,2026-06-21 05:22:02.999939,102.4,3.0,electronics,PayPal,True,transactions,,,,,,,,,592.21,Q3,0,2026,6,2,Sunday,1,0,2025-11-09 05:22:02.996313,2026-06-21 05:22:02.999939,224,47,5,Occasional,False,False,False,True,False,False,False,False,47,5,592.21
1431.0,CUST_00257,2026-04-30 05:22:02.999944,177.08,3.0,groceries,Debit Card,True,transactions,,,,,,,,,469.58000000000004,Q4,1,2026,4,2,Thursday,0,0,2025-11-19 05:22:02.994801,2026-04-30 05:22:02.999944,162,99,5,Occasional,False,False,False,False,True,False,False,False,99,5,469.58000000000004
1432.0,CUST_00050,2026-02-19 05:22:02.999950,151.64,4.0,clothing,Debit Card,False,transactions,,,,,,,,,537.5,Q4,1,2026,2,1,Thursday,0,0,2025-11-12 05:22:02.992969,2026-07-13 05:22:02.992468,99,25,4,Occasional,False,False,True,False,False,False,False,False,25,4,537.5
1433.0,CUST_00408,2026-01-24 05:22:02.999960,261.95,4.0,electronics,Debit Card,False,transactions,,,,,,,,,771.02,Q4,1,2026,1,1,Saturday,1,0,2026-01-10 05:22:02.993127,2026-08-04 05:22:02.995268,14,3,5,Occasional,False,False,False,True,False,False,False,False,3,5,771.02
1434.0,CUST_00041,2025-09-21 05:22:02.999965,108.42,1.0,sports,Debit Card,True,transactions,,,,,,,,,863.45,Q3,0,2025,9,3,Sunday,1,0,2025-09-21 05:22:02.999965,2026-05-27 05:22:02.996223,0,72,7,Regular,False,False,False,False,False,False,True,False,72,7,863.45
1435.0,CUST_00083,2025-11-24 05:22:02.999970,64.32,5.0,beauty,Debit Card,False,transactions,,,,,,,,,433.8299999999999,Q2,0,2025,11,4,Monday,0,1,2025-08-08 05:22:02.996797,2026-02-22 05:22:03.002624,108,165,4,Occasional,True,False,False,False,False,False,False,False,165,4,433.8299999999999
1436.0,CUST_00185,2025-09-22 05:22:02.999980,163.16,4.0,electronics,Wallet,False,transactions,,,,,,,,,556.77,Q4,1,2025,9,3,Monday,0,0,2025-09-22 05:22:02.999980,2026-05-08 05:22:02.991281,0,91,5,Occasional,False,False,False,True,False,False,False,False,91,5,556.77
1437.0,CUST_00313,2025-10-01 05:22:02.999986,107.15,1.0,home  garden,Wallet,False,transactions,,,,,,,,,938.87,Q3,0,2025,10,4,Wednesday,0,0,2025-09-21 05:22:02.998309,2026-06-23 05:22:02.996228,10,45,7,Regular,False,False,False,False,False,True,False,False,45,7,938.87
1438.0,CUST_00008,2026-05-26 05:22:02.999991,129.69,3.0,clothing,Wallet,False,transactions,,,,,,,,,129.69,Q3,0,2026,5,2,Tuesday,0,0,2026-05-26 05:22:02.999991,2026-05-26 05:22:02.999991,0,73,1,One-time,False,False,True,False,False,False,False,False,73,1,129.69
1439.0,CUST_00479,2026-03-09 05:22:02.999997,224.42,2.0,clothing,PayPal,False,transactions,,,,,,,,,589.47,Q4,1,2026,3,1,Monday,0,0,2025-12-07 05:22:02.992656,2026-05-19 05:22:02.994400,92,80,4,Occasional,False,False,True,False,False,False,False,False,80,4,589.47
1440.0,CUST_00037,2026-05-08 05:22:03.000002,110.5,4.0,books,PayPal,True,transactions,,,,,,,,,623.71,Q3,0,2026,5,2,Friday,0,0,2026-01-01 05:22:02.999727,2026-08-01 05:22:02.995438,127,6,5,Occasional,False,True,False,False,False,False,False,False,6,5,623.71
1441.0,CUST_00227,2025-09-09 05:22:03.000007,182.89,2.0,clothing,Wallet,False,transactions,,,,,,,,,785.0,Q4,1,2025,9,3,Tuesday,0,0,2025-08-27 05:22:02.991067,2026-05-25 05:22:02.997848,13,74,7,Regular,False,False,True,False,False,False,False,False,74,7,785.0
1442.0,CUST_00440,2026-03-14 05:22:03.000013,64.0,4.0,groceries,Debit Card,False,transactions,,,,,,,,,821.35,Q2,0,2026,3,1,Saturday,1,0,2025-09-25 05:22:03.002969,2026-06-24 05:22:02.999378,169,44,7,Regular,False,False,False,False,True,False,False,False,44,7,821.35
1443.0,CUST_00263,2025-09-22 05:22:03.000018,44.8,3.0,beauty,Wallet,False,transactions,,,,,,,,,433.06,Q1,0,2025,9,3,Monday,0,0,2025-09-22 05:22:03.000018,2026-07-28 05:22:02.994073,0,10,5,Occasional,True,False,False,False,False,False,False,False,10,5,433.06
1444.0,CUST_00135,2025-08-23 05:22:03.000023,93.22,1.0,electronics,Debit Card,False,transactions,,,,,,,,,654.96,Q3,0,2025,8,3,Saturday,1,0,2025-08-23 05:22:03.000023,2026-06-25 05:22:02.995605,0,43,6,Regular,False,False,False,True,False,False,False,False,43,6,654.96
1445.0,CUST_00288,2026-08-03 05:22:03.000029,84.84,2.0,clothing,Debit Card,False,transactions,,,,,,,,,798.88,Q2,0,2026,8,3,Monday,0,0,2025-10-06 05:22:03.000097,2026-08-03 05:22:03.000029,300,4,7,Regular,False,False,True,False,False,False,False,False,4,7,798.88
1446.0,CUST_00438,2026-07-01 05:22:03.000036,182.23,2.0,groceries,Credit Card,False,transactions,,,,,,,,,507.83,Q4,1,2026,7,3,Wednesday,0,0,2026-01-07 05:22:02.991637,2026-07-21 05:22:02.993950,175,17,4,Occasional,False,False,False,False,True,False,False,False,17,4,507.83
1447.0,CUST_00240,2025-09-13 05:22:03.000042,234.16,5.0,toys,Debit Card,True,transactions,,,,,,,,,1090.39,Q4,1,2025,9,3,Saturday,1,0,2025-09-03 05:22:02.996364,2026-03-21 05:22:02.992685,10,139,9,Regular,False,False,False,False,False,False,False,True,139,9,1090.39
1448.0,CUST_00470,2026-01-16 05:22:03.000047,230.21,4.0,sports,Credit Card,False,transactions,,,,,,,,,560.4200000000001,Q4,1,2026,1,1,Friday,0,0,2025-09-01 05:22:02.996096,2026-05-30 05:22:02.998720,137,69,5,Occasional,False,False,False,False,False,False,True,False,69,5,560.4200000000001
1449.0,CUST_00310,2025-12-02 05:22:03.000052,15.85,2.0,toys,Wallet,False,transactions,,,,,,,,,304.24,Q1,0,2025,12,4,Tuesday,0,1,2025-10-17 05:22:02.996107,2026-06-02 05:22:02.996358,46,66,4,Occasional,False,False,False,False,False,False,False,True,66,4,304.24
1450.0,CUST_00080,2025-12-10 05:22:03.000057,37.59,2.0,sports,Credit Card,True,transactions,,,,,,,,,251.08,Q1,0,2025,12,4,Wednesday,0,1,2025-08-17 05:22:03.002404,2026-07-18 05:22:02.994609,114,20,3,Occasional,False,False,False,False,False,False,True,False,20,3,251.08
1451.0,CUST_00397,2026-01-25 05:22:03.000063,64.08,1.0,beauty,Wallet,False,transactions,,,,,,,,,500.53000000000003,Q2,0,2026,1,1,Sunday,1,0,2026-01-25 05:22:03.000063,2026-05-31 05:22:02.993410,0,68,8,Regular,True,False,False,False,False,False,False,False,68,8,500.53000000000003
1452.0,CUST_00109,2026-07-27 05:22:03.000068,65.43,4.0,books,Debit Card,False,transactions,,,,,,,,,338.52,Q2,0,2026,7,3,Monday,0,0,2025-09-07 05:22:02.996457,2026-07-27 05:22:03.000068,323,11,5,Occasional,False,True,False,False,False,False,False,False,11,5,338.52
1453.0,CUST_00036,2026-03-20 05:22:03.000073,50.08,4.0,clothing,Wallet,True,transactions,,,,,,,,,340.03,Q1,0,2026,3,1,Friday,0,0,2025-09-08 05:22:02.991181,2026-03-20 05:22:03.000073,193,140,3,Occasional,False,False,True,False,False,False,False,False,140,3,340.03
1454.0,CUST_00269,2026-04-20 05:22:03.000078,64.87,3.0,home  garden,Credit Card,True,transactions,,,,,,,,,333.01,Q2,0,2026,4,2,Monday,0,0,2026-03-02 05:22:02.996019,2026-04-20 05:22:03.000078,49,109,2,Occasional,False,False,False,False,False,True,False,False,109,2,333.01
1455.0,CUST_00220,2026-02-13 05:22:03.000084,232.58,3.0,home  garden,Wallet,False,transactions,,,,,,,,,919.2,Q4,1,2026,2,1,Friday,0,0,2026-01-20 05:22:02.993206,2026-05-30 05:22:02.991164,24,69,7,Regular,False,False,False,False,False,True,False,False,69,7,919.2
1456.0,CUST_00275,2025-08-20 05:22:03.000091,166.79,2.0,groceries,Wallet,True,transactions,,,,,,,,,425.59000000000003,Q4,1,2025,8,3,Wednesday,0,0,2025-08-20 05:22:03.000091,2026-06-05 05:22:02.991779,0,63,6,Regular,False,False,False,False,True,False,False,False,63,6,425.59000000000003
1457.0,CUST_00288,2025-10-06 05:22:03.000097,52.89,2.0,clothing,Debit Card,False,transactions,,,,,,,,,798.88,Q1,0,2025,10,4,Monday,0,0,2025-10-06 05:22:03.000097,2026-08-03 05:22:03.000029,0,4,7,Regular,False,False,True,False,False,False,False,False,4,7,798.88
1458.0,CUST_00422,2026-02-26 05:22:03.000103,77.58,1.0,home  garden,Debit Card,False,transactions,,,,,,,,,1100.56,Q2,0,2026,2,1,Thursday,0,0,2025-09-09 05:22:02.994639,2026-05-25 05:22:02.994987,170,74,10,Regular,False,False,False,False,False,True,False,False,74,10,1100.56
1459.0,CUST_00163,2026-06-10 05:22:03.000108,112.19,4.0,books,Credit Card,True,transactions,,,,,,,,,821.9399999999999,Q3,0,2026,6,2,Wednesday,0,0,2025-08-09 05:22:02.997491,2026-06-10 05:22:03.000108,305,58,9,Regular,False,True,False,False,False,False,False,False,58,9,821.9399999999999
1460.0,CUST_00483,2026-06-04 05:22:03.000114,21.7,4.0,,Debit Card,False,transactions,,,,,,,,,137.2,Q1,0,2026,6,2,Thursday,0,0,2025-09-12 05:22:02.992859,2026-06-04 05:22:03.000114,265,64,2,Occasional,False,False,False,False,False,False,False,False,64,2,137.2
1461.0,CUST_00280,2026-05-14 05:22:03.000119,77.1,5.0,groceries,Debit Card,True,transactions,,,,,,,,,196.45,Q2,0,2026,5,2,Thursday,0,0,2025-09-25 05:22:02.999620,2026-05-14 05:22:03.000119,231,85,2,Occasional,False,False,False,False,True,False,False,False,85,2,196.45
1462.0,CUST_00498,2025-08-25 05:22:03.000124,76.02,5.0,electronics,PayPal,False,transactions,,,,,,,,,443.22999999999996,Q2,0,2025,8,3,Monday,0,0,2025-08-25 05:22:03.000124,2026-04-10 05:22:03.001923,0,118,3,Occasional,False,False,False,True,False,False,False,False,118,3,443.22999999999996
1463.0,CUST_00460,2026-03-03 05:22:03.000129,74.1,5.0,clothing,Wallet,False,transactions,,,,,,,,,197.6,Q2,0,2026,3,1,Tuesday,0,0,2026-02-23 05:22:03.002803,2026-03-03 05:22:03.000129,7,157,2,Occasional,False,False,True,False,False,False,False,False,157,2,197.6
1464.0,CUST_00181,2026-02-08 05:22:03.000135,169.33,5.0,groceries,PayPal,False,transactions,,,,,,,,,803.96,Q4,1,2026,2,1,Sunday,1,0,2025-10-25 05:22:03.001204,2026-02-08 05:22:03.000135,105,180,4,Occasional,False,False,False,False,True,False,False,False,180,4,803.96
1465.0,CUST_00091,2025-12-16 05:22:03.000140,73.87,4.0,beauty,Debit Card,False,transactions,,,,,,,,,714.52,Q2,0,2025,12,4,Tuesday,0,1,2025-10-01 05:22:02.998886,2026-05-03 05:22:02.999717,76,96,5,Occasional,True,False,False,False,False,False,False,False,96,5,714.52
1466.0,CUST_00196,2026-03-15 05:22:03.000145,19.79,4.0,books,Credit Card,True,transactions,,,,,,,,,445.15,Q1,0,2026,3,1,Sunday,1,0,2025-09-27 05:22:02.995181,2026-03-15 05:22:03.000145,169,145,4,Occasional,False,True,False,False,False,False,False,False,145,4,445.15
1467.0,CUST_00413,2026-06-15 05:22:03.000151,178.85,1.0,electronics,Wallet,False,transactions,,,,,,,,,235.24,Q4,1,2026,6,2,Monday,0,0,2026-06-15 05:22:03.000151,2026-06-16 05:22:02.993405,0,52,2,Occasional,False,False,False,True,False,False,False,False,52,2,235.24
1468.0,CUST_00384,2025-09-22 05:22:03.000156,57.91,5.0,clothing,Credit Card,False,transactions,,,,,,,,,288.78999999999996,Q1,0,2025,9,3,Monday,0,0,2025-09-22 05:22:03.000156,2026-06-06 05:22:03.001615,0,62,3,Occasional,False,False,True,False,False,False,False,False,62,3,288.78999999999996
1469.0,CUST_00437,2026-01-04 05:22:03.000162,45.27,2.0,sports,Wallet,False,transactions,,,,,,,,,711.62,Q1,0,2026,1,1,Sunday,1,0,2026-01-04 05:22:03.000162,2026-07-03 05:22:02.995284,0,35,7,Regular,False,False,False,False,False,False,True,False,35,7,711.62
1470.0,CUST_00439,2025-12-10 05:22:03.000167,59.78,1.0,beauty,Wallet,False,transactions,,,,,,,,,289.96,Q2,0,2025,12,4,Wednesday,0,1,2025-08-14 05:22:02.999079,2025-12-10 05:22:03.000167,118,240,5,Occasional,True,False,False,False,False,False,False,False,240,5,289.96
1471.0,CUST_00421,2025-09-11 05:22:03.000172,237.72,4.0,electronics,Debit Card,False,transactions,,,,,,,,,688.19,Q4,1,2025,9,3,Thursday,0,0,2025-09-11 05:22:03.000172,2026-05-06 05:22:02.994891,0,93,4,Occasional,False,False,False,True,False,False,False,False,93,4,688.19
1472.0,CUST_00138,2025-09-04 05:22:03.000177,27.31,3.0,books,Wallet,False,transactions,,,,,,,,,203.25,Q1,0,2025,9,3,Thursday,0,0,2025-09-04 05:22:03.000177,2026-04-22 05:22:02.998991,0,107,3,Occasional,False,True,False,False,False,False,False,False,107,3,203.25
1473.0,CUST_00003,2026-01-07 05:22:03.000183,121.81,1.0,,PayPal,True,transactions,,,,,,,,,384.24,Q3,0,2026,1,1,Wednesday,0,0,2025-10-18 05:22:02.994721,2026-07-14 05:22:02.998763,81,24,3,Occasional,False,False,False,False,False,False,False,False,24,3,384.24
1474.0,CUST_00266,2025-10-04 05:22:03.000188,65.57,3.0,beauty,Wallet,False,transactions,,,,,,,,,794.69,Q2,0,2025,10,4,Saturday,1,0,2025-10-04 05:22:03.000188,2026-04-22 05:22:03.001453,0,107,6,Regular,True,False,False,False,False,False,False,False,107,6,794.69
1475.0,CUST_00499,2026-01-19 05:22:03.000196,118.84,2.0,groceries,Wallet,False,transactions,,,,,,,,,498.2,Q3,0,2026,1,1,Monday,0,0,2025-08-18 05:22:02.997455,2026-07-11 05:22:02.991286,154,27,4,Occasional,False,False,False,False,True,False,False,False,27,4,498.2
1476.0,CUST_00326,2026-01-20 05:22:03.000201,29.83,2.0,groceries,Debit Card,False,transactions,,,,,,,,,351.25,Q1,0,2026,1,1,Tuesday,0,0,2025-09-27 05:22:03.002494,2026-02-06 05:22:02.996943,114,182,4,Occasional,False,False,False,False,True,False,False,False,182,4,351.25
1477.0,CUST_00051,2025-08-09 05:22:03.000206,79.9,2.0,clothing,Wallet,True,transactions,,,,,,,,,317.92,Q2,0,2025,8,3,Saturday,1,0,2025-08-09 05:22:03.000206,2026-02-20 05:22:03.002452,0,167,3,Occasional,False,False,True,False,False,False,False,False,167,3,317.92
1478.0,CUST_00322,2026-03-27 05:22:03.000212,77.39,5.0,home  garden,Debit Card,False,transactions,,,,,,,,,405.48,Q2,0,2026,3,1,Friday,0,0,2025-08-12 05:22:02.997252,2026-08-03 05:22:03.001348,227,4,3,Occasional,False,False,False,False,False,True,False,False,4,3,405.48
1479.0,CUST_00014,2025-12-27 05:22:03.000217,77.39,1.0,,Credit Card,False,transactions,,,,,,,,,613.27,Q2,0,2025,12,4,Saturday,1,1,2025-08-16 05:22:02.999860,2026-06-01 05:22:02.991895,133,67,6,Regular,False,False,False,False,False,False,False,False,67,6,613.27
1480.0,CUST_00013,2026-06-02 05:22:03.000225,32.68,4.0,beauty,Debit Card,False,transactions,,,,,,,,,313.61,Q1,0,2026,6,2,Tuesday,0,0,2025-08-19 05:22:03.001239,2026-06-02 05:22:03.000225,286,66,4,Occasional,True,False,False,False,False,False,False,False,66,4,313.61
1481.0,CUST_00275,2026-04-04 05:22:03.000231,53.06,4.0,books,PayPal,False,transactions,,,,,,,,,425.59000000000003,Q1,0,2026,4,2,Saturday,1,0,2025-08-20 05:22:03.000091,2026-06-05 05:22:02.991779,227,63,6,Regular,False,True,False,False,False,False,False,False,63,6,425.59000000000003
1482.0,CUST_00074,2025-09-20 05:22:03.000237,93.74,1.0,clothing,Credit Card,False,transactions,,,,,,,,,217.3,Q3,0,2025,9,3,Saturday,1,0,2025-09-20 05:22:03.000237,2026-05-27 05:22:02.997978,0,72,3,Occasional,False,False,True,False,False,False,False,False,72,3,217.3
1483.0,CUST_00145,2026-03-26 05:22:03.000242,14.27,2.0,clothing,PayPal,True,transactions,,,,,,,,,599.3100000000001,Q1,0,2026,3,1,Thursday,0,0,2025-08-19 05:22:02.997773,2026-07-23 05:22:02.996175,219,15,5,Occasional,False,False,True,False,False,False,False,False,15,5,599.3100000000001
1484.0,CUST_00107,2026-01-19 05:22:03.000248,28.92,1.0,toys,Wallet,False,transactions,,,,,,,,,273.06,Q1,0,2026,1,1,Monday,0,0,2025-09-04 05:22:02.999256,2026-01-19 05:22:03.000248,137,200,5,Occasional,False,False,False,False,False,False,False,True,200,5,273.06
1485.0,CUST_00492,2025-09-21 05:22:03.000253,86.37,1.0,sports,Wallet,True,transactions,,,,,,,,,877.08,Q2,0,2025,9,3,Sunday,1,0,2025-09-12 05:22:02.999432,2026-05-13 05:22:03.003141,9,85,8,Regular,False,False,False,False,False,False,True,False,85,8,877.08
1486.0,CUST_00325,2025-12-20 05:22:03.000258,101.41,2.0,home  garden,Debit Card,False,transactions,,,,,,,,,146.31,Q3,0,2025,12,4,Saturday,1,1,2025-12-20 05:22:03.000258,2026-07-01 05:22:03.002479,0,36,2,Occasional,False,False,False,False,False,True,False,False,36,2,146.31
1487.0,CUST_00324,2025-10-01 05:22:03.000263,69.62,1.0,clothing,PayPal,False,transactions,,,,,,,,,513.07,Q2,0,2025,10,4,Wednesday,0,0,2025-10-01 05:22:03.000263,2026-07-13 05:22:02.996472,0,25,6,Regular,False,False,True,False,False,False,False,False,25,6,513.07
1488.0,CUST_00315,2025-10-04 05:22:03.000269,92.14,5.0,electronics,PayPal,True,transactions,,,,,,,,,316.7,Q2,0,2025,10,4,Saturday,1,0,2025-09-29 05:22:03.001424,2026-01-29 05:22:03.001655,4,190,4,Occasional,False,False,False,True,False,False,False,False,190,4,316.7
1489.0,CUST_00099,2025-10-01 05:22:03.000274,56.3,1.0,electronics,Debit Card,False,transactions,,,,,,,,,403.45,Q1,0,2025,10,4,Wednesday,0,0,2025-08-24 05:22:02.998773,2026-04-03 05:22:02.992614,38,126,6,Regular,False,False,False,True,False,False,False,False,126,6,403.45
1490.0,CUST_00187,2026-06-10 05:22:03.000279,167.46,2.0,electronics,Debit Card,False,transactions,,,,,,,,,750.36,Q4,1,2026,6,2,Wednesday,0,0,2025-08-25 05:22:02.999141,2026-06-10 05:22:03.000279,289,58,6,Regular,False,False,False,True,False,False,False,False,58,6,750.36
1491.0,CUST_00355,2026-06-04 05:22:03.000284,224.26,3.0,books,Credit Card,False,transactions,,,,,,,,,768.64,Q4,1,2026,6,2,Thursday,0,0,2025-08-31 05:22:02.996370,2026-06-04 05:22:03.000284,277,64,6,Regular,False,True,False,False,False,False,False,False,64,6,768.64
1492.0,CUST_00283,2025-09-08 05:22:03.000290,30.59,3.0,toys,Wallet,False,transactions,,,,,,,,,432.96999999999997,Q1,0,2025,9,3,Monday,0,0,2025-09-08 05:22:03.000290,2026-06-02 05:22:02.992386,0,66,5,Occasional,False,False,False,False,False,False,False,True,66,5,432.96999999999997
1493.0,CUST_00485,2026-01-15 05:22:03.000296,49.27,2.0,books,PayPal,True,transactions,,,,,,,,,505.88,Q1,0,2026,1,1,Thursday,0,0,2025-08-18 05:22:02.996741,2026-07-05 05:22:03.002436,150,32,6,Regular,False,True,False,False,False,False,False,False,32,6,505.88
1494.0,CUST_00053,2025-10-13 05:22:03.000301,157.65,5.0,books,Debit Card,True,transactions,,,,,,,,,193.79000000000002,Q4,1,2025,10,4,Monday,0,0,2025-10-13 05:22:03.000301,2026-05-28 05:22:02.993694,0,71,2,Occasional,False,True,False,False,False,False,False,False,71,2,193.79000000000002
1495.0,CUST_00250,2025-12-29 05:22:03.000309,73.05,4.0,groceries,PayPal,True,transactions,,,,,,,,,429.32,Q2,0,2025,12,4,Monday,0,1,2025-12-26 05:22:03.001292,2026-06-12 05:22:02.997151,2,56,5,Occasional,False,False,False,False,True,False,False,False,56,5,429.32
1496.0,CUST_00319,2026-06-13 05:22:03.000314,136.24,5.0,groceries,PayPal,False,transactions,,,,,,,,,471.9,Q3,0,2026,6,2,Saturday,1,0,2025-08-30 05:22:03.003435,2026-06-13 05:22:03.000314,286,55,5,Occasional,False,False,False,False,True,False,False,False,55,5,471.9
1498.0,CUST_00151,2025-10-02 05:22:03.000325,64.31,5.0,beauty,Credit Card,False,transactions,,,,,,,,,483.23,Q2,0,2025,10,4,Thursday,0,0,2025-09-03 05:22:02.993906,2026-05-23 05:22:02.998451,29,76,4,Occasional,True,False,False,False,False,False,False,False,76,4,483.23
1499.0,CUST_00166,2025-12-31 05:22:03.000330,74.21,2.0,beauty,Debit Card,False,transactions,,,,,,,,,567.37,Q2,0,2025,12,4,Wednesday,0,1,2025-08-20 05:22:03.000404,2026-06-03 05:22:02.999820,132,65,6,Regular,True,False,False,False,False,False,False,False,65,6,567.37
1500.0,CUST_00191,2026-05-25 05:22:03.000335,12.63,3.0,,Credit Card,True,transactions,,,,,,,,,394.75,Q1,0,2026,5,2,Monday,0,0,2025-09-03 05:22:02.998431,2026-05-25 05:22:03.000335,264,74,6,Regular,False,False,False,False,False,False,False,False,74,6,394.75
1501.0,CUST_00110,2025-12-12 05:22:03.000340,214.56,5.0,beauty,Credit Card,False,transactions,,,,,,,,,617.52,Q4,1,2025,12,4,Friday,0,1,2025-12-12 05:22:03.000340,2026-08-06 05:22:02.999426,0,1,4,Occasional,True,False,False,False,False,False,False,False,1,4,617.52
1502.0,CUST_00309,2026-04-21 05:22:03.000346,142.3,5.0,sports,PayPal,True,transactions,,,,,,,,,937.38,Q4,1,2026,4,2,Tuesday,0,0,2026-01-24 05:22:02.997613,2026-07-18 05:22:02.992886,87,20,5,Occasional,False,False,False,False,False,False,True,False,20,5,937.38
1503.0,CUST_00485,2025-08-29 05:22:03.000351,151.27,1.0,groceries,Wallet,False,transactions,,,,,,,,,505.88,Q4,1,2025,8,3,Friday,0,0,2025-08-18 05:22:02.996741,2026-07-05 05:22:03.002436,11,32,6,Regular,False,False,False,False,True,False,False,False,32,6,505.88
1504.0,CUST_00164,2026-04-28 05:22:03.000357,104.02,2.0,electronics,Wallet,False,transactions,,,,,,,,,315.41999999999996,Q3,0,2026,4,2,Tuesday,0,0,2026-02-11 05:22:03.002165,2026-04-28 05:22:03.000357,75,101,4,Occasional,False,False,False,True,False,False,False,False,101,4,315.41999999999996
1505.0,CUST_00141,2026-01-04 05:22:03.000362,71.8,1.0,clothing,PayPal,False,transactions,,,,,,,,,507.9,Q2,0,2026,1,1,Sunday,1,0,2026-01-04 05:22:03.000362,2026-06-27 05:22:02.997367,0,41,6,Regular,False,False,True,False,False,False,False,False,41,6,507.9
1506.0,CUST_00122,2025-10-16 05:22:03.000367,172.96,1.0,,Credit Card,True,transactions,,,,,,,,,413.86,Q4,1,2025,10,4,Thursday,0,0,2025-09-03 05:22:02.996285,2026-05-17 05:22:03.002898,43,81,5,Occasional,False,False,False,False,False,False,False,False,81,5,413.86
1507.0,CUST_00146,2026-06-01 05:22:03.000372,37.24,4.0,electronics,Credit Card,False,transactions,,,,,,,,,607.22,Q1,0,2026,6,2,Monday,0,0,2025-08-31 05:22:02.997915,2026-06-01 05:22:03.000372,274,67,5,Occasional,False,False,False,True,False,False,False,False,67,5,607.22
1508.0,CUST_00009,2026-07-03 05:22:03.000377,191.52,4.0,clothing,Wallet,True,transactions,,,,,,,,,663.55,Q4,1,2026,7,3,Friday,0,0,2025-12-01 05:22:02.996540,2026-08-04 05:22:03.002788,214,2,6,Regular,False,False,True,False,False,False,False,False,2,6,663.55
1509.0,CUST_00141,2026-02-26 05:22:03.000383,54.6,3.0,groceries,PayPal,False,transactions,,,,,,,,,507.9,Q1,0,2026,2,1,Thursday,0,0,2026-01-04 05:22:03.000362,2026-06-27 05:22:02.997367,53,41,6,Regular,False,False,False,False,True,False,False,False,41,6,507.9
1510.0,CUST_00025,2026-01-18 05:22:03.000393,72.64,3.0,toys,Credit Card,True,transactions,,,,,,,,,203.23000000000002,Q2,0,2026,1,1,Sunday,1,0,2026-01-18 05:22:03.000393,2026-05-24 05:22:02.996792,0,75,3,Occasional,False,False,False,False,False,False,False,True,75,3,203.23000000000002
1511.0,CUST_00481,2025-09-25 05:22:03.000398,97.17,1.0,electronics,Credit Card,False,transactions,,,,,,,,,265.84,Q3,0,2025,9,3,Thursday,0,0,2025-09-20 05:22:02.999743,2025-11-07 05:22:03.001078,5,273,3,Occasional,False,False,False,True,False,False,False,False,273,3,265.84
1512.0,CUST_00166,2025-08-20 05:22:03.000404,96.76,4.0,sports,Debit Card,True,transactions,,,,,,,,,567.37,Q3,0,2025,8,3,Wednesday,0,0,2025-08-20 05:22:03.000404,2026-06-03 05:22:02.999820,0,65,6,Regular,False,False,False,False,False,False,True,False,65,6,567.37
1513.0,CUST_00416,2026-01-31 05:22:03.000409,129.2,5.0,electronics,Credit Card,False,transactions,,,,,,,,,407.99,Q3,0,2026,1,1,Saturday,1,0,2025-10-23 05:22:02.991428,2026-01-31 05:22:03.000409,100,188,4,Occasional,False,False,False,True,False,False,False,False,188,4,407.99
1514.0,CUST_00402,2026-07-16 05:22:03.000417,34.84,1.0,electronics,Credit Card,False,transactions,,,,,,,,,123.48,Q1,0,2026,7,3,Thursday,0,0,2026-06-11 05:22:02.997004,2026-07-16 05:22:03.000417,35,22,2,Occasional,False,False,False,True,False,False,False,False,22,2,123.48
1515.0,CUST_00353,2025-09-28 05:22:03.000422,90.95,4.0,books,Debit Card,False,transactions,,,,,,,,,871.96,Q2,0,2025,9,3,Sunday,1,0,2025-09-25 05:22:03.002103,2026-06-28 05:22:02.993020,2,40,8,Regular,False,True,False,False,False,False,False,False,40,8,871.96
1516.0,CUST_00062,2026-06-04 05:22:03.000427,122.23,3.0,home  garden,Wallet,False,transactions,,,,,,,,,363.98,Q3,0,2026,6,2,Thursday,0,0,2025-10-24 05:22:02.997794,2026-06-04 05:22:03.000427,223,64,4,Occasional,False,False,False,False,False,True,False,False,64,4,363.98
1517.0,CUST_00343,2026-06-06 05:22:03.000432,33.14,5.0,sports,Wallet,True,transactions,,,,,,,,,1101.07,Q1,0,2026,6,2,Saturday,1,0,2025-11-09 05:22:02.992646,2026-07-29 05:22:02.995660,209,9,9,Regular,False,False,False,False,False,False,True,False,9,9,1101.07
1518.0,CUST_00165,2025-12-03 05:22:03.000438,74.15,2.0,clothing,PayPal,True,transactions,,,,,,,,,578.1,Q2,0,2025,12,4,Wednesday,0,1,2025-11-11 05:22:03.003369,2026-04-21 05:22:02.999587,21,108,4,Occasional,False,False,True,False,False,False,False,False,108,4,578.1
1519.0,CUST_00181,2025-10-26 05:22:03.000443,225.98,2.0,sports,Credit Card,True,transactions,,,,,,,,,803.96,Q4,1,2025,10,4,Sunday,1,0,2025-10-25 05:22:03.001204,2026-02-08 05:22:03.000135,0,180,4,Occasional,False,False,False,False,False,False,True,False,180,4,803.96
1520.0,CUST_00031,2026-04-21 05:22:03.000448,66.91,1.0,sports,Wallet,False,transactions,,,,,,,,,365.79999999999995,Q2,0,2026,4,2,Tuesday,0,0,2025-11-18 05:22:03.002689,2026-07-03 05:22:02.992771,153,35,5,Occasional,False,False,False,False,False,False,True,False,35,5,365.79999999999995
1521.0,CUST_00054,2026-02-14 05:22:03.000454,166.72,2.0,beauty,PayPal,True,transactions,,,,,,,,,415.49,Q4,1,2026,2,1,Saturday,1,0,2025-10-02 05:22:03.003207,2026-03-22 05:22:02.999803,134,138,4,Occasional,True,False,False,False,False,False,False,False,138,4,415.49
1522.0,CUST_00336,2026-05-21 05:22:03.000459,88.44,5.0,clothing,Debit Card,True,transactions,,,,,,,,,168.3,Q2,0,2026,5,2,Thursday,0,0,2026-05-21 05:22:03.000459,2026-06-18 05:22:02.991851,0,50,2,Occasional,False,False,True,False,False,False,False,False,50,2,168.3
1523.0,CUST_00198,2025-12-19 05:22:03.000464,266.17,5.0,sports,Debit Card,False,transactions,,,,,,,,,717.27,Q4,1,2025,12,4,Friday,0,1,2025-08-19 05:22:02.994360,2026-03-15 05:22:02.998638,122,145,3,Occasional,False,False,False,False,False,False,True,False,145,3,717.27
1524.0,CUST_00217,2026-05-15 05:22:03.000469,82.82,3.0,clothing,Credit Card,True,transactions,,,,,,,,,716.43,Q2,0,2026,5,2,Friday,0,0,2025-10-16 05:22:02.997746,2026-07-27 05:22:02.997724,211,11,8,Regular,False,False,True,False,False,False,False,False,11,8,716.43
1525.0,CUST_00124,2026-07-30 05:22:03.000475,95.91,4.0,home  garden,Wallet,False,transactions,,,,,,,,,329.86,Q3,0,2026,7,3,Thursday,0,0,2025-08-19 05:22:02.991252,2026-07-30 05:22:03.000475,345,8,3,Occasional,False,False,False,False,False,True,False,False,8,3,329.86
1526.0,CUST_00232,2026-02-08 05:22:03.000480,169.76,3.0,clothing,Credit Card,False,transactions,,,,,,,,,203.41,Q4,1,2026,2,1,Sunday,1,0,2026-02-08 05:22:03.000480,2026-05-31 05:22:02.994493,0,68,2,Occasional,False,False,True,False,False,False,False,False,68,2,203.41
1527.0,CUST_00109,2026-05-22 05:22:03.000485,46.89,4.0,groceries,Credit Card,False,transactions,,,,,,,,,338.52,Q1,0,2026,5,2,Friday,0,0,2025-09-07 05:22:02.996457,2026-07-27 05:22:03.000068,257,11,5,Occasional,False,False,False,False,True,False,False,False,11,5,338.52
1528.0,CUST_00190,2026-06-18 05:22:03.000490,62.6,1.0,groceries,Wallet,False,transactions,,,,,,,,,262.55,Q2,0,2026,6,2,Thursday,0,0,2025-08-29 05:22:02.991840,2026-07-16 05:22:02.994918,293,22,4,Occasional,False,False,False,False,True,False,False,False,22,4,262.55
1530.0,CUST_00056,2025-08-24 05:22:03.000520,57.25,1.0,sports,Debit Card,False,transactions,,,,,,,,,322.91999999999996,Q1,0,2025,8,3,Sunday,1,0,2025-08-24 05:22:03.000520,2026-07-22 05:22:02.997010,0,16,4,Occasional,False,False,False,False,False,False,True,False,16,4,322.91999999999996
1531.0,CUST_00459,2026-07-20 05:22:03.000534,100.21,5.0,books,Credit Card,False,transactions,,,,,,,,,565.72,Q3,0,2026,7,3,Monday,0,0,2025-08-16 05:22:02.998141,2026-07-20 05:22:03.000534,338,18,4,Occasional,False,True,False,False,False,False,False,False,18,4,565.72
1532.0,CUST_00452,2025-09-24 05:22:03.000542,130.66,4.0,groceries,Debit Card,True,transactions,,,,,,,,,560.9300000000001,Q3,0,2025,9,3,Wednesday,0,0,2025-09-24 05:22:03.000542,2026-06-29 05:22:03.000581,0,39,5,Occasional,False,False,False,False,True,False,False,False,39,5,560.9300000000001
1533.0,CUST_00451,2025-08-18 05:22:03.000549,249.12,3.0,toys,Debit Card,False,transactions,,,,,,,,,792.92,Q4,1,2025,8,3,Monday,0,0,2025-08-18 05:22:03.000549,2026-06-21 05:22:02.993320,0,47,6,Regular,False,False,False,False,False,False,False,True,47,6,792.92
1534.0,CUST_00148,2025-08-11 05:22:03.000559,23.65,5.0,books,Credit Card,False,transactions,,,,,,,,,456.99,Q1,0,2025,8,3,Monday,0,0,2025-08-11 05:22:03.000559,2026-07-25 05:22:03.002390,0,12,5,Occasional,False,True,False,False,False,False,False,False,12,5,456.99
1535.0,CUST_00465,2025-08-14 05:22:03.000565,40.75,5.0,toys,Debit Card,False,transactions,,,,,,,,,40.75,Q1,0,2025,8,3,Thursday,0,0,2025-08-14 05:22:03.000565,2025-08-14 05:22:03.000565,0,358,1,One-time,False,False,False,False,False,False,False,True,358,1,40.75
1536.0,CUST_00349,2026-07-03 05:22:03.000570,150.4,2.0,home  garden,Wallet,False,transactions,,,,,,,,,578.79,Q4,1,2026,7,3,Friday,0,0,2025-10-12 05:22:02.993039,2026-07-03 05:22:03.000570,264,35,4,Occasional,False,False,False,False,False,True,False,False,35,4,578.79
1537.0,CUST_00007,2025-08-31 05:22:03.000576,252.77,4.0,groceries,Debit Card,True,transactions,,,,,,,,,616.1700000000001,Q4,1,2025,8,3,Sunday,1,0,2025-08-14 05:22:02.993976,2026-01-09 05:22:02.996337,17,210,4,Occasional,False,False,False,False,True,False,False,False,210,4,616.1700000000001
1538.0,CUST_00452,2026-06-29 05:22:03.000581,151.11,2.0,electronics,Wallet,False,transactions,,,,,,,,,560.9300000000001,Q4,1,2026,6,2,Monday,0,0,2025-09-24 05:22:03.000542,2026-06-29 05:22:03.000581,278,39,5,Occasional,False,False,False,True,False,False,False,False,39,5,560.9300000000001
1539.0,CUST_00251,2026-04-03 05:22:03.000587,36.74,4.0,,Credit Card,False,transactions,,,,,,,,,116.47,Q1,0,2026,4,2,Friday,0,0,2025-10-02 05:22:03.002777,2026-04-03 05:22:03.000587,182,126,2,Occasional,False,False,False,False,False,False,False,False,126,2,116.47
1540.0,CUST_00149,2026-04-13 05:22:03.000592,63.27,5.0,home  garden,Credit Card,False,transactions,,,,,,,,,389.19,Q2,0,2026,4,2,Monday,0,0,2026-03-07 05:22:02.992375,2026-06-24 05:22:02.999125,37,44,4,Occasional,False,False,False,False,False,True,False,False,44,4,389.19
1541.0,CUST_00412,2026-02-17 05:22:03.000598,148.63,4.0,toys,PayPal,False,transactions,,,,,,,,,455.99,Q4,1,2026,2,1,Tuesday,0,0,2025-11-16 05:22:02.993589,2026-03-18 05:22:02.997294,93,142,3,Occasional,False,False,False,False,False,False,False,True,142,3,455.99
1542.0,CUST_00130,2026-02-02 05:22:03.000603,42.53,4.0,electronics,PayPal,True,transactions,,,,,,,,,391.21,Q1,0,2026,2,1,Monday,0,0,2025-11-29 05:22:02.999593,2026-03-27 05:22:02.994944,65,133,4,Occasional,False,False,False,True,False,False,False,False,133,4,391.21
1543.0,CUST_00457,2025-11-15 05:22:03.000611,200.21,5.0,toys,Credit Card,False,transactions,,,,,,,,,802.2,Q4,1,2025,11,4,Saturday,1,1,2025-08-29 05:22:02.998146,2026-05-04 05:22:03.002915,78,94,5,Occasional,False,False,False,False,False,False,False,True,94,5,802.2
1544.0,CUST_00211,2026-04-17 05:22:03.000617,97.33,2.0,beauty,Debit Card,False,transactions,,,,,,,,,501.6,Q3,0,2026,4,2,Friday,0,0,2025-12-14 05:22:03.000719,2026-05-03 05:22:03.002296,123,95,5,Occasional,True,False,False,False,False,False,False,False,95,5,501.6
1545.0,CUST_00357,2025-12-30 05:22:03.000622,31.51,3.0,sports,Debit Card,True,transactions,,,,,,,,,770.7,Q1,0,2025,12,4,Tuesday,0,1,2025-09-11 05:22:02.999315,2026-07-08 05:22:02.994366,110,30,8,Regular,False,False,False,False,False,False,True,False,30,8,770.7
1546.0,CUST_00194,2025-09-14 05:22:03.000627,137.46,1.0,books,Wallet,True,transactions,,,,,,,,,657.15,Q3,0,2025,9,3,Sunday,1,0,2025-09-06 05:22:03.001479,2026-06-26 05:22:03.003380,7,41,5,Occasional,False,True,False,False,False,False,False,False,41,5,657.15
1547.0,CUST_00449,2025-11-11 05:22:03.000633,77.58,2.0,books,PayPal,True,transactions,,,,,,,,,618.48,Q2,0,2025,11,4,Tuesday,0,1,2025-11-11 05:22:03.000633,2026-06-17 05:22:02.997372,0,51,6,Regular,False,True,False,False,False,False,False,False,51,6,618.48
1548.0,CUST_00201,2025-10-10 05:22:03.000638,62.38,4.0,books,Credit Card,False,transactions,,,,,,,,,364.64,Q2,0,2025,10,4,Friday,0,0,2025-10-10 05:22:03.000638,2026-05-13 05:22:02.998747,0,86,3,Occasional,False,True,False,False,False,False,False,False,86,3,364.64
1549.0,CUST_00360,2026-02-13 05:22:03.000643,44.96,5.0,clothing,Wallet,False,transactions,,,,,,,,,119.64000000000001,Q1,0,2026,2,1,Friday,0,0,2026-02-13 05:22:03.000643,2026-06-25 05:22:03.002798,0,42,2,Occasional,False,False,True,False,False,False,False,False,42,2,119.64000000000001
1550.0,CUST_00406,2026-02-11 05:22:03.000648,74.63,3.0,clothing,Wallet,True,transactions,,,,,,,,,178.03,Q2,0,2026,2,1,Wednesday,0,0,2025-12-02 05:22:03.001469,2026-08-06 05:22:02.996909,70,1,4,Occasional,False,False,True,False,False,False,False,False,1,4,178.03
1551.0,CUST_00076,2025-12-12 05:22:03.000654,81.18,2.0,books,Debit Card,False,transactions,,,,,,,,,703.08,Q2,0,2025,12,4,Friday,0,1,2025-09-30 05:22:03.002109,2026-07-10 05:22:02.995884,72,28,8,Regular,False,True,False,False,False,False,False,False,28,8,703.08
1552.0,CUST_00148,2026-07-05 05:22:03.000659,107.32,3.0,electronics,Debit Card,False,transactions,,,,,,,,,456.99,Q3,0,2026,7,3,Sunday,1,0,2025-08-11 05:22:03.000559,2026-07-25 05:22:03.002390,328,12,5,Occasional,False,False,False,True,False,False,False,False,12,5,456.99
1553.0,CUST_00304,2026-06-05 05:22:03.000666,42.82,1.0,toys,Wallet,False,transactions,,,,,,,,,172.89,Q1,0,2026,6,2,Friday,0,0,2026-02-26 05:22:02.993779,2026-06-05 05:22:03.000666,99,63,3,Occasional,False,False,False,False,False,False,False,True,63,3,172.89
1554.0,CUST_00428,2026-08-07 05:22:03.000672,48.1,1.0,books,PayPal,True,transactions,,,,,,,,,223.51,Q1,0,2026,8,3,Friday,0,0,2026-03-05 05:22:03.002593,2026-08-07 05:22:03.000672,154,0,2,Occasional,False,True,False,False,False,False,False,False,0,2,223.51
1555.0,CUST_00258,2025-09-01 05:22:03.000677,217.72,5.0,home  garden,PayPal,False,transactions,,,,,,,,,461.89,Q4,1,2025,9,3,Monday,0,0,2025-09-01 05:22:03.000677,2026-06-12 05:22:02.999007,0,56,3,Occasional,False,False,False,False,False,True,False,False,56,3,461.89
1556.0,CUST_00376,2026-04-29 05:22:03.000682,33.21,4.0,clothing,Credit Card,False,transactions,,,,,,,,,832.61,Q1,0,2026,4,2,Wednesday,0,0,2025-10-17 05:22:02.996932,2026-06-17 05:22:03.002037,194,50,7,Regular,False,False,True,False,False,False,False,False,50,7,832.61
1557.0,CUST_00182,2026-04-02 05:22:03.000687,161.19,4.0,groceries,Credit Card,True,transactions,,,,,,,,,567.61,Q4,1,2026,4,2,Thursday,0,0,2025-10-01 05:22:02.997471,2026-06-03 05:22:03.001244,183,65,6,Regular,False,False,False,False,True,False,False,False,65,6,567.61
1558.0,CUST_00472,2026-03-06 05:22:03.000693,24.55,5.0,books,Wallet,False,transactions,,,,,,,,,1449.15,Q1,0,2026,3,1,Friday,0,0,2025-08-28 05:22:02.994535,2026-04-25 05:22:02.993473,190,104,10,Regular,False,True,False,False,False,False,False,False,104,10,1449.15
1559.0,CUST_00166,2025-10-15 05:22:03.000698,158.09,2.0,sports,Wallet,False,transactions,,,,,,,,,567.37,Q4,1,2025,10,4,Wednesday,0,0,2025-08-20 05:22:03.000404,2026-06-03 05:22:02.999820,56,65,6,Regular,False,False,False,False,False,False,True,False,65,6,567.37
1560.0,CUST_00155,2026-03-04 05:22:03.000703,28.34,1.0,books,Wallet,False,transactions,,,,,,,,,504.53,Q1,0,2026,3,1,Wednesday,0,0,2025-08-31 05:22:02.997015,2026-03-23 05:22:02.993076,185,137,7,Regular,False,True,False,False,False,False,False,False,137,7,504.53
1561.0,CUST_00193,2025-12-27 05:22:03.000708,160.05,1.0,home  garden,PayPal,False,transactions,,,,,,,,,892.0699999999999,Q4,1,2025,12,4,Saturday,1,1,2025-12-27 05:22:03.000708,2026-06-17 05:22:02.993864,0,51,6,Regular,False,False,False,False,False,True,False,False,51,6,892.0699999999999
1562.0,CUST_00351,2025-08-08 05:22:03.000714,70.95,3.0,toys,Wallet,False,transactions,,,,,,,,,824.26,Q2,0,2025,8,3,Friday,0,0,2025-08-08 05:22:03.000714,2026-06-18 05:22:02.994021,0,50,8,Regular,False,False,False,False,False,False,False,True,50,8,824.26
1563.0,CUST_00211,2025-12-14 05:22:03.000719,69.91,1.0,electronics,Wallet,False,transactions,,,,,,,,,501.6,Q2,0,2025,12,4,Sunday,1,1,2025-12-14 05:22:03.000719,2026-05-03 05:22:03.002296,0,95,5,Occasional,False,False,False,True,False,False,False,False,95,5,501.6
1565.0,CUST_00279,2025-10-22 05:22:03.000730,32.52,3.0,electronics,Wallet,False,transactions,,,,,,,,,184.35,Q1,0,2025,10,4,Wednesday,0,0,2025-08-18 05:22:02.999762,2026-04-14 05:22:02.991500,65,115,4,Occasional,False,False,False,True,False,False,False,False,115,4,184.35
1566.0,CUST_00344,2026-08-04 05:22:03.000735,70.68,4.0,toys,Credit Card,False,transactions,,,,,,,,,682.0,Q2,0,2026,8,3,Tuesday,0,0,2025-08-13 05:22:02.992156,2026-08-04 05:22:03.000735,356,3,6,Regular,False,False,False,False,False,False,False,True,3,6,682.0
1567.0,CUST_00425,2025-09-09 05:22:03.000740,121.86,1.0,beauty,PayPal,False,transactions,,,,,,,,,455.53999999999996,Q3,0,2025,9,3,Tuesday,0,0,2025-09-09 05:22:03.000740,2026-02-13 05:22:02.999521,0,175,4,Occasional,True,False,False,False,False,False,False,False,175,4,455.53999999999996
1568.0,CUST_00354,2026-02-19 05:22:03.000745,139.21,1.0,clothing,Credit Card,True,transactions,,,,,,,,,252.81,Q3,0,2026,2,1,Thursday,0,0,2026-02-19 05:22:03.000745,2026-07-25 05:22:02.993436,0,13,2,Occasional,False,False,True,False,False,False,False,False,13,2,252.81
1569.0,CUST_00265,2026-05-26 05:22:03.000751,252.85,5.0,toys,Debit Card,False,transactions,,,,,,,,,872.91,Q4,1,2026,5,2,Tuesday,0,0,2025-09-04 05:22:03.001891,2026-05-26 05:22:03.000751,263,73,7,Regular,False,False,False,False,False,False,False,True,73,7,872.91
1570.0,CUST_00160,2026-08-04 05:22:03.000756,27.09,4.0,sports,Credit Card,False,transactions,,,,,,,,,129.47,Q1,0,2026,8,3,Tuesday,0,0,2025-10-12 05:22:02.998350,2026-08-04 05:22:03.000756,296,3,2,Occasional,False,False,False,False,False,False,True,False,3,2,129.47
1571.0,CUST_00451,2026-06-07 05:22:03.000761,230.04,5.0,clothing,Credit Card,False,transactions,,,,,,,,,792.92,Q4,1,2026,6,2,Sunday,1,0,2025-08-18 05:22:03.000549,2026-06-21 05:22:02.993320,293,47,6,Regular,False,False,True,False,False,False,False,False,47,6,792.92
1572.0,CUST_00427,2025-11-22 05:22:03.000766,42.97,4.0,groceries,Credit Card,False,transactions,,,,,,,,,231.51999999999998,Q1,0,2025,11,4,Saturday,1,1,2025-11-22 05:22:03.000766,2026-08-07 05:22:02.991061,0,0,4,Occasional,False,False,False,False,True,False,False,False,0,4,231.51999999999998
1573.0,CUST_00248,2026-05-05 05:22:03.000776,47.37,2.0,books,Wallet,True,transactions,,,,,,,,,228.96,Q1,0,2026,5,2,Tuesday,0,0,2025-12-26 05:22:03.003185,2026-05-05 05:22:03.000776,129,94,3,Occasional,False,True,False,False,False,False,False,False,94,3,228.96
1574.0,CUST_00316,2026-06-05 05:22:03.000782,174.91,4.0,home  garden,Debit Card,False,transactions,,,,,,,,,749.88,Q4,1,2026,6,2,Friday,0,0,2025-08-21 05:22:02.993420,2026-06-05 05:22:03.000782,288,63,8,Regular,False,False,False,False,False,True,False,False,63,8,749.88
1575.0,CUST_00382,2025-09-05 05:22:03.000787,203.99,2.0,home  garden,Debit Card,False,transactions,,,,,,,,,1186.79,Q4,1,2025,9,3,Friday,0,0,2025-08-23 05:22:02.998568,2026-08-04 05:22:02.999405,13,3,9,Regular,False,False,False,False,False,True,False,False,3,9,1186.79
1576.0,CUST_00149,2026-03-12 05:22:03.000792,50.27,1.0,toys,PayPal,False,transactions,,,,,,,,,389.19,Q1,0,2026,3,1,Thursday,0,0,2026-03-07 05:22:02.992375,2026-06-24 05:22:02.999125,5,44,4,Occasional,False,False,False,False,False,False,False,True,44,4,389.19
1577.0,CUST_00358,2026-06-14 05:22:03.000798,144.89,4.0,groceries,Debit Card,False,transactions,,,,,,,,,679.42,Q4,1,2026,6,2,Sunday,1,0,2025-09-16 05:22:03.003114,2026-07-10 05:22:03.003393,270,27,7,Regular,False,False,False,False,True,False,False,False,27,7,679.42
1578.0,CUST_00235,2026-06-07 05:22:03.000803,70.53,5.0,,PayPal,False,transactions,,,,,,,,,568.7,Q2,0,2026,6,2,Sunday,1,0,2025-09-16 05:22:02.993330,2026-06-07 05:22:03.000803,264,61,5,Occasional,False,False,False,False,False,False,False,False,61,5,568.7
1579.0,CUST_00334,2025-09-05 05:22:03.000808,83.47,5.0,,PayPal,True,transactions,,,,,,,,,356.01,Q2,0,2025,9,3,Friday,0,0,2025-09-05 05:22:03.000808,2026-04-04 05:22:03.002463,0,124,3,Occasional,False,False,False,False,False,False,False,False,124,3,356.01
1580.0,CUST_00240,2025-12-16 05:22:03.000813,70.46,3.0,electronics,PayPal,False,transactions,,,,,,,,,1090.39,Q2,0,2025,12,4,Tuesday,0,1,2025-09-03 05:22:02.996364,2026-03-21 05:22:02.992685,104,139,9,Regular,False,False,False,True,False,False,False,False,139,9,1090.39
1581.0,CUST_00441,2025-11-23 05:22:03.000818,32.69,2.0,beauty,Wallet,False,transactions,,,,,,,,,726.8,Q1,0,2025,11,4,Sunday,1,1,2025-10-20 05:22:02.993452,2026-06-14 05:22:02.991097,34,54,6,Regular,True,False,False,False,False,False,False,False,54,6,726.8
1582.0,CUST_00090,2025-09-06 05:22:03.000824,94.33,2.0,beauty,PayPal,False,transactions,,,,,,,,,544.84,Q3,0,2025,9,3,Saturday,1,0,2025-09-06 05:22:03.000824,2026-07-23 05:22:02.993689,0,15,6,Regular,True,False,False,False,False,False,False,False,15,6,544.84
1583.0,CUST_00440,2026-05-28 05:22:03.000829,61.3,3.0,books,Credit Card,True,transactions,,,,,,,,,821.35,Q2,0,2026,5,2,Thursday,0,0,2025-09-25 05:22:03.002969,2026-06-24 05:22:02.999378,244,44,7,Regular,False,True,False,False,False,False,False,False,44,7,821.35
1584.0,CUST_00331,2025-12-03 05:22:03.000834,198.69,4.0,toys,Debit Card,False,transactions,,,,,,,,,922.5600000000001,Q4,1,2025,12,4,Wednesday,0,1,2025-08-17 05:22:02.999884,2026-07-28 05:22:02.996765,108,10,8,Regular,False,False,False,False,False,False,False,True,10,8,922.5600000000001
1585.0,CUST_00475,2025-11-21 05:22:03.000839,128.36,5.0,books,PayPal,False,transactions,,,,,,,,,548.5,Q3,0,2025,11,4,Friday,0,1,2025-11-21 05:22:03.000839,2026-05-30 05:22:03.001673,0,69,4,Occasional,False,True,False,False,False,False,False,False,69,4,548.5
1586.0,CUST_00298,2026-02-10 05:22:03.000845,162.66,5.0,groceries,Credit Card,True,transactions,,,,,,,,,480.36,Q4,1,2026,2,1,Tuesday,0,0,2026-01-04 05:22:02.999836,2026-07-18 05:22:02.996524,37,20,4,Occasional,False,False,False,False,True,False,False,False,20,4,480.36
1587.0,CUST_00082,2026-04-11 05:22:03.000851,76.39,1.0,clothing,Wallet,False,transactions,,,,,,,,,565.63,Q2,0,2026,4,2,Saturday,1,0,2025-09-19 05:22:02.995334,2026-04-11 05:22:03.000851,204,118,3,Occasional,False,False,True,False,False,False,False,False,118,3,565.63
1588.0,CUST_00119,2026-04-08 05:22:03.000856,70.0,1.0,home  garden,Wallet,True,transactions,,,,,,,,,369.5,Q2,0,2026,4,2,Wednesday,0,0,2025-08-21 05:22:02.995748,2026-04-16 05:22:02.999571,230,113,5,Occasional,False,False,False,False,False,True,False,False,113,5,369.5
1589.0,CUST_00216,2026-07-06 05:22:03.000861,83.75,1.0,books,Credit Card,False,transactions,,,,,,,,,139.45,Q2,0,2026,7,3,Monday,0,0,2026-02-19 05:22:02.999476,2026-07-06 05:22:03.000861,137,32,2,Occasional,False,True,False,False,False,False,False,False,32,2,139.45
1591.0,CUST_00327,2025-10-18 05:22:03.000872,42.35,5.0,sports,Wallet,False,transactions,,,,,,,,,703.51,Q1,0,2025,10,4,Saturday,1,0,2025-10-07 05:22:02.993447,2026-04-21 05:22:02.995945,11,108,8,Regular,False,False,False,False,False,False,True,False,108,8,703.51
1592.0,CUST_00147,2026-04-14 05:22:03.000880,71.41,2.0,home  garden,Debit Card,False,transactions,,,,,,,,,262.48,Q2,0,2026,4,2,Tuesday,0,0,2026-04-14 05:22:03.000880,2026-07-30 05:22:02.992964,0,8,3,Occasional,False,False,False,False,False,True,False,False,8,3,262.48
1593.0,CUST_00013,2025-09-19 05:22:03.000885,67.5,1.0,,Debit Card,True,transactions,,,,,,,,,313.61,Q2,0,2025,9,3,Friday,0,0,2025-08-19 05:22:03.001239,2026-06-02 05:22:03.000225,30,66,4,Occasional,False,False,False,False,False,False,False,False,66,4,313.61
1594.0,CUST_00185,2026-01-11 05:22:03.000890,158.4,5.0,clothing,Wallet,False,transactions,,,,,,,,,556.77,Q4,1,2026,1,1,Sunday,1,0,2025-09-22 05:22:02.999980,2026-05-08 05:22:02.991281,111,91,5,Occasional,False,False,True,False,False,False,False,False,91,5,556.77
1595.0,CUST_00107,2025-10-19 05:22:03.000896,96.31,4.0,beauty,Debit Card,True,transactions,,,,,,,,,273.06,Q3,0,2025,10,4,Sunday,1,0,2025-09-04 05:22:02.999256,2026-01-19 05:22:03.000248,45,200,5,Occasional,True,False,False,False,False,False,False,False,200,5,273.06
1596.0,CUST_00225,2026-01-01 05:22:03.000904,59.01,4.0,clothing,Debit Card,True,transactions,,,,,,,,,412.21999999999997,Q2,0,2026,1,1,Thursday,0,0,2025-09-26 05:22:03.001913,2026-08-02 05:22:02.995009,96,5,5,Occasional,False,False,True,False,False,False,False,False,5,5,412.21999999999997
1597.0,CUST_00153,2026-06-17 05:22:03.000910,181.27,1.0,toys,PayPal,False,transactions,,,,,,,,,181.27,Q4,1,2026,6,2,Wednesday,0,0,2026-06-17 05:22:03.000910,2026-06-17 05:22:03.000910,0,51,1,One-time,False,False,False,False,False,False,False,True,51,1,181.27
1598.0,CUST_00421,2026-03-12 05:22:03.000915,201.48,3.0,groceries,Credit Card,True,transactions,,,,,,,,,688.19,Q4,1,2026,3,1,Thursday,0,0,2025-09-11 05:22:03.000172,2026-05-06 05:22:02.994891,182,93,4,Occasional,False,False,False,False,True,False,False,False,93,4,688.19
1599.0,CUST_00081,2026-03-13 05:22:03.000920,217.79,1.0,sports,PayPal,False,transactions,,,,,,,,,583.34,Q4,1,2026,3,1,Friday,0,0,2025-12-25 05:22:02.992447,2026-03-20 05:22:02.996051,78,140,4,Occasional,False,False,False,False,False,False,True,False,140,4,583.34
1600.0,CUST_00030,2025-11-01 05:22:03.000925,77.25,1.0,toys,PayPal,False,transactions,,,,,,,,,479.33,Q2,0,2025,11,4,Saturday,1,1,2025-10-19 05:22:03.001783,2026-08-05 05:22:02.994162,12,2,5,Occasional,False,False,False,False,False,False,False,True,2,5,479.33
1601.0,CUST_00017,2026-02-15 05:22:03.000931,126.95,4.0,books,Credit Card,False,transactions,,,,,,,,,477.71999999999997,Q3,0,2026,2,1,Sunday,1,0,2025-08-23 05:22:03.002338,2026-05-28 05:22:02.998616,175,71,7,Regular,False,True,False,False,False,False,False,False,71,7,477.71999999999997
1602.0,CUST_00281,2026-02-20 05:22:03.000936,72.22,1.0,sports,Credit Card,False,transactions,,,,,,,,,344.19,Q2,0,2026,2,1,Friday,0,0,2025-11-22 05:22:02.992744,2026-02-28 05:22:02.994499,90,160,3,Occasional,False,False,False,False,False,False,True,False,160,3,344.19
1603.0,CUST_00037,2026-01-06 05:22:03.000942,115.18,5.0,clothing,Wallet,True,transactions,,,,,,,,,623.71,Q3,0,2026,1,1,Tuesday,0,0,2026-01-01 05:22:02.999727,2026-08-01 05:22:02.995438,5,6,5,Occasional,False,False,True,False,False,False,False,False,6,5,623.71
1604.0,CUST_00139,2026-07-17 05:22:03.000947,122.47,1.0,electronics,Debit Card,False,transactions,,,,,,,,,468.51,Q3,0,2026,7,3,Friday,0,0,2025-09-23 05:22:02.994300,2026-07-17 05:22:03.000947,297,21,4,Occasional,False,False,False,True,False,False,False,False,21,4,468.51
1605.0,CUST_00221,2025-12-06 05:22:03.000957,70.38,3.0,,Credit Card,False,transactions,,,,,,,,,106.62,Q2,0,2025,12,4,Saturday,1,1,2025-09-08 05:22:02.993097,2025-12-06 05:22:03.000957,89,244,2,Occasional,False,False,False,False,False,False,False,False,244,2,106.62
1606.0,CUST_00401,2026-04-29 05:22:03.000963,83.91,5.0,groceries,Credit Card,False,transactions,,,,,,,,,866.36,Q2,0,2026,4,2,Wednesday,0,0,2025-12-02 05:22:02.993748,2026-07-09 05:22:03.001072,148,29,8,Regular,False,False,False,False,True,False,False,False,29,8,866.36
1607.0,CUST_00027,2026-01-21 05:22:03.000970,51.56,4.0,home  garden,Wallet,False,transactions,,,,,,,,,232.82999999999998,Q1,0,2026,1,1,Wednesday,0,0,2025-09-13 05:22:02.999679,2026-06-08 05:22:02.999213,130,60,3,Occasional,False,False,False,False,False,True,False,False,60,3,232.82999999999998
1608.0,CUST_00060,2025-12-26 05:22:03.000976,41.93,1.0,beauty,PayPal,False,transactions,,,,,,,,,916.01,Q1,0,2025,12,4,Friday,0,1,2025-10-18 05:22:02.999130,2026-08-01 05:22:02.997695,69,6,10,Regular,True,False,False,False,False,False,False,False,6,10,916.01
1609.0,CUST_00030,2026-04-08 05:22:03.000981,92.41,2.0,clothing,Debit Card,False,transactions,,,,,,,,,479.33,Q3,0,2026,4,2,Wednesday,0,0,2025-10-19 05:22:03.001783,2026-08-05 05:22:02.994162,170,2,5,Occasional,False,False,True,False,False,False,False,False,2,5,479.33
1610.0,CUST_00386,2025-11-06 05:22:03.000986,85.21,5.0,electronics,Credit Card,True,transactions,,,,,,,,,860.97,Q2,0,2025,11,4,Thursday,0,1,2025-08-10 05:22:02.998125,2026-06-14 05:22:03.001297,88,54,7,Regular,False,False,False,True,False,False,False,False,54,7,860.97
1611.0,CUST_00128,2026-07-09 05:22:03.000991,70.48,1.0,electronics,Debit Card,False,transactions,,,,,,,,,639.78,Q2,0,2026,7,3,Thursday,0,0,2026-04-14 05:22:02.994243,2026-08-01 05:22:03.001464,86,6,4,Occasional,False,False,False,True,False,False,False,False,6,4,639.78
1612.0,CUST_00161,2026-02-09 05:22:03.000999,146.47,5.0,sports,Debit Card,False,transactions,,,,,,,,,787.8,Q4,1,2026,2,1,Monday,0,0,2025-09-23 05:22:03.003130,2026-05-11 05:22:02.992605,138,88,6,Regular,False,False,False,False,False,False,True,False,88,6,787.8
1613.0,CUST_00246,2025-09-05 05:22:03.001004,95.55,1.0,clothing,Debit Card,False,transactions,,,,,,,,,298.88,Q3,0,2025,9,3,Friday,0,0,2025-09-05 05:22:03.001004,2026-01-14 05:22:02.991916,0,205,4,Occasional,False,False,True,False,False,False,False,False,205,4,298.88
1614.0,CUST_00377,2026-02-06 05:22:03.001009,104.72,2.0,toys,PayPal,True,transactions,,,,,,,,,1291.2,Q3,0,2026,2,1,Friday,0,0,2025-11-12 05:22:02.995617,2026-07-07 05:22:02.992600,86,31,9,Regular,False,False,False,False,False,False,False,True,31,9,1291.2
1615.0,CUST_00150,2025-09-07 05:22:03.001015,229.29,2.0,books,Credit Card,False,transactions,,,,,,,,,582.1800000000001,Q4,1,2025,9,3,Sunday,1,0,2025-09-07 05:22:03.001015,2026-07-18 05:22:02.999674,0,20,5,Occasional,False,True,False,False,False,False,False,False,20,5,582.1800000000001
1616.0,CUST_00462,2026-01-09 05:22:03.001020,212.23,5.0,toys,Debit Card,True,transactions,,,,,,,,,756.66,Q4,1,2026,1,1,Friday,0,0,2025-09-27 05:22:02.994907,2026-01-11 05:22:02.997305,104,208,6,Regular,False,False,False,False,False,False,False,True,208,6,756.66
1617.0,CUST_00431,2025-11-14 05:22:03.001025,133.2,2.0,books,Debit Card,False,transactions,,,,,,,,,488.32,Q3,0,2025,11,4,Friday,0,1,2025-11-14 05:22:03.001025,2026-04-30 05:22:02.998339,0,99,5,Occasional,False,True,False,False,False,False,False,False,99,5,488.32
1618.0,CUST_00372,2026-05-27 05:22:03.001031,173.78,1.0,sports,Wallet,True,transactions,,,,,,,,,173.78,Q4,1,2026,5,2,Wednesday,0,0,2026-05-27 05:22:03.001031,2026-05-27 05:22:03.001031,0,72,1,One-time,False,False,False,False,False,False,True,False,72,1,173.78
1619.0,CUST_00011,2025-11-25 05:22:03.001036,23.93,1.0,books,Wallet,False,transactions,,,,,,,,,396.49,Q1,0,2025,11,4,Tuesday,0,1,2025-10-01 05:22:03.003302,2026-03-02 05:22:02.999722,54,158,5,Occasional,False,True,False,False,False,False,False,False,158,5,396.49
1620.0,CUST_00495,2026-06-25 05:22:03.001043,147.59,1.0,books,Wallet,False,transactions,,,,,,,,,559.32,Q4,1,2026,6,2,Thursday,0,0,2025-08-15 05:22:03.001940,2026-06-25 05:22:03.001043,313,43,5,Occasional,False,True,False,False,False,False,False,False,43,5,559.32
1621.0,CUST_00442,2026-01-24 05:22:03.001051,83.99,4.0,,Debit Card,False,transactions,,,,,,,,,761.14,Q2,0,2026,1,1,Saturday,1,0,2026-01-24 05:22:03.001051,2026-07-17 05:22:02.992046,0,21,7,Regular,False,False,False,False,False,False,False,False,21,7,761.14
1622.0,CUST_00338,2025-12-30 05:22:03.001057,144.29,5.0,electronics,Credit Card,False,transactions,,,,,,,,,377.28999999999996,Q4,1,2025,12,4,Tuesday,0,1,2025-12-05 05:22:02.997593,2026-06-02 05:22:02.994912,25,66,4,Occasional,False,False,False,True,False,False,False,False,66,4,377.28999999999996
1623.0,CUST_00179,2026-07-25 05:22:03.001062,52.4,5.0,beauty,PayPal,True,transactions,,,,,,,,,788.22,Q1,0,2026,7,3,Saturday,1,0,2026-02-04 05:22:02.999847,2026-07-25 05:22:03.001062,171,13,7,Regular,True,False,False,False,False,False,False,False,13,7,788.22
1624.0,CUST_00303,2026-04-19 05:22:03.001067,68.86,1.0,beauty,Wallet,True,transactions,,,,,,,,,311.05,Q2,0,2026,4,2,Sunday,1,0,2026-04-19 05:22:03.001067,2026-06-25 05:22:02.993227,0,43,4,Occasional,True,False,False,False,False,False,False,False,43,4,311.05
1625.0,CUST_00401,2026-07-09 05:22:03.001072,64.36,1.0,groceries,PayPal,True,transactions,,,,,,,,,866.36,Q2,0,2026,7,3,Thursday,0,0,2025-12-02 05:22:02.993748,2026-07-09 05:22:03.001072,219,29,8,Regular,False,False,False,False,True,False,False,False,29,8,866.36
1626.0,CUST_00481,2025-11-07 05:22:03.001078,80.6,4.0,groceries,PayPal,False,transactions,,,,,,,,,265.84,Q2,0,2025,11,4,Friday,0,1,2025-09-20 05:22:02.999743,2025-11-07 05:22:03.001078,48,273,3,Occasional,False,False,False,False,True,False,False,False,273,3,265.84
1627.0,CUST_00196,2025-12-11 05:22:03.001083,152.56,2.0,home  garden,PayPal,True,transactions,,,,,,,,,445.15,Q4,1,2025,12,4,Thursday,0,1,2025-09-27 05:22:02.995181,2026-03-15 05:22:03.000145,75,145,4,Occasional,False,False,False,False,False,True,False,False,145,4,445.15
1628.0,CUST_00487,2026-03-20 05:22:03.001089,42.68,1.0,sports,PayPal,False,transactions,,,,,,,,,367.36,Q1,0,2026,3,1,Friday,0,0,2025-10-21 05:22:02.992343,2026-07-31 05:22:02.994230,150,7,5,Occasional,False,False,False,False,False,False,True,False,7,5,367.36
1629.0,CUST_00203,2026-07-19 05:22:03.001094,87.75,5.0,books,PayPal,True,transactions,,,,,,,,,479.35,Q2,0,2026,7,3,Sunday,1,0,2025-08-15 05:22:02.998114,2026-07-19 05:22:03.001094,338,19,6,Regular,False,True,False,False,False,False,False,False,19,6,479.35
1630.0,CUST_00415,2025-09-30 05:22:03.001099,102.07,1.0,clothing,PayPal,True,transactions,,,,,,,,,266.84999999999997,Q3,0,2025,9,3,Tuesday,0,0,2025-09-19 05:22:03.001567,2026-05-01 05:22:02.999012,10,98,4,Occasional,False,False,True,False,False,False,False,False,98,4,266.84999999999997
1631.0,CUST_00434,2026-05-08 05:22:03.001107,34.81,4.0,,Credit Card,False,transactions,,,,,,,,,468.0,Q1,0,2026,5,2,Friday,0,0,2025-10-02 05:22:02.995754,2026-05-08 05:22:03.001107,218,91,5,Occasional,False,False,False,False,False,False,False,False,91,5,468.0
1632.0,CUST_00495,2026-02-05 05:22:03.001112,100.5,4.0,sports,Credit Card,False,transactions,,,,,,,,,559.32,Q3,0,2026,2,1,Thursday,0,0,2025-08-15 05:22:03.001940,2026-06-25 05:22:03.001043,173,43,5,Occasional,False,False,False,False,False,False,True,False,43,5,559.32
1633.0,CUST_00313,2025-10-29 05:22:03.001118,57.09,3.0,clothing,PayPal,True,transactions,,,,,,,,,938.87,Q1,0,2025,10,4,Wednesday,0,0,2025-09-21 05:22:02.998309,2026-06-23 05:22:02.996228,38,45,7,Regular,False,False,True,False,False,False,False,False,45,7,938.87
1634.0,CUST_00142,2026-03-28 05:22:03.001123,85.27,4.0,home  garden,Debit Card,False,transactions,,,,,,,,,442.38,Q2,0,2026,3,1,Saturday,1,0,2025-09-14 05:22:02.994100,2026-03-28 05:22:03.001123,195,132,4,Occasional,False,False,False,False,False,True,False,False,132,4,442.38
1635.0,CUST_00317,2025-09-06 05:22:03.001128,183.91,1.0,sports,Credit Card,False,transactions,,,,,,,,,444.56,Q4,1,2025,9,3,Saturday,1,0,2025-09-06 05:22:03.001128,2026-07-13 05:22:02.992015,0,25,3,Occasional,False,False,False,False,False,False,True,False,25,3,444.56
1636.0,CUST_00260,2025-12-25 05:22:03.001133,84.49,5.0,,Debit Card,False,transactions,,,,,,,,,347.92,Q2,0,2025,12,4,Thursday,0,1,2025-12-25 05:22:03.001133,2026-07-16 05:22:02.998709,0,22,4,Occasional,False,False,False,False,False,False,False,False,22,4,347.92
1637.0,CUST_00366,2026-03-28 05:22:03.001141,201.89,3.0,electronics,PayPal,False,transactions,,,,,,,,,755.38,Q4,1,2026,3,1,Saturday,1,0,2026-03-28 05:22:03.001141,2026-07-09 05:22:02.998056,0,29,5,Occasional,False,False,False,True,False,False,False,False,29,5,755.38
1638.0,CUST_00023,2025-10-04 05:22:03.001146,72.78,2.0,beauty,Wallet,False,transactions,,,,,,,,,310.36,Q2,0,2025,10,4,Saturday,1,0,2025-09-06 05:22:02.997602,2026-06-03 05:22:02.994868,28,65,5,Occasional,True,False,False,False,False,False,False,False,65,5,310.36
1639.0,CUST_00040,2026-04-08 05:22:03.001151,49.92,2.0,beauty,Wallet,False,transactions,,,,,,,,,613.99,Q1,0,2026,4,2,Wednesday,0,0,2025-09-11 05:22:02.992107,2026-07-01 05:22:03.001485,209,37,6,Regular,True,False,False,False,False,False,False,False,37,6,613.99
1640.0,CUST_00219,2026-03-16 05:22:03.001157,122.16,2.0,electronics,PayPal,False,transactions,,,,,,,,,582.49,Q3,0,2026,3,1,Monday,0,0,2025-08-25 05:22:02.999208,2026-06-21 05:22:02.997645,203,47,6,Regular,False,False,False,True,False,False,False,False,47,6,582.49
1641.0,CUST_00209,2025-09-08 05:22:03.001162,107.09,3.0,toys,PayPal,False,transactions,,,,,,,,,599.54,Q3,0,2025,9,3,Monday,0,0,2025-08-25 05:22:02.998051,2026-04-23 05:22:03.002142,14,105,8,Regular,False,False,False,False,False,False,False,True,105,8,599.54
1642.0,CUST_00083,2026-01-31 05:22:03.001167,133.45,1.0,books,Credit Card,False,transactions,,,,,,,,,433.8299999999999,Q3,0,2026,1,1,Saturday,1,0,2025-08-08 05:22:02.996797,2026-02-22 05:22:03.002624,176,165,4,Occasional,False,True,False,False,False,False,False,False,165,4,433.8299999999999
1643.0,CUST_00109,2026-02-28 05:22:03.001172,66.36,5.0,beauty,Wallet,True,transactions,,,,,,,,,338.52,Q2,0,2026,2,1,Saturday,1,0,2025-09-07 05:22:02.996457,2026-07-27 05:22:03.000068,174,11,5,Occasional,True,False,False,False,False,False,False,False,11,5,338.52
1644.0,CUST_00017,2025-09-05 05:22:03.001177,145.45,2.0,groceries,Credit Card,True,transactions,,,,,,,,,477.71999999999997,Q4,1,2025,9,3,Friday,0,0,2025-08-23 05:22:03.002338,2026-05-28 05:22:02.998616,12,71,7,Regular,False,False,False,False,True,False,False,False,71,7,477.71999999999997
1645.0,CUST_00491,2026-04-15 05:22:03.001183,51.75,5.0,groceries,Credit Card,True,transactions,,,,,,,,,259.19,Q1,0,2026,4,2,Wednesday,0,0,2026-03-27 05:22:03.002344,2026-04-15 05:22:03.001183,18,114,2,Occasional,False,False,False,False,True,False,False,False,114,2,259.19
1647.0,CUST_00100,2025-10-17 05:22:03.001193,146.77,3.0,sports,PayPal,False,transactions,,,,,,,,,912.4100000000001,Q4,1,2025,10,4,Friday,0,0,2025-09-06 05:22:03.001808,2026-08-07 05:22:02.995932,40,0,7,Regular,False,False,False,False,False,False,True,False,0,7,912.4100000000001
1648.0,CUST_00162,2026-06-09 05:22:03.001199,159.15,2.0,toys,Wallet,False,transactions,,,,,,,,,592.21,Q4,1,2026,6,2,Tuesday,0,0,2025-11-09 05:22:02.996313,2026-06-21 05:22:02.999939,212,47,5,Occasional,False,False,False,False,False,False,False,True,47,5,592.21
1649.0,CUST_00181,2025-10-25 05:22:03.001204,166.03,5.0,clothing,Wallet,False,transactions,,,,,,,,,803.96,Q4,1,2025,10,4,Saturday,1,0,2025-10-25 05:22:03.001204,2026-02-08 05:22:03.000135,0,180,4,Occasional,False,False,True,False,False,False,False,False,180,4,803.96
1650.0,CUST_00230,2026-01-05 05:22:03.001209,152.81,2.0,home  garden,Debit Card,True,transactions,,,,,,,,,152.81,Q4,1,2026,1,1,Monday,0,0,2026-01-05 05:22:03.001209,2026-01-05 05:22:03.001209,0,214,1,One-time,False,False,False,False,False,True,False,False,214,1,152.81
1651.0,CUST_00209,2025-08-27 05:22:03.001217,44.24,5.0,home  garden,PayPal,False,transactions,,,,,,,,,599.54,Q1,0,2025,8,3,Wednesday,0,0,2025-08-25 05:22:02.998051,2026-04-23 05:22:03.002142,2,105,8,Regular,False,False,False,False,False,True,False,False,105,8,599.54
1652.0,CUST_00061,2026-06-27 05:22:03.001223,101.84,4.0,groceries,Debit Card,False,transactions,,,,,,,,,514.39,Q3,0,2026,6,2,Saturday,1,0,2025-09-10 05:22:02.991621,2026-07-23 05:22:02.993536,290,15,5,Occasional,False,False,False,False,True,False,False,False,15,5,514.39
1653.0,CUST_00324,2026-04-28 05:22:03.001228,79.74,2.0,,Credit Card,False,transactions,,,,,,,,,513.07,Q2,0,2026,4,2,Tuesday,0,0,2025-10-01 05:22:03.000263,2026-07-13 05:22:02.996472,209,25,6,Regular,False,False,False,False,False,False,False,False,25,6,513.07
1654.0,CUST_00392,2025-10-28 05:22:03.001234,112.97,4.0,clothing,Credit Card,True,transactions,,,,,,,,,705.46,Q3,0,2025,10,4,Tuesday,0,0,2025-10-17 05:22:02.991142,2026-05-31 05:22:03.003244,11,67,7,Regular,False,False,True,False,False,False,False,False,67,7,705.46
1655.0,CUST_00013,2025-08-19 05:22:03.001239,104.72,2.0,clothing,Wallet,True,transactions,,,,,,,,,313.61,Q3,0,2025,8,3,Tuesday,0,0,2025-08-19 05:22:03.001239,2026-06-02 05:22:03.000225,0,66,4,Occasional,False,False,True,False,False,False,False,False,66,4,313.61
1656.0,CUST_00182,2026-06-03 05:22:03.001244,49.97,4.0,sports,Credit Card,False,transactions,,,,,,,,,567.61,Q1,0,2026,6,2,Wednesday,0,0,2025-10-01 05:22:02.997471,2026-06-03 05:22:03.001244,245,65,6,Regular,False,False,False,False,False,False,True,False,65,6,567.61
1657.0,CUST_00423,2026-02-16 05:22:03.001250,169.3,5.0,clothing,Credit Card,False,transactions,,,,,,,,,342.41,Q4,1,2026,2,1,Monday,0,0,2025-08-19 05:22:02.995560,2026-02-16 05:22:03.001250,181,172,3,Occasional,False,False,True,False,False,False,False,False,172,3,342.41
1658.0,CUST_00472,2026-02-07 05:22:03.001255,253.24,4.0,groceries,Wallet,False,transactions,,,,,,,,,1449.15,Q4,1,2026,2,1,Saturday,1,0,2025-08-28 05:22:02.994535,2026-04-25 05:22:02.993473,163,104,10,Regular,False,False,False,False,True,False,False,False,104,10,1449.15
1659.0,CUST_00245,2025-08-14 05:22:03.001260,73.67,2.0,home  garden,Credit Card,False,transactions,,,,,,,,,216.07,Q2,0,2025,8,3,Thursday,0,0,2025-08-11 05:22:03.003232,2026-08-07 05:22:02.993797,2,0,3,Occasional,False,False,False,False,False,True,False,False,0,3,216.07
1660.0,CUST_00004,2025-10-08 05:22:03.001266,115.1,5.0,beauty,Wallet,False,transactions,,,,,,,,,445.68,Q3,0,2025,10,4,Wednesday,0,0,2025-09-26 05:22:02.999437,2026-07-05 05:22:02.998870,12,33,5,Occasional,True,False,False,False,False,False,False,False,33,5,445.68
1661.0,CUST_00225,2026-05-09 05:22:03.001271,124.31,5.0,books,Credit Card,False,transactions,,,,,,,,,412.21999999999997,Q3,0,2026,5,2,Saturday,1,0,2025-09-26 05:22:03.001913,2026-08-02 05:22:02.995009,224,5,5,Occasional,False,True,False,False,False,False,False,False,5,5,412.21999999999997
1662.0,CUST_00253,2026-02-14 05:22:03.001276,62.72,1.0,groceries,Wallet,False,transactions,,,,,,,,,183.5,Q2,0,2026,2,1,Saturday,1,0,2025-09-18 05:22:03.002523,2026-06-09 05:22:02.991800,148,59,3,Occasional,False,False,False,False,True,False,False,False,59,3,183.5
1663.0,CUST_00092,2026-05-26 05:22:03.001282,96.04,1.0,sports,PayPal,False,transactions,,,,,,,,,1025.5700000000002,Q3,0,2026,5,2,Tuesday,0,0,2025-08-12 05:22:02.996074,2026-08-02 05:22:03.001766,287,4,9,Regular,False,False,False,False,False,False,True,False,4,9,1025.5700000000002
1664.0,CUST_00316,2026-02-28 05:22:03.001287,24.73,1.0,beauty,Credit Card,False,transactions,,,,,,,,,749.88,Q1,0,2026,2,1,Saturday,1,0,2025-08-21 05:22:02.993420,2026-06-05 05:22:03.000782,191,63,8,Regular,True,False,False,False,False,False,False,False,63,8,749.88
1665.0,CUST_00250,2025-12-26 05:22:03.001292,128.4,2.0,home  garden,PayPal,True,transactions,,,,,,,,,429.32,Q3,0,2025,12,4,Friday,0,1,2025-12-26 05:22:03.001292,2026-06-12 05:22:02.997151,0,56,5,Occasional,False,False,False,False,False,True,False,False,56,5,429.32
1666.0,CUST_00386,2026-06-14 05:22:03.001297,178.5,2.0,books,Debit Card,False,transactions,,,,,,,,,860.97,Q4,1,2026,6,2,Sunday,1,0,2025-08-10 05:22:02.998125,2026-06-14 05:22:03.001297,308,54,7,Regular,False,True,False,False,False,False,False,False,54,7,860.97
1667.0,CUST_00261,2026-05-13 05:22:03.001303,76.19,1.0,electronics,Debit Card,False,transactions,,,,,,,,,76.19,Q2,0,2026,5,2,Wednesday,0,0,2026-05-13 05:22:03.001303,2026-05-13 05:22:03.001303,0,86,1,One-time,False,False,False,True,False,False,False,False,86,1,76.19
1668.0,CUST_00427,2026-07-25 05:22:03.001311,69.3,3.0,sports,Wallet,True,transactions,,,,,,,,,231.51999999999998,Q2,0,2026,7,3,Saturday,1,0,2025-11-22 05:22:03.000766,2026-08-07 05:22:02.991061,245,0,4,Occasional,False,False,False,False,False,False,True,False,0,4,231.51999999999998
1669.0,CUST_00267,2026-06-04 05:22:03.001316,161.67,4.0,books,Credit Card,False,transactions,,,,,,,,,758.0699999999999,Q4,1,2026,6,2,Thursday,0,0,2025-09-11 05:22:02.996773,2026-06-04 05:22:03.001316,266,64,6,Regular,False,True,False,False,False,False,False,False,64,6,758.0699999999999
1670.0,CUST_00222,2025-11-28 05:22:03.001324,33.34,3.0,clothing,PayPal,True,transactions,,,,,,,,,212.4,Q1,0,2025,11,4,Friday,0,1,2025-09-29 05:22:02.996318,2025-11-28 05:22:03.001324,60,252,3,Occasional,False,False,True,False,False,False,False,False,252,3,212.4
1671.0,CUST_00060,2026-02-07 05:22:03.001332,104.08,1.0,sports,PayPal,False,transactions,,,,,,,,,916.01,Q3,0,2026,2,1,Saturday,1,0,2025-10-18 05:22:02.999130,2026-08-01 05:22:02.997695,112,6,10,Regular,False,False,False,False,False,False,True,False,6,10,916.01
1672.0,CUST_00172,2026-03-19 05:22:03.001337,59.48,4.0,clothing,PayPal,True,transactions,,,,,,,,,614.76,Q2,0,2026,3,1,Thursday,0,0,2025-12-13 05:22:03.002290,2026-07-10 05:22:02.996700,95,28,5,Occasional,False,False,True,False,False,False,False,False,28,5,614.76
1673.0,CUST_00020,2025-12-29 05:22:03.001342,35.97,1.0,beauty,Credit Card,True,transactions,,,,,,,,,276.2,Q1,0,2025,12,4,Monday,0,1,2025-10-06 05:22:02.996563,2026-06-05 05:22:02.998939,84,63,5,Occasional,True,False,False,False,False,False,False,False,63,5,276.2
1674.0,CUST_00322,2026-08-03 05:22:03.001348,139.46,2.0,home  garden,Debit Card,False,transactions,,,,,,,,,405.48,Q3,0,2026,8,3,Monday,0,0,2025-08-12 05:22:02.997252,2026-08-03 05:22:03.001348,356,4,3,Occasional,False,False,False,False,False,True,False,False,4,3,405.48
1675.0,CUST_00136,2025-12-10 05:22:03.001353,155.85,2.0,toys,Wallet,False,transactions,,,,,,,,,499.83000000000004,Q4,1,2025,12,4,Wednesday,0,1,2025-09-23 05:22:03.002833,2026-06-09 05:22:02.996293,77,59,4,Occasional,False,False,False,False,False,False,False,True,59,4,499.83000000000004
1676.0,CUST_00102,2025-09-16 05:22:03.001358,44.88,1.0,,Credit Card,False,transactions,,,,,,,,,243.07,Q1,0,2025,9,3,Tuesday,0,0,2025-08-29 05:22:02.996080,2025-10-14 05:22:02.994743,18,297,3,Occasional,False,False,False,False,False,False,False,False,297,3,243.07
1677.0,CUST_00313,2026-04-23 05:22:03.001364,166.85,2.0,electronics,PayPal,False,transactions,,,,,,,,,938.87,Q4,1,2026,4,2,Thursday,0,0,2025-09-21 05:22:02.998309,2026-06-23 05:22:02.996228,214,45,7,Regular,False,False,False,True,False,False,False,False,45,7,938.87
1678.0,CUST_00324,2025-10-13 05:22:03.001369,126.64,2.0,beauty,Debit Card,True,transactions,,,,,,,,,513.07,Q3,0,2025,10,4,Monday,0,0,2025-10-01 05:22:03.000263,2026-07-13 05:22:02.996472,12,25,6,Regular,True,False,False,False,False,False,False,False,25,6,513.07
1679.0,CUST_00431,2026-04-11 05:22:03.001374,45.43,3.0,toys,Wallet,False,transactions,,,,,,,,,488.32,Q1,0,2026,4,2,Saturday,1,0,2025-11-14 05:22:03.001025,2026-04-30 05:22:02.998339,148,99,5,Occasional,False,False,False,False,False,False,False,True,99,5,488.32
1680.0,CUST_00279,2025-12-04 05:22:03.001383,37.5,3.0,clothing,PayPal,False,transactions,,,,,,,,,184.35,Q1,0,2025,12,4,Thursday,0,1,2025-08-18 05:22:02.999762,2026-04-14 05:22:02.991500,108,115,4,Occasional,False,False,True,False,False,False,False,False,115,4,184.35
1681.0,CUST_00229,2026-02-22 05:22:03.001388,259.6,2.0,groceries,Wallet,True,transactions,,,,,,,,,822.6800000000001,Q4,1,2026,2,1,Sunday,1,0,2025-08-14 05:22:02.994966,2026-06-29 05:22:02.997936,192,39,5,Occasional,False,False,False,False,True,False,False,False,39,5,822.6800000000001
1682.0,CUST_00339,2026-06-10 05:22:03.001393,82.91,3.0,groceries,Wallet,True,transactions,,,,,,,,,468.2,Q2,0,2026,6,2,Wednesday,0,0,2026-03-22 05:22:02.995671,2026-06-10 05:22:03.001393,80,58,3,Occasional,False,False,False,False,True,False,False,False,58,3,468.2
1683.0,CUST_00443,2025-11-30 05:22:03.001398,29.61,5.0,groceries,Credit Card,False,transactions,,,,,,,,,363.71999999999997,Q1,0,2025,11,4,Sunday,1,1,2025-11-13 05:22:02.996030,2026-05-01 05:22:03.002312,17,97,4,Occasional,False,False,False,False,True,False,False,False,97,4,363.71999999999997
1684.0,CUST_00260,2026-04-19 05:22:03.001403,87.76,4.0,electronics,PayPal,False,transactions,,,,,,,,,347.92,Q2,0,2026,4,2,Sunday,1,0,2025-12-25 05:22:03.001133,2026-07-16 05:22:02.998709,115,22,4,Occasional,False,False,False,True,False,False,False,False,22,4,347.92
1685.0,CUST_00163,2026-01-09 05:22:03.001409,73.17,4.0,toys,PayPal,True,transactions,,,,,,,,,821.9399999999999,Q2,0,2026,1,1,Friday,0,0,2025-08-09 05:22:02.997491,2026-06-10 05:22:03.000108,153,58,9,Regular,False,False,False,False,False,False,False,True,58,9,821.9399999999999
1686.0,CUST_00138,2025-12-02 05:22:03.001414,93.45,2.0,beauty,Credit Card,False,transactions,,,,,,,,,203.25,Q3,0,2025,12,4,Tuesday,0,1,2025-09-04 05:22:03.000177,2026-04-22 05:22:02.998991,89,107,3,Occasional,True,False,False,False,False,False,False,False,107,3,203.25
1687.0,CUST_00210,2026-04-16 05:22:03.001419,99.09,5.0,home  garden,Credit Card,True,transactions,,,,,,,,,329.53000000000003,Q3,0,2026,4,2,Thursday,0,0,2025-09-28 05:22:02.999690,2026-06-12 05:22:02.997968,200,56,4,Occasional,False,False,False,False,False,True,False,False,56,4,329.53000000000003
1688.0,CUST_00315,2025-09-29 05:22:03.001424,73.33,3.0,home  garden,Credit Card,True,transactions,,,,,,,,,316.7,Q2,0,2025,9,3,Monday,0,0,2025-09-29 05:22:03.001424,2026-01-29 05:22:03.001655,0,190,4,Occasional,False,False,False,False,False,True,False,False,190,4,316.7
1689.0,CUST_00011,2026-01-25 05:22:03.001442,242.58,1.0,beauty,Credit Card,False,transactions,,,,,,,,,396.49,Q4,1,2026,1,1,Sunday,1,0,2025-10-01 05:22:03.003302,2026-03-02 05:22:02.999722,115,158,5,Occasional,True,False,False,False,False,False,False,False,158,5,396.49
1690.0,CUST_00266,2026-04-22 05:22:03.001453,79.06,3.0,sports,Wallet,True,transactions,,,,,,,,,794.69,Q2,0,2026,4,2,Wednesday,0,0,2025-10-04 05:22:03.000188,2026-04-22 05:22:03.001453,200,107,6,Regular,False,False,False,False,False,False,True,False,107,6,794.69
1691.0,CUST_00118,2026-03-12 05:22:03.001459,32.72,2.0,beauty,Debit Card,False,transactions,,,,,,,,,138.98000000000002,Q1,0,2026,3,1,Thursday,0,0,2026-02-19 05:22:02.998859,2026-03-12 05:22:03.001459,21,148,2,Occasional,True,False,False,False,False,False,False,False,148,2,138.98000000000002
1692.0,CUST_00128,2026-08-01 05:22:03.001464,264.71,1.0,electronics,Credit Card,False,transactions,,,,,,,,,639.78,Q4,1,2026,8,3,Saturday,1,0,2026-04-14 05:22:02.994243,2026-08-01 05:22:03.001464,109,6,4,Occasional,False,False,False,True,False,False,False,False,6,4,639.78
1693.0,CUST_00406,2025-12-02 05:22:03.001469,45.82,1.0,home  garden,Credit Card,False,transactions,,,,,,,,,178.03,Q1,0,2025,12,4,Tuesday,0,1,2025-12-02 05:22:03.001469,2026-08-06 05:22:02.996909,0,1,4,Occasional,False,False,False,False,False,True,False,False,1,4,178.03
1694.0,CUST_00396,2025-08-20 05:22:03.001474,58.77,2.0,electronics,Credit Card,True,transactions,,,,,,,,,571.36,Q1,0,2025,8,3,Wednesday,0,0,2025-08-20 05:22:03.001474,2026-05-15 05:22:02.997854,0,84,5,Occasional,False,False,False,True,False,False,False,False,84,5,571.36
1695.0,CUST_00194,2025-09-06 05:22:03.001479,144.0,4.0,home  garden,PayPal,True,transactions,,,,,,,,,657.15,Q4,1,2025,9,3,Saturday,1,0,2025-09-06 05:22:03.001479,2026-06-26 05:22:03.003380,0,41,5,Occasional,False,False,False,False,False,True,False,False,41,5,657.15
1696.0,CUST_00040,2026-07-01 05:22:03.001485,56.73,5.0,,Debit Card,False,transactions,,,,,,,,,613.99,Q1,0,2026,7,3,Wednesday,0,0,2025-09-11 05:22:02.992107,2026-07-01 05:22:03.001485,293,37,6,Regular,False,False,False,False,False,False,False,False,37,6,613.99
1697.0,CUST_00302,2026-01-19 05:22:03.001491,50.65,2.0,books,Wallet,False,transactions,,,,,,,,,874.78,Q1,0,2026,1,1,Monday,0,0,2025-09-04 05:22:02.995872,2026-05-10 05:22:02.993823,137,89,7,Regular,False,True,False,False,False,False,False,False,89,7,874.78
1698.0,CUST_00012,2026-03-06 05:22:03.001496,156.09,3.0,toys,PayPal,True,transactions,,,,,,,,,331.95000000000005,Q4,1,2026,3,1,Friday,0,0,2026-03-06 05:22:03.001496,2026-05-09 05:22:02.998412,0,90,2,Occasional,False,False,False,False,False,False,False,True,90,2,331.95000000000005
1699.0,CUST_00296,2025-12-09 05:22:03.001528,125.95,4.0,books,Debit Card,True,transactions,,,,,,,,,686.35,Q3,0,2025,12,4,Tuesday,0,1,2025-09-18 05:22:02.993315,2026-06-03 05:22:02.998605,82,65,6,Regular,False,True,False,False,False,False,False,False,65,6,686.35
1700.0,CUST_00288,2026-03-18 05:22:03.001539,207.76,4.0,books,Debit Card,False,transactions,,,,,,,,,798.88,Q4,1,2026,3,1,Wednesday,0,0,2025-10-06 05:22:03.000097,2026-08-03 05:22:03.000029,163,4,7,Regular,False,True,False,False,False,False,False,False,4,7,798.88
1701.0,CUST_00255,2026-01-18 05:22:03.001552,94.27,3.0,clothing,Credit Card,False,transactions,,,,,,,,,274.81,Q3,0,2026,1,1,Sunday,1,0,2025-09-07 05:22:02.994424,2026-01-18 05:22:03.001552,133,201,3,Occasional,False,False,True,False,False,False,False,False,201,3,274.81
1702.0,CUST_00119,2025-12-22 05:22:03.001560,14.79,3.0,toys,PayPal,False,transactions,,,,,,,,,369.5,Q1,0,2025,12,4,Monday,0,1,2025-08-21 05:22:02.995748,2026-04-16 05:22:02.999571,123,113,5,Occasional,False,False,False,False,False,False,False,True,113,5,369.5
1703.0,CUST_00415,2025-09-19 05:22:03.001567,52.29,1.0,clothing,Debit Card,True,transactions,,,,,,,,,266.84999999999997,Q1,0,2025,9,3,Friday,0,0,2025-09-19 05:22:03.001567,2026-05-01 05:22:02.999012,0,98,4,Occasional,False,False,True,False,False,False,False,False,98,4,266.84999999999997
1705.0,CUST_00430,2025-10-21 05:22:03.001584,133.23,2.0,electronics,PayPal,False,transactions,,,,,,,,,350.29999999999995,Q3,0,2025,10,4,Tuesday,0,0,2025-10-03 05:22:02.995889,2026-06-30 05:22:02.992943,18,38,4,Occasional,False,False,False,True,False,False,False,False,38,4,350.29999999999995
1706.0,CUST_00380,2026-02-16 05:22:03.001590,165.44,2.0,electronics,Wallet,True,transactions,,,,,,,,,361.22,Q4,1,2026,2,1,Monday,0,0,2025-10-11 05:22:03.002004,2026-07-12 05:22:02.996596,127,26,3,Occasional,False,False,False,True,False,False,False,False,26,3,361.22
1708.0,CUST_00121,2026-02-24 05:22:03.001601,145.58,4.0,toys,Credit Card,True,transactions,,,,,,,,,522.34,Q4,1,2026,2,1,Tuesday,0,0,2025-11-24 05:22:02.995692,2026-05-11 05:22:02.996127,92,88,4,Occasional,False,False,False,False,False,False,False,True,88,4,522.34
1709.0,CUST_00218,2025-08-14 05:22:03.001610,133.05,1.0,groceries,Credit Card,False,transactions,,,,,,,,,381.53000000000003,Q3,0,2025,8,3,Thursday,0,0,2025-08-14 05:22:03.001610,2026-06-16 05:22:02.993277,0,52,4,Occasional,False,False,False,False,True,False,False,False,52,4,381.53000000000003
1710.0,CUST_00384,2026-06-06 05:22:03.001615,168.38,2.0,sports,Credit Card,False,transactions,,,,,,,,,288.78999999999996,Q4,1,2026,6,2,Saturday,1,0,2025-09-22 05:22:03.000156,2026-06-06 05:22:03.001615,257,62,3,Occasional,False,False,False,False,False,False,True,False,62,3,288.78999999999996
1711.0,CUST_00218,2025-11-27 05:22:03.001620,126.73,2.0,toys,Wallet,False,transactions,,,,,,,,,381.53000000000003,Q3,0,2025,11,4,Thursday,0,1,2025-08-14 05:22:03.001610,2026-06-16 05:22:02.993277,105,52,4,Occasional,False,False,False,False,False,False,False,True,52,4,381.53000000000003
1712.0,CUST_00152,2026-06-08 05:22:03.001626,88.72,4.0,books,PayPal,False,transactions,,,,,,,,,940.64,Q2,0,2026,6,2,Monday,0,0,2025-09-11 05:22:02.993442,2026-06-16 05:22:02.999768,270,52,9,Regular,False,True,False,False,False,False,False,False,52,9,940.64
1713.0,CUST_00315,2026-01-29 05:22:03.001655,102.58,5.0,home  garden,Debit Card,True,transactions,,,,,,,,,316.7,Q3,0,2026,1,1,Thursday,0,0,2025-09-29 05:22:03.001424,2026-01-29 05:22:03.001655,122,190,4,Occasional,False,False,False,False,False,True,False,False,190,4,316.7
1714.0,CUST_00488,2026-01-29 05:22:03.001665,146.43,5.0,books,Debit Card,True,transactions,,,,,,,,,146.43,Q4,1,2026,1,1,Thursday,0,0,2026-01-29 05:22:03.001665,2026-01-29 05:22:03.001665,0,190,1,One-time,False,True,False,False,False,False,False,False,190,1,146.43
1715.0,CUST_00475,2026-05-30 05:22:03.001673,48.13,2.0,,Wallet,False,transactions,,,,,,,,,548.5,Q1,0,2026,5,2,Saturday,1,0,2025-11-21 05:22:03.000839,2026-05-30 05:22:03.001673,190,69,4,Occasional,False,False,False,False,False,False,False,False,69,4,548.5
1716.0,CUST_00241,2026-07-04 05:22:03.001680,139.74,1.0,books,Debit Card,False,transactions,,,,,,,,,854.38,Q3,0,2026,7,3,Saturday,1,0,2025-11-22 05:22:02.996662,2026-07-21 05:22:03.002838,224,16,7,Regular,False,True,False,False,False,False,False,False,16,7,854.38
1717.0,CUST_00276,2025-12-16 05:22:03.001685,116.73,3.0,clothing,Wallet,False,transactions,,,,,,,,,253.01999999999998,Q3,0,2025,12,4,Tuesday,0,1,2025-12-16 05:22:03.001685,2026-04-13 05:22:03.003125,0,115,2,Occasional,False,False,True,False,False,False,False,False,115,2,253.01999999999998
1718.0,CUST_00035,2026-02-09 05:22:03.001691,15.12,5.0,sports,Credit Card,True,transactions,,,,,,,,,362.19,Q1,0,2026,2,1,Monday,0,0,2025-12-03 05:22:02.999636,2026-06-17 05:22:02.992832,68,51,6,Regular,False,False,False,False,False,False,True,False,51,6,362.19
1719.0,CUST_00141,2026-03-15 05:22:03.001697,54.9,4.0,books,Wallet,True,transactions,,,,,,,,,507.9,Q1,0,2026,3,1,Sunday,1,0,2026-01-04 05:22:03.000362,2026-06-27 05:22:02.997367,70,41,6,Regular,False,True,False,False,False,False,False,False,41,6,507.9
1720.0,CUST_00288,2025-11-03 05:22:03.001702,84.15,2.0,clothing,Credit Card,True,transactions,,,,,,,,,798.88,Q2,0,2025,11,4,Monday,0,1,2025-10-06 05:22:03.000097,2026-08-03 05:22:03.000029,28,4,7,Regular,False,False,True,False,False,False,False,False,4,7,798.88
1721.0,CUST_00144,2026-05-08 05:22:03.001708,50.05,3.0,clothing,Wallet,False,transactions,,,,,,,,,208.0,Q1,0,2026,5,2,Friday,0,0,2025-09-22 05:22:02.992538,2026-05-08 05:22:03.001708,228,91,3,Occasional,False,False,True,False,False,False,False,False,91,3,208.0
1722.0,CUST_00396,2025-10-08 05:22:03.001713,214.9,5.0,books,Wallet,False,transactions,,,,,,,,,571.36,Q4,1,2025,10,4,Wednesday,0,0,2025-08-20 05:22:03.001474,2026-05-15 05:22:02.997854,49,84,5,Occasional,False,True,False,False,False,False,False,False,84,5,571.36
1723.0,CUST_00002,2026-04-11 05:22:03.001719,30.94,2.0,clothing,Debit Card,False,transactions,,,,,,,,,120.04,Q1,0,2026,4,2,Saturday,1,0,2025-09-30 05:22:02.998136,2026-08-01 05:22:02.994323,193,6,3,Occasional,False,False,True,False,False,False,False,False,6,3,120.04
1724.0,CUST_00244,2026-08-07 05:22:03.001724,108.49,3.0,clothing,Credit Card,False,transactions,,,,,,,,,315.03999999999996,Q3,0,2026,8,3,Friday,0,0,2025-10-01 05:22:02.997995,2026-08-07 05:22:03.001724,310,0,3,Occasional,False,False,True,False,False,False,False,False,0,3,315.03999999999996
1725.0,CUST_00414,2025-12-25 05:22:03.001730,74.41,4.0,toys,Credit Card,False,transactions,,,,,,,,,112.86,Q2,0,2025,12,4,Thursday,0,1,2025-10-16 05:22:02.995566,2025-12-25 05:22:03.001730,70,224,2,Occasional,False,False,False,False,False,False,False,True,224,2,112.86
1726.0,CUST_00202,2026-01-26 05:22:03.001735,184.53,4.0,toys,PayPal,False,transactions,,,,,,,,,478.13,Q4,1,2026,1,1,Monday,0,0,2025-08-14 05:22:02.993654,2026-05-19 05:22:02.995687,165,80,4,Occasional,False,False,False,False,False,False,False,True,80,4,478.13
1727.0,CUST_00453,2025-10-02 05:22:03.001741,52.49,2.0,home  garden,PayPal,True,transactions,,,,,,,,,429.37,Q1,0,2025,10,4,Thursday,0,0,2025-10-02 05:22:03.001741,2026-02-10 05:22:02.992218,0,178,3,Occasional,False,False,False,False,False,True,False,False,178,3,429.37
1728.0,CUST_00431,2025-12-27 05:22:03.001746,74.6,5.0,toys,PayPal,False,transactions,,,,,,,,,488.32,Q2,0,2025,12,4,Saturday,1,1,2025-11-14 05:22:03.001025,2026-04-30 05:22:02.998339,43,99,5,Occasional,False,False,False,False,False,False,False,True,99,5,488.32
1729.0,CUST_00286,2025-12-28 05:22:03.001755,45.16,3.0,,PayPal,True,transactions,,,,,,,,,133.51999999999998,Q1,0,2025,12,4,Sunday,1,1,2025-09-11 05:22:02.995368,2025-12-28 05:22:03.001755,108,221,2,Occasional,False,False,False,False,False,False,False,False,221,2,133.51999999999998
1730.0,CUST_00395,2025-08-29 05:22:03.001761,156.4,3.0,groceries,Debit Card,False,transactions,,,,,,,,,474.82,Q4,1,2025,8,3,Friday,0,0,2025-08-29 05:22:03.001761,2026-04-05 05:22:02.995046,0,124,3,Occasional,False,False,False,False,True,False,False,False,124,3,474.82
1731.0,CUST_00092,2026-08-02 05:22:03.001766,46.65,2.0,toys,Debit Card,False,transactions,,,,,,,,,1025.5700000000002,Q1,0,2026,8,3,Sunday,1,0,2025-08-12 05:22:02.996074,2026-08-02 05:22:03.001766,355,4,9,Regular,False,False,False,False,False,False,False,True,4,9,1025.5700000000002
1732.0,CUST_00159,2026-02-20 05:22:03.001772,183.16,1.0,beauty,Credit Card,False,transactions,,,,,,,,,292.90999999999997,Q4,1,2026,2,1,Friday,0,0,2025-10-03 05:22:02.998356,2026-02-20 05:22:03.001772,140,167,3,Occasional,True,False,False,False,False,False,False,False,167,3,292.90999999999997
1733.0,CUST_00018,2025-09-10 05:22:03.001777,93.38,3.0,toys,PayPal,False,transactions,,,,,,,,,304.9,Q3,0,2025,9,3,Wednesday,0,0,2025-09-01 05:22:02.996816,2026-03-15 05:22:02.995494,9,145,4,Occasional,False,False,False,False,False,False,False,True,145,4,304.9
1734.0,CUST_00030,2025-10-19 05:22:03.001783,82.51,1.0,toys,Wallet,False,transactions,,,,,,,,,479.33,Q2,0,2025,10,4,Sunday,1,0,2025-10-19 05:22:03.001783,2026-08-05 05:22:02.994162,0,2,5,Occasional,False,False,False,False,False,False,False,True,2,5,479.33
1735.0,CUST_00243,2025-09-10 05:22:03.001791,84.36,5.0,,Credit Card,False,transactions,,,,,,,,,177.91,Q2,0,2025,9,3,Wednesday,0,0,2025-09-10 05:22:03.001791,2026-04-19 05:22:03.002131,0,109,3,Occasional,False,False,False,False,False,False,False,False,109,3,177.91
1736.0,CUST_00366,2026-05-21 05:22:03.001797,72.94,2.0,home  garden,Credit Card,False,transactions,,,,,,,,,755.38,Q2,0,2026,5,2,Thursday,0,0,2026-03-28 05:22:03.001141,2026-07-09 05:22:02.998056,54,29,5,Occasional,False,False,False,False,False,True,False,False,29,5,755.38
1738.0,CUST_00100,2025-09-06 05:22:03.001808,85.3,5.0,electronics,PayPal,True,transactions,,,,,,,,,912.4100000000001,Q2,0,2025,9,3,Saturday,1,0,2025-09-06 05:22:03.001808,2026-08-07 05:22:02.995932,0,0,7,Regular,False,False,False,True,False,False,False,False,0,7,912.4100000000001
1739.0,CUST_00087,2025-10-11 05:22:03.001814,68.3,3.0,electronics,Wallet,False,transactions,,,,,,,,,385.53000000000003,Q2,0,2025,10,4,Saturday,1,0,2025-08-09 05:22:03.003041,2026-04-04 05:22:02.998092,62,125,5,Occasional,False,False,False,True,False,False,False,False,125,5,385.53000000000003
1740.0,CUST_00342,2025-08-30 05:22:03.001819,126.89,1.0,clothing,Debit Card,True,transactions,,,,,,,,,375.34,Q3,0,2025,8,3,Saturday,1,0,2025-08-30 05:22:03.001819,2025-12-21 05:22:02.998000,0,229,2,Occasional,False,False,True,False,False,False,False,False,229,2,375.34
1741.0,CUST_00043,2026-05-11 05:22:03.001824,60.17,4.0,electronics,Debit Card,False,transactions,,,,,,,,,421.98,Q2,0,2026,5,2,Monday,0,0,2025-11-05 05:22:02.996853,2026-08-01 05:22:03.003062,187,5,5,Occasional,False,False,False,True,False,False,False,False,5,5,421.98
1742.0,CUST_00210,2026-05-11 05:22:03.001830,23.73,1.0,books,PayPal,False,transactions,,,,,,,,,329.53000000000003,Q1,0,2026,5,2,Monday,0,0,2025-09-28 05:22:02.999690,2026-06-12 05:22:02.997968,225,56,4,Occasional,False,True,False,False,False,False,False,False,56,4,329.53000000000003
1743.0,CUST_00239,2025-10-21 05:22:03.001835,130.5,1.0,toys,Credit Card,False,transactions,,,,,,,,,288.34000000000003,Q3,0,2025,10,4,Tuesday,0,0,2025-09-25 05:22:02.996705,2026-03-03 05:22:02.992717,26,157,3,Occasional,False,False,False,False,False,False,False,True,157,3,288.34000000000003
1744.0,CUST_00045,2026-05-04 05:22:03.001841,125.96,3.0,electronics,Credit Card,False,transactions,,,,,,,,,209.49,Q3,0,2026,5,2,Monday,0,0,2025-10-24 05:22:02.999270,2026-05-04 05:22:03.001841,192,94,2,Occasional,False,False,False,True,False,False,False,False,94,2,209.49
1745.0,CUST_00192,2025-12-15 05:22:03.001846,25.47,1.0,sports,Debit Card,True,transactions,,,,,,,,,842.55,Q1,0,2025,12,4,Monday,0,1,2025-08-13 05:22:02.994451,2026-07-26 05:22:03.002614,124,11,10,Regular,False,False,False,False,False,False,True,False,11,10,842.55
1746.0,CUST_00378,2026-06-01 05:22:03.001851,181.05,3.0,electronics,PayPal,False,transactions,,,,,,,,,562.15,Q4,1,2026,6,2,Monday,0,0,2025-08-12 05:22:02.995025,2026-06-01 05:22:03.001851,293,66,4,Occasional,False,False,False,True,False,False,False,False,66,4,562.15
1747.0,CUST_00072,2025-10-22 05:22:03.001856,72.29,3.0,groceries,Debit Card,False,transactions,,,,,,,,,639.12,Q2,0,2025,10,4,Wednesday,0,0,2025-08-11 05:22:02.992233,2026-07-20 05:22:02.996441,72,18,5,Occasional,False,False,False,False,True,False,False,False,18,5,639.12
1748.0,CUST_00103,2026-05-09 05:22:03.001864,248.08,3.0,books,PayPal,False,transactions,,,,,,,,,908.8100000000001,Q4,1,2026,5,2,Saturday,1,0,2026-03-26 05:22:02.994312,2026-06-22 05:22:02.998768,44,46,6,Regular,False,True,False,False,False,False,False,False,46,6,908.8100000000001
1749.0,CUST_00182,2025-10-15 05:22:03.001869,213.62,3.0,beauty,Wallet,True,transactions,,,,,,,,,567.61,Q4,1,2025,10,4,Wednesday,0,0,2025-10-01 05:22:02.997471,2026-06-03 05:22:03.001244,14,65,6,Regular,True,False,False,False,False,False,False,False,65,6,567.61
1750.0,CUST_00352,2026-05-12 05:22:03.001875,22.55,1.0,groceries,Debit Card,True,transactions,,,,,,,,,794.77,Q1,0,2026,5,2,Tuesday,0,0,2025-10-08 05:22:02.997400,2026-05-12 05:22:03.001875,216,86,7,Regular,False,False,False,False,True,False,False,False,86,7,794.77
1752.0,CUST_00396,2026-04-22 05:22:03.001886,77.87,3.0,sports,Credit Card,True,transactions,,,,,,,,,571.36,Q2,0,2026,4,2,Wednesday,0,0,2025-08-20 05:22:03.001474,2026-05-15 05:22:02.997854,245,84,5,Occasional,False,False,False,False,False,False,True,False,84,5,571.36
1753.0,CUST_00265,2025-09-04 05:22:03.001891,70.05,2.0,toys,PayPal,False,transactions,,,,,,,,,872.91,Q2,0,2025,9,3,Thursday,0,0,2025-09-04 05:22:03.001891,2026-05-26 05:22:03.000751,0,73,7,Regular,False,False,False,False,False,False,False,True,73,7,872.91
1755.0,CUST_00446,2026-08-03 05:22:03.001902,98.4,2.0,groceries,PayPal,False,transactions,,,,,,,,,630.79,Q3,0,2026,8,3,Monday,0,0,2025-08-09 05:22:02.999471,2026-08-03 05:22:03.001902,359,3,6,Regular,False,False,False,False,True,False,False,False,3,6,630.79
1756.0,CUST_00052,2026-05-04 05:22:03.001907,45.19,3.0,books,Debit Card,True,transactions,,,,,,,,,461.03,Q1,0,2026,5,2,Monday,0,0,2025-08-19 05:22:02.997206,2026-05-04 05:22:03.001907,258,94,4,Occasional,False,True,False,False,False,False,False,False,94,4,461.03
1757.0,CUST_00225,2025-09-26 05:22:03.001913,59.65,4.0,groceries,Wallet,True,transactions,,,,,,,,,412.21999999999997,Q2,0,2025,9,3,Friday,0,0,2025-09-26 05:22:03.001913,2026-08-02 05:22:02.995009,0,5,5,Occasional,False,False,False,False,True,False,False,False,5,5,412.21999999999997
1758.0,CUST_00130,2026-01-28 05:22:03.001918,169.6,5.0,beauty,Wallet,False,transactions,,,,,,,,,391.21,Q4,1,2026,1,1,Wednesday,0,0,2025-11-29 05:22:02.999593,2026-03-27 05:22:02.994944,60,133,4,Occasional,True,False,False,False,False,False,False,False,133,4,391.21
1759.0,CUST_00498,2026-04-10 05:22:03.001923,236.64,5.0,clothing,PayPal,True,transactions,,,,,,,,,443.22999999999996,Q4,1,2026,4,2,Friday,0,0,2025-08-25 05:22:03.000124,2026-04-10 05:22:03.001923,228,118,3,Occasional,False,False,True,False,False,False,False,False,118,3,443.22999999999996
1760.0,CUST_00206,2025-10-08 05:22:03.001933,176.37,1.0,home  garden,PayPal,True,transactions,,,,,,,,,1233.1399999999999,Q4,1,2025,10,4,Wednesday,0,0,2025-09-25 05:22:02.999905,2026-06-26 05:22:02.993468,13,42,8,Regular,False,False,False,False,False,True,False,False,42,8,1233.1399999999999
1761.0,CUST_00495,2025-08-15 05:22:03.001940,59.0,5.0,sports,Debit Card,False,transactions,,,,,,,,,559.32,Q2,0,2025,8,3,Friday,0,0,2025-08-15 05:22:03.001940,2026-06-25 05:22:03.001043,0,43,5,Occasional,False,False,False,False,False,False,True,False,43,5,559.32
1762.0,CUST_00171,2026-07-11 05:22:03.001946,87.02,1.0,books,Debit Card,True,transactions,,,,,,,,,320.76,Q2,0,2026,7,3,Saturday,1,0,2026-03-21 05:22:02.999331,2026-07-11 05:22:03.001946,112,26,3,Occasional,False,True,False,False,False,False,False,False,26,3,320.76
1763.0,CUST_00235,2026-01-17 05:22:03.001951,41.62,2.0,,Debit Card,False,transactions,,,,,,,,,568.7,Q1,0,2026,1,1,Saturday,1,0,2025-09-16 05:22:02.993330,2026-06-07 05:22:03.000803,123,61,5,Occasional,False,False,False,False,False,False,False,False,61,5,568.7
1764.0,CUST_00089,2026-03-06 05:22:03.001962,27.21,3.0,clothing,Debit Card,False,transactions,,,,,,,,,125.41,Q1,0,2026,3,1,Friday,0,0,2025-10-29 05:22:02.991473,2026-03-06 05:22:03.001962,128,153,3,Occasional,False,False,True,False,False,False,False,False,153,3,125.41
1766.0,CUST_00242,2025-10-30 05:22:03.001981,88.74,4.0,sports,Wallet,True,transactions,,,,,,,,,1064.32,Q2,0,2025,10,4,Thursday,0,0,2025-08-22 05:22:03.002307,2026-07-28 05:22:02.997730,68,10,10,Regular,False,False,False,False,False,False,True,False,10,10,1064.32
1767.0,CUST_00362,2026-04-05 05:22:03.001987,122.08,1.0,groceries,Debit Card,False,transactions,,,,,,,,,147.43,Q3,0,2026,4,2,Sunday,1,0,2026-04-05 05:22:03.001987,2026-06-16 05:22:02.999553,0,52,2,Occasional,False,False,False,False,True,False,False,False,52,2,147.43
1768.0,CUST_00168,2026-03-16 05:22:03.001995,82.51,4.0,groceries,PayPal,False,transactions,,,,,,,,,447.82,Q2,0,2026,3,1,Monday,0,0,2025-10-18 05:22:03.002656,2026-03-16 05:22:03.001995,148,143,4,Occasional,False,False,False,False,True,False,False,False,143,4,447.82
1769.0,CUST_00380,2025-10-11 05:22:03.002004,118.94,1.0,sports,Debit Card,True,transactions,,,,,,,,,361.22,Q3,0,2025,10,4,Saturday,1,0,2025-10-11 05:22:03.002004,2026-07-12 05:22:02.996596,0,26,3,Occasional,False,False,False,False,False,False,True,False,26,3,361.22
1770.0,CUST_00189,2026-02-03 05:22:03.002012,184.76,3.0,electronics,Wallet,True,transactions,,,,,,,,,295.54999999999995,Q4,1,2026,2,1,Tuesday,0,0,2025-11-15 05:22:02.992311,2026-02-03 05:22:03.002012,80,184,3,Occasional,False,False,False,True,False,False,False,False,184,3,295.54999999999995
1772.0,CUST_00048,2026-02-15 05:22:03.002022,219.94,4.0,home  garden,PayPal,False,transactions,,,,,,,,,709.69,Q4,1,2026,2,1,Sunday,1,0,2025-08-15 05:22:02.996085,2026-03-07 05:22:02.995900,184,153,6,Regular,False,False,False,False,False,True,False,False,153,6,709.69
1773.0,CUST_00346,2025-12-04 05:22:03.002027,79.12,1.0,books,Wallet,False,transactions,,,,,,,,,315.64,Q2,0,2025,12,4,Thursday,0,1,2025-11-29 05:22:02.997072,2026-07-20 05:22:02.995014,5,18,5,Occasional,False,True,False,False,False,False,False,False,18,5,315.64
1774.0,CUST_00204,2025-08-23 05:22:03.002032,56.87,5.0,clothing,Credit Card,False,transactions,,,,,,,,,228.33,Q1,0,2025,8,3,Saturday,1,0,2025-08-23 05:22:03.002032,2026-06-16 05:22:02.995210,0,52,4,Occasional,False,False,True,False,False,False,False,False,52,4,228.33
1775.0,CUST_00376,2026-06-17 05:22:03.002037,133.18,4.0,electronics,Debit Card,False,transactions,,,,,,,,,832.61,Q3,0,2026,6,2,Wednesday,0,0,2025-10-17 05:22:02.996932,2026-06-17 05:22:03.002037,243,50,7,Regular,False,False,False,True,False,False,False,False,50,7,832.61
1776.0,CUST_00197,2025-08-21 05:22:03.002043,150.45,4.0,electronics,Wallet,False,transactions,,,,,,,,,587.45,Q4,1,2025,8,3,Thursday,0,0,2025-08-21 05:22:03.002043,2026-06-24 05:22:02.999609,0,44,4,Occasional,False,False,False,True,False,False,False,False,44,4,587.45
1777.0,CUST_00028,2026-03-05 05:22:03.002048,68.44,4.0,books,Credit Card,False,transactions,,,,,,,,,68.44,Q2,0,2026,3,1,Thursday,0,0,2026-03-05 05:22:03.002048,2026-03-05 05:22:03.002048,0,154,1,One-time,False,True,False,False,False,False,False,False,154,1,68.44
1778.0,CUST_00411,2025-12-20 05:22:03.002053,54.65,5.0,beauty,PayPal,True,transactions,,,,,,,,,672.35,Q1,0,2025,12,4,Saturday,1,1,2025-09-01 05:22:02.992733,2026-04-22 05:22:03.002817,110,106,8,Regular,True,False,False,False,False,False,False,False,106,8,672.35
1779.0,CUST_00498,2026-02-02 05:22:03.002058,130.57,1.0,home  garden,Wallet,True,transactions,,,,,,,,,443.22999999999996,Q3,0,2026,2,1,Monday,0,0,2025-08-25 05:22:03.000124,2026-04-10 05:22:03.001923,161,118,3,Occasional,False,False,False,False,False,True,False,False,118,3,443.22999999999996
1780.0,CUST_00041,2026-05-23 05:22:03.002063,159.76,1.0,beauty,PayPal,False,transactions,,,,,,,,,863.45,Q4,1,2026,5,2,Saturday,1,0,2025-09-21 05:22:02.999965,2026-05-27 05:22:02.996223,244,72,7,Regular,True,False,False,False,False,False,False,False,72,7,863.45
1781.0,CUST_00417,2025-09-27 05:22:03.002068,41.03,4.0,,PayPal,False,transactions,,,,,,,,,519.9,Q1,0,2025,9,3,Saturday,1,0,2025-09-27 05:22:03.002068,2026-04-24 05:22:02.993293,0,105,5,Occasional,False,False,False,False,False,False,False,False,105,5,519.9
1782.0,CUST_00445,2025-11-30 05:22:03.002074,47.84,4.0,beauty,PayPal,False,transactions,,,,,,,,,481.37,Q1,0,2025,11,4,Sunday,1,1,2025-08-25 05:22:02.995170,2025-12-24 05:22:02.994588,97,226,5,Occasional,True,False,False,False,False,False,False,False,226,5,481.37
1783.0,CUST_00173,2025-08-27 05:22:03.002079,97.99,3.0,electronics,Debit Card,False,transactions,,,,,,,,,147.3,Q3,0,2025,8,3,Wednesday,0,0,2025-08-27 05:22:03.002079,2026-03-06 05:22:02.993813,0,154,2,Occasional,False,False,False,True,False,False,False,False,154,2,147.3
1784.0,CUST_00214,2026-07-30 05:22:03.002084,47.84,4.0,beauty,Credit Card,False,transactions,,,,,,,,,237.07,Q1,0,2026,7,3,Thursday,0,0,2025-10-01 05:22:02.991446,2026-07-30 05:22:03.002084,302,7,3,Occasional,True,False,False,False,False,False,False,False,7,3,237.07
1785.0,CUST_00183,2026-07-20 05:22:03.002089,136.67,5.0,groceries,Credit Card,False,transactions,,,,,,,,,136.67,Q3,0,2026,7,3,Monday,0,0,2026-07-20 05:22:03.002089,2026-07-20 05:22:03.002089,0,17,1,One-time,False,False,False,False,True,False,False,False,17,1,136.67
1786.0,CUST_00065,2026-05-25 05:22:03.002094,133.57,4.0,groceries,PayPal,True,transactions,,,,,,,,,285.86,Q3,0,2026,5,2,Monday,0,0,2026-05-25 05:22:03.002094,2026-06-18 05:22:02.999245,0,50,3,Occasional,False,False,False,False,True,False,False,False,50,3,285.86
1787.0,CUST_00353,2025-09-25 05:22:03.002103,133.88,2.0,,PayPal,False,transactions,,,,,,,,,871.96,Q3,0,2025,9,3,Thursday,0,0,2025-09-25 05:22:03.002103,2026-06-28 05:22:02.993020,0,40,8,Regular,False,False,False,False,False,False,False,False,40,8,871.96
1788.0,CUST_00076,2025-09-30 05:22:03.002109,49.3,1.0,groceries,Credit Card,False,transactions,,,,,,,,,703.08,Q1,0,2025,9,3,Tuesday,0,0,2025-09-30 05:22:03.002109,2026-07-10 05:22:02.995884,0,28,8,Regular,False,False,False,False,True,False,False,False,28,8,703.08
1789.0,CUST_00327,2026-03-06 05:22:03.002114,44.04,4.0,,PayPal,True,transactions,,,,,,,,,703.51,Q1,0,2026,3,1,Friday,0,0,2025-10-07 05:22:02.993447,2026-04-21 05:22:02.995945,150,108,8,Regular,False,False,False,False,False,False,False,False,108,8,703.51
1790.0,CUST_00381,2026-06-28 05:22:03.002121,108.34,4.0,clothing,PayPal,True,transactions,,,,,,,,,352.27,Q3,0,2026,6,2,Sunday,1,0,2025-10-19 05:22:02.995793,2026-06-28 05:22:03.002121,252,39,4,Occasional,False,False,True,False,False,False,False,False,39,4,352.27
1791.0,CUST_00316,2025-11-17 05:22:03.002126,62.76,5.0,sports,Credit Card,False,transactions,,,,,,,,,749.88,Q2,0,2025,11,4,Monday,0,1,2025-08-21 05:22:02.993420,2026-06-05 05:22:03.000782,88,63,8,Regular,False,False,False,False,False,False,True,False,63,8,749.88
1792.0,CUST_00243,2026-04-19 05:22:03.002131,43.72,4.0,books,Debit Card,False,transactions,,,,,,,,,177.91,Q1,0,2026,4,2,Sunday,1,0,2025-09-10 05:22:03.001791,2026-04-19 05:22:03.002131,221,109,3,Occasional,False,True,False,False,False,False,False,False,109,3,177.91
1793.0,CUST_00344,2026-07-15 05:22:03.002136,62.89,5.0,groceries,PayPal,False,transactions,,,,,,,,,682.0,Q2,0,2026,7,3,Wednesday,0,0,2025-08-13 05:22:02.992156,2026-08-04 05:22:03.000735,336,3,6,Regular,False,False,False,False,True,False,False,False,3,6,682.0
1794.0,CUST_00209,2026-04-23 05:22:03.002142,29.54,1.0,groceries,PayPal,False,transactions,,,,,,,,,599.54,Q1,0,2026,4,2,Thursday,0,0,2025-08-25 05:22:02.998051,2026-04-23 05:22:03.002142,241,105,8,Regular,False,False,False,False,True,False,False,False,105,8,599.54
1795.0,CUST_00307,2025-09-16 05:22:03.002147,157.96,3.0,clothing,Credit Card,True,transactions,,,,,,,,,313.85,Q4,1,2025,9,3,Tuesday,0,0,2025-09-16 05:22:03.002147,2026-03-18 05:22:03.002268,0,141,3,Occasional,False,False,True,False,False,False,False,False,141,3,313.85
1796.0,CUST_00114,2026-07-06 05:22:03.002152,137.92,5.0,books,Wallet,False,transactions,,,,,,,,,837.96,Q3,0,2026,7,3,Monday,0,0,2025-09-26 05:22:02.994732,2026-07-06 05:22:03.002152,283,31,6,Regular,False,True,False,False,False,False,False,False,31,6,837.96
1797.0,CUST_00326,2025-10-07 05:22:03.002157,102.81,3.0,groceries,Credit Card,False,transactions,,,,,,,,,351.25,Q3,0,2025,10,4,Tuesday,0,0,2025-09-27 05:22:03.002494,2026-02-06 05:22:02.996943,9,182,4,Occasional,False,False,False,False,True,False,False,False,182,4,351.25
1798.0,CUST_00164,2026-02-11 05:22:03.002165,72.63,4.0,home  garden,Wallet,False,transactions,,,,,,,,,315.41999999999996,Q2,0,2026,2,1,Wednesday,0,0,2026-02-11 05:22:03.002165,2026-04-28 05:22:03.000357,0,101,4,Occasional,False,False,False,False,False,True,False,False,101,4,315.41999999999996
1799.0,CUST_00358,2026-05-12 05:22:03.002170,113.89,4.0,books,Credit Card,False,transactions,,,,,,,,,679.42,Q3,0,2026,5,2,Tuesday,0,0,2025-09-16 05:22:03.003114,2026-07-10 05:22:03.003393,237,27,7,Regular,False,True,False,False,False,False,False,False,27,7,679.42
1800.0,CUST_00288,2026-02-12 05:22:03.002176,28.81,1.0,sports,PayPal,False,transactions,,,,,,,,,798.88,Q1,0,2026,2,1,Thursday,0,0,2025-10-06 05:22:03.000097,2026-08-03 05:22:03.000029,129,4,7,Regular,False,False,False,False,False,False,True,False,4,7,798.88
1801.0,CUST_00385,2026-02-27 05:22:03.002219,51.58,4.0,,Debit Card,False,transactions,,,,,,,,,223.76,Q1,0,2026,2,1,Friday,0,0,2026-01-09 05:22:02.993303,2026-04-02 05:22:02.999057,49,127,3,Occasional,False,False,False,False,False,False,False,False,127,3,223.76
1802.0,CUST_00290,2025-12-30 05:22:03.002234,69.48,4.0,electronics,PayPal,False,transactions,,,,,,,,,616.6,Q2,0,2025,12,4,Tuesday,0,1,2025-09-04 05:22:02.994815,2026-05-23 05:22:02.995583,117,76,6,Regular,False,False,False,True,False,False,False,False,76,6,616.6
1803.0,CUST_00252,2026-04-09 05:22:03.002243,157.44,4.0,home  garden,Credit Card,False,transactions,,,,,,,,,621.14,Q4,1,2026,4,2,Thursday,0,0,2025-12-06 05:22:02.995262,2026-06-17 05:22:02.997778,124,51,5,Occasional,False,False,False,False,False,True,False,False,51,5,621.14
1804.0,CUST_00112,2026-04-21 05:22:03.002256,102.58,1.0,books,Debit Card,True,transactions,,,,,,,,,396.09000000000003,Q3,0,2026,4,2,Tuesday,0,0,2025-10-08 05:22:02.999661,2026-05-26 05:22:02.997322,195,73,4,Occasional,False,True,False,False,False,False,False,False,73,4,396.09000000000003
1805.0,CUST_00377,2026-01-14 05:22:03.002262,64.84,5.0,groceries,Debit Card,False,transactions,,,,,,,,,1291.2,Q2,0,2026,1,1,Wednesday,0,0,2025-11-12 05:22:02.995617,2026-07-07 05:22:02.992600,63,31,9,Regular,False,False,False,False,True,False,False,False,31,9,1291.2
1806.0,CUST_00307,2026-03-18 05:22:03.002268,37.9,3.0,beauty,PayPal,False,transactions,,,,,,,,,313.85,Q1,0,2026,3,1,Wednesday,0,0,2025-09-16 05:22:03.002147,2026-03-18 05:22:03.002268,183,141,3,Occasional,True,False,False,False,False,False,False,False,141,3,313.85
1807.0,CUST_00273,2026-01-19 05:22:03.002278,203.62,2.0,groceries,Wallet,False,transactions,,,,,,,,,203.62,Q4,1,2026,1,1,Monday,0,0,2026-01-19 05:22:03.002278,2026-01-19 05:22:03.002278,0,199,1,One-time,False,False,False,False,True,False,False,False,199,1,203.62
1808.0,CUST_00474,2025-12-20 05:22:03.002284,28.47,2.0,home  garden,Credit Card,False,transactions,,,,,,,,,153.98,Q1,0,2025,12,4,Saturday,1,1,2025-10-17 05:22:02.995622,2026-06-30 05:22:02.993004,64,38,4,Occasional,False,False,False,False,False,True,False,False,38,4,153.98
1809.0,CUST_00172,2025-12-13 05:22:03.002290,196.5,2.0,clothing,Wallet,True,transactions,,,,,,,,,614.76,Q4,1,2025,12,4,Saturday,1,1,2025-12-13 05:22:03.002290,2026-07-10 05:22:02.996700,0,28,5,Occasional,False,False,True,False,False,False,False,False,28,5,614.76
1810.0,CUST_00211,2026-05-03 05:22:03.002296,84.08,1.0,sports,Credit Card,False,transactions,,,,,,,,,501.6,Q2,0,2026,5,2,Sunday,1,0,2025-12-14 05:22:03.000719,2026-05-03 05:22:03.002296,140,95,5,Occasional,False,False,False,False,False,False,True,False,95,5,501.6
1811.0,CUST_00375,2026-01-10 05:22:03.002301,69.23,1.0,beauty,Debit Card,False,transactions,,,,,,,,,144.76,Q2,0,2026,1,1,Saturday,1,0,2025-10-03 05:22:03.003046,2026-01-10 05:22:03.002301,98,208,2,Occasional,True,False,False,False,False,False,False,False,208,2,144.76
1812.0,CUST_00242,2025-08-22 05:22:03.002307,188.53,1.0,,Wallet,False,transactions,,,,,,,,,1064.32,Q4,1,2025,8,3,Friday,0,0,2025-08-22 05:22:03.002307,2026-07-28 05:22:02.997730,0,10,10,Regular,False,False,False,False,False,False,False,False,10,10,1064.32
1813.0,CUST_00443,2026-05-01 05:22:03.002312,67.93,2.0,toys,Debit Card,False,transactions,,,,,,,,,363.71999999999997,Q2,0,2026,5,2,Friday,0,0,2025-11-13 05:22:02.996030,2026-05-01 05:22:03.002312,169,97,4,Occasional,False,False,False,False,False,False,False,True,97,4,363.71999999999997
1814.0,CUST_00480,2025-08-08 05:22:03.002317,210.98,2.0,beauty,Credit Card,True,transactions,,,,,,,,,210.98,Q4,1,2025,8,3,Friday,0,0,2025-08-08 05:22:03.002317,2025-08-08 05:22:03.002317,0,363,1,One-time,True,False,False,False,False,False,False,False,363,1,210.98
1815.0,CUST_00106,2025-10-16 05:22:03.002323,120.33,4.0,toys,Wallet,True,transactions,,,,,,,,,120.33,Q3,0,2025,10,4,Thursday,0,0,2025-10-16 05:22:03.002323,2025-10-16 05:22:03.002323,0,294,1,One-time,False,False,False,False,False,False,False,True,294,1,120.33
1816.0,CUST_00408,2026-05-09 05:22:03.002328,265.11,4.0,clothing,PayPal,True,transactions,,,,,,,,,771.02,Q4,1,2026,5,2,Saturday,1,0,2026-01-10 05:22:02.993127,2026-08-04 05:22:02.995268,119,3,5,Occasional,False,False,True,False,False,False,False,False,3,5,771.02
1817.0,CUST_00466,2026-05-18 05:22:03.002333,79.63,2.0,toys,Credit Card,False,transactions,,,,,,,,,79.63,Q2,0,2026,5,2,Monday,0,0,2026-05-18 05:22:03.002333,2026-05-18 05:22:03.002333,0,80,1,One-time,False,False,False,False,False,False,False,True,80,1,79.63
1818.0,CUST_00017,2025-08-23 05:22:03.002338,49.93,4.0,toys,Credit Card,True,transactions,,,,,,,,,477.71999999999997,Q1,0,2025,8,3,Saturday,1,0,2025-08-23 05:22:03.002338,2026-05-28 05:22:02.998616,0,71,7,Regular,False,False,False,False,False,False,False,True,71,7,477.71999999999997
1819.0,CUST_00491,2026-03-27 05:22:03.002344,207.44,5.0,clothing,Credit Card,False,transactions,,,,,,,,,259.19,Q4,1,2026,3,1,Friday,0,0,2026-03-27 05:22:03.002344,2026-04-15 05:22:03.001183,0,114,2,Occasional,False,False,True,False,False,False,False,False,114,2,259.19
1820.0,CUST_00424,2026-07-08 05:22:03.002349,34.71,3.0,groceries,Credit Card,False,transactions,,,,,,,,,273.58000000000004,Q1,0,2026,7,3,Wednesday,0,0,2025-08-13 05:22:03.003202,2026-07-08 05:22:03.002349,328,29,3,Occasional,False,False,False,False,True,False,False,False,29,3,273.58000000000004
1821.0,CUST_00367,2025-11-19 05:22:03.002354,76.08,4.0,groceries,Credit Card,False,transactions,,,,,,,,,817.11,Q2,0,2025,11,4,Wednesday,0,1,2025-11-19 05:22:03.002354,2026-07-24 05:22:02.999103,0,14,8,Regular,False,False,False,False,True,False,False,False,14,8,817.11
1822.0,CUST_00135,2025-10-15 05:22:03.002364,122.92,1.0,home  garden,PayPal,False,transactions,,,,,,,,,654.96,Q3,0,2025,10,4,Wednesday,0,0,2025-08-23 05:22:03.000023,2026-06-25 05:22:02.995605,53,43,6,Regular,False,False,False,False,False,True,False,False,43,6,654.96
1823.0,CUST_00125,2025-12-03 05:22:03.002371,105.93,2.0,books,Credit Card,False,transactions,,,,,,,,,335.07,Q3,0,2025,12,4,Wednesday,0,1,2025-10-12 05:22:03.002473,2025-12-03 05:22:03.002371,51,246,3,Occasional,False,True,False,False,False,False,False,False,246,3,335.07
1824.0,CUST_00364,2025-11-29 05:22:03.002377,182.25,2.0,books,Wallet,False,transactions,,,,,,,,,437.51,Q4,1,2025,11,4,Saturday,1,1,2025-11-21 05:22:02.994037,2026-04-14 05:22:02.992412,8,115,3,Occasional,False,True,False,False,False,False,False,False,115,3,437.51
1825.0,CUST_00231,2025-08-14 05:22:03.002382,197.23,3.0,books,Debit Card,False,transactions,,,,,,,,,375.59000000000003,Q4,1,2025,8,3,Thursday,0,0,2025-08-14 05:22:03.002382,2026-06-16 05:22:02.992123,0,52,2,Occasional,False,True,False,False,False,False,False,False,52,2,375.59000000000003
1826.0,CUST_00148,2026-07-25 05:22:03.002390,97.22,2.0,beauty,PayPal,False,transactions,,,,,,,,,456.99,Q3,0,2026,7,3,Saturday,1,0,2025-08-11 05:22:03.000559,2026-07-25 05:22:03.002390,348,12,5,Occasional,True,False,False,False,False,False,False,False,12,5,456.99
1827.0,CUST_00367,2026-05-18 05:22:03.002396,58.1,5.0,books,Wallet,False,transactions,,,,,,,,,817.11,Q1,0,2026,5,2,Monday,0,0,2025-11-19 05:22:03.002354,2026-07-24 05:22:02.999103,180,14,8,Regular,False,True,False,False,False,False,False,False,14,8,817.11
1828.0,CUST_00080,2025-08-17 05:22:03.002404,50.65,2.0,home  garden,Wallet,False,transactions,,,,,,,,,251.08,Q1,0,2025,8,3,Sunday,1,0,2025-08-17 05:22:03.002404,2026-07-18 05:22:02.994609,0,20,3,Occasional,False,False,False,False,False,True,False,False,20,3,251.08
1829.0,CUST_00117,2026-07-24 05:22:03.002415,45.82,2.0,books,Credit Card,False,transactions,,,,,,,,,76.62,Q1,0,2026,7,3,Friday,0,0,2026-04-13 05:22:02.998585,2026-07-24 05:22:03.002415,102,13,2,Occasional,False,True,False,False,False,False,False,False,13,2,76.62
1830.0,CUST_00370,2025-11-20 05:22:03.002420,81.15,5.0,groceries,Debit Card,True,transactions,,,,,,,,,255.55,Q2,0,2025,11,4,Thursday,0,1,2025-11-12 05:22:03.002843,2026-04-18 05:22:02.998697,7,111,4,Occasional,False,False,False,False,True,False,False,False,111,4,255.55
1831.0,CUST_00330,2026-05-20 05:22:03.002426,41.8,5.0,beauty,Wallet,True,transactions,,,,,,,,,96.1,Q1,0,2026,5,2,Wednesday,0,0,2026-03-17 05:22:02.994852,2026-06-14 05:22:02.996393,64,54,3,Occasional,True,False,False,False,False,False,False,False,54,3,96.1
1832.0,CUST_00249,2025-09-10 05:22:03.002431,56.06,2.0,toys,Wallet,False,transactions,,,,,,,,,444.15999999999997,Q1,0,2025,9,3,Wednesday,0,0,2025-09-10 05:22:03.002431,2026-07-28 05:22:02.997300,0,10,5,Occasional,False,False,False,False,False,False,False,True,10,5,444.15999999999997
1833.0,CUST_00485,2026-07-05 05:22:03.002436,118.89,3.0,sports,Debit Card,False,transactions,,,,,,,,,505.88,Q3,0,2026,7,3,Sunday,1,0,2025-08-18 05:22:02.996741,2026-07-05 05:22:03.002436,321,32,6,Regular,False,False,False,False,False,False,True,False,32,6,505.88
1834.0,CUST_00312,2026-06-07 05:22:03.002441,108.64,2.0,beauty,Credit Card,True,transactions,,,,,,,,,187.68,Q3,0,2026,6,2,Sunday,1,0,2025-08-18 05:22:02.994488,2026-06-07 05:22:03.002441,293,60,2,Occasional,True,False,False,False,False,False,False,False,60,2,187.68
1835.0,CUST_00434,2025-11-12 05:22:03.002447,123.78,2.0,sports,Credit Card,False,transactions,,,,,,,,,468.0,Q3,0,2025,11,4,Wednesday,0,1,2025-10-02 05:22:02.995754,2026-05-08 05:22:03.001107,41,91,5,Occasional,False,False,False,False,False,False,True,False,91,5,468.0
1836.0,CUST_00051,2026-02-20 05:22:03.002452,154.87,5.0,clothing,Credit Card,True,transactions,,,,,,,,,317.92,Q4,1,2026,2,1,Friday,0,0,2025-08-09 05:22:03.000206,2026-02-20 05:22:03.002452,195,167,3,Occasional,False,False,True,False,False,False,False,False,167,3,317.92
1837.0,CUST_00029,2025-12-22 05:22:03.002458,69.33,5.0,sports,Debit Card,False,transactions,,,,,,,,,326.64,Q2,0,2025,12,4,Monday,0,1,2025-09-14 05:22:03.002638,2025-12-22 05:22:03.002458,98,227,3,Occasional,False,False,False,False,False,False,True,False,227,3,326.64
1838.0,CUST_00334,2026-04-04 05:22:03.002463,170.33,2.0,toys,PayPal,False,transactions,,,,,,,,,356.01,Q4,1,2026,4,2,Saturday,1,0,2025-09-05 05:22:03.000808,2026-04-04 05:22:03.002463,211,124,3,Occasional,False,False,False,False,False,False,False,True,124,3,356.01
1839.0,CUST_00047,2026-05-02 05:22:03.002468,66.91,1.0,home  garden,Credit Card,False,transactions,,,,,,,,,324.57,Q2,0,2026,5,2,Saturday,1,0,2025-08-12 05:22:02.993389,2026-05-02 05:22:03.002468,263,96,3,Occasional,False,False,False,False,False,True,False,False,96,3,324.57
1840.0,CUST_00125,2025-10-12 05:22:03.002473,122.81,5.0,toys,Credit Card,False,transactions,,,,,,,,,335.07,Q3,0,2025,10,4,Sunday,1,0,2025-10-12 05:22:03.002473,2025-12-03 05:22:03.002371,0,246,3,Occasional,False,False,False,False,False,False,False,True,246,3,335.07
1841.0,CUST_00325,2026-07-01 05:22:03.002479,44.9,2.0,toys,Credit Card,False,transactions,,,,,,,,,146.31,Q1,0,2026,7,3,Wednesday,0,0,2025-12-20 05:22:03.000258,2026-07-01 05:22:03.002479,193,36,2,Occasional,False,False,False,False,False,False,False,True,36,2,146.31
1842.0,CUST_00052,2025-11-03 05:22:03.002484,169.53,5.0,sports,PayPal,False,transactions,,,,,,,,,461.03,Q4,1,2025,11,4,Monday,0,1,2025-08-19 05:22:02.997206,2026-05-04 05:22:03.001907,76,94,4,Occasional,False,False,False,False,False,False,True,False,94,4,461.03
1844.0,CUST_00326,2025-09-27 05:22:03.002494,76.21,4.0,electronics,Wallet,False,transactions,,,,,,,,,351.25,Q2,0,2025,9,3,Saturday,1,0,2025-09-27 05:22:03.002494,2026-02-06 05:22:02.996943,0,182,4,Occasional,False,False,False,True,False,False,False,False,182,4,351.25
1845.0,CUST_00253,2025-09-18 05:22:03.002523,42.47,2.0,beauty,PayPal,True,transactions,,,,,,,,,183.5,Q1,0,2025,9,3,Thursday,0,0,2025-09-18 05:22:03.002523,2026-06-09 05:22:02.991800,0,59,3,Occasional,True,False,False,False,False,False,False,False,59,3,183.5
1846.0,CUST_00154,2026-03-25 05:22:03.002540,120.32,5.0,sports,PayPal,False,transactions,,,,,,,,,632.98,Q3,0,2026,3,1,Wednesday,0,0,2025-09-14 05:22:02.991724,2026-03-25 05:22:03.002540,192,134,6,Regular,False,False,False,False,False,False,True,False,134,6,632.98
1847.0,CUST_00058,2026-05-06 05:22:03.002549,115.33,4.0,electronics,Wallet,False,transactions,,,,,,,,,777.66,Q3,0,2026,5,2,Wednesday,0,0,2025-10-02 05:22:02.996267,2026-07-30 05:22:02.997713,216,8,6,Regular,False,False,False,True,False,False,False,False,8,6,777.66
1848.0,CUST_00092,2026-07-05 05:22:03.002557,102.61,4.0,books,Wallet,False,transactions,,,,,,,,,1025.5700000000002,Q3,0,2026,7,3,Sunday,1,0,2025-08-12 05:22:02.996074,2026-08-02 05:22:03.001766,327,4,9,Regular,False,True,False,False,False,False,False,False,4,9,1025.5700000000002
1849.0,CUST_00352,2025-11-05 05:22:03.002562,71.63,2.0,sports,Debit Card,False,transactions,,,,,,,,,794.77,Q2,0,2025,11,4,Wednesday,0,1,2025-10-08 05:22:02.997400,2026-05-12 05:22:03.001875,28,86,7,Regular,False,False,False,False,False,False,True,False,86,7,794.77
1850.0,CUST_00257,2026-03-04 05:22:03.002571,26.76,3.0,toys,PayPal,True,transactions,,,,,,,,,469.58000000000004,Q1,0,2026,3,1,Wednesday,0,0,2025-11-19 05:22:02.994801,2026-04-30 05:22:02.999944,105,99,5,Occasional,False,False,False,False,False,False,False,True,99,5,469.58000000000004
1851.0,CUST_00108,2025-10-19 05:22:03.002576,84.8,2.0,beauty,Wallet,True,transactions,,,,,,,,,124.53,Q2,0,2025,10,4,Sunday,1,0,2025-09-29 05:22:02.998119,2025-10-19 05:22:03.002576,20,291,2,Occasional,True,False,False,False,False,False,False,False,291,2,124.53
1852.0,CUST_00437,2026-05-19 05:22:03.002582,121.24,5.0,home  garden,Wallet,False,transactions,,,,,,,,,711.62,Q3,0,2026,5,2,Tuesday,0,0,2026-01-04 05:22:03.000162,2026-07-03 05:22:02.995284,135,35,7,Regular,False,False,False,False,False,True,False,False,35,7,711.62
1853.0,CUST_00404,2026-01-06 05:22:03.002587,60.91,3.0,sports,Wallet,True,transactions,,,,,,,,,130.38,Q2,0,2026,1,1,Tuesday,0,0,2025-12-25 05:22:03.003091,2026-01-06 05:22:03.002587,11,212,2,Occasional,False,False,False,False,False,False,True,False,212,2,130.38
1854.0,CUST_00428,2026-03-05 05:22:03.002593,175.41,3.0,home  garden,PayPal,True,transactions,,,,,,,,,223.51,Q4,1,2026,3,1,Thursday,0,0,2026-03-05 05:22:03.002593,2026-08-07 05:22:03.000672,0,0,2,Occasional,False,False,False,False,False,True,False,False,0,2,223.51
1855.0,CUST_00162,2025-12-20 05:22:03.002598,102.8,3.0,groceries,Wallet,False,transactions,,,,,,,,,592.21,Q3,0,2025,12,4,Saturday,1,1,2025-11-09 05:22:02.996313,2026-06-21 05:22:02.999939,41,47,5,Occasional,False,False,False,False,True,False,False,False,47,5,592.21
1856.0,CUST_00482,2026-01-13 05:22:03.002603,79.25,1.0,groceries,Debit Card,True,transactions,,,,,,,,,335.38,Q2,0,2026,1,1,Tuesday,0,0,2025-08-17 05:22:02.999310,2026-07-02 05:22:02.994679,149,36,3,Occasional,False,False,False,False,True,False,False,False,36,3,335.38
1857.0,CUST_00393,2026-03-20 05:22:03.002609,33.7,1.0,sports,PayPal,False,transactions,,,,,,,,,1145.53,Q1,0,2026,3,1,Friday,0,0,2025-08-22 05:22:03.002710,2026-06-10 05:22:02.999544,209,58,10,Regular,False,False,False,False,False,False,True,False,58,10,1145.53
1858.0,CUST_00192,2026-07-26 05:22:03.002614,83.49,3.0,groceries,PayPal,False,transactions,,,,,,,,,842.55,Q2,0,2026,7,3,Sunday,1,0,2025-08-13 05:22:02.994451,2026-07-26 05:22:03.002614,347,11,10,Regular,False,False,False,False,True,False,False,False,11,10,842.55
1859.0,CUST_00379,2026-04-27 05:22:03.002619,47.97,2.0,toys,Credit Card,False,transactions,,,,,,,,,372.47,Q1,0,2026,4,2,Monday,0,0,2025-12-03 05:22:02.991275,2026-06-18 05:22:02.991464,145,50,4,Occasional,False,False,False,False,False,False,False,True,50,4,372.47
1860.0,CUST_00083,2026-02-22 05:22:03.002624,144.48,4.0,toys,Credit Card,True,transactions,,,,,,,,,433.8299999999999,Q4,1,2026,2,1,Sunday,1,0,2025-08-08 05:22:02.996797,2026-02-22 05:22:03.002624,198,165,4,Occasional,False,False,False,False,False,False,False,True,165,4,433.8299999999999
1861.0,CUST_00200,2025-08-20 05:22:03.002630,107.03,4.0,sports,Wallet,False,transactions,,,,,,,,,358.39,Q3,0,2025,8,3,Wednesday,0,0,2025-08-20 05:22:03.002630,2026-04-13 05:22:03.003430,0,115,4,Occasional,False,False,False,False,False,False,True,False,115,4,358.39
1862.0,CUST_00029,2025-09-14 05:22:03.002638,53.1,3.0,books,Wallet,True,transactions,,,,,,,,,326.64,Q1,0,2025,9,3,Sunday,1,0,2025-09-14 05:22:03.002638,2025-12-22 05:22:03.002458,0,227,3,Occasional,False,True,False,False,False,False,False,False,227,3,326.64
1863.0,CUST_00057,2025-12-09 05:22:03.002644,41.76,2.0,clothing,Wallet,True,transactions,,,,,,,,,429.26,Q1,0,2025,12,4,Tuesday,0,1,2025-11-14 05:22:02.997051,2026-06-02 05:22:02.998649,25,66,4,Occasional,False,False,True,False,False,False,False,False,66,4,429.26
1864.0,CUST_00448,2026-05-22 05:22:03.002649,43.81,5.0,books,Credit Card,False,transactions,,,,,,,,,106.81,Q1,0,2026,5,2,Friday,0,0,2026-02-21 05:22:03.002694,2026-05-22 05:22:03.002649,89,76,2,Occasional,False,True,False,False,False,False,False,False,76,2,106.81
1865.0,CUST_00168,2025-10-18 05:22:03.002656,24.53,5.0,books,PayPal,False,transactions,,,,,,,,,447.82,Q1,0,2025,10,4,Saturday,1,0,2025-10-18 05:22:03.002656,2026-03-16 05:22:03.001995,0,143,4,Occasional,False,True,False,False,False,False,False,False,143,4,447.82
1866.0,CUST_00072,2026-07-04 05:22:03.002662,174.35,3.0,beauty,Wallet,True,transactions,,,,,,,,,639.12,Q4,1,2026,7,3,Saturday,1,0,2025-08-11 05:22:02.992233,2026-07-20 05:22:02.996441,327,18,5,Occasional,True,False,False,False,False,False,False,False,18,5,639.12
1867.0,CUST_00110,2026-05-05 05:22:03.002667,121.45,3.0,toys,PayPal,False,transactions,,,,,,,,,617.52,Q3,0,2026,5,2,Tuesday,0,0,2025-12-12 05:22:03.000340,2026-08-06 05:22:02.999426,144,1,4,Occasional,False,False,False,False,False,False,False,True,1,4,617.52
1868.0,CUST_00347,2025-08-12 05:22:03.002672,34.84,3.0,books,Credit Card,False,transactions,,,,,,,,,344.89,Q1,0,2025,8,3,Tuesday,0,0,2025-08-12 05:22:03.002672,2025-11-01 05:22:02.991719,0,279,4,Occasional,False,True,False,False,False,False,False,False,279,4,344.89
1869.0,CUST_00329,2026-01-09 05:22:03.002683,163.42,4.0,groceries,Credit Card,True,transactions,,,,,,,,,784.36,Q4,1,2026,1,1,Friday,0,0,2025-08-30 05:22:02.999235,2026-07-19 05:22:02.998848,132,19,7,Regular,False,False,False,False,True,False,False,False,19,7,784.36
1870.0,CUST_00031,2025-11-18 05:22:03.002689,71.09,3.0,electronics,Credit Card,True,transactions,,,,,,,,,365.79999999999995,Q2,0,2025,11,4,Tuesday,0,1,2025-11-18 05:22:03.002689,2026-07-03 05:22:02.992771,0,35,5,Occasional,False,False,False,True,False,False,False,False,35,5,365.79999999999995
1871.0,CUST_00448,2026-02-21 05:22:03.002694,63.0,5.0,toys,PayPal,False,transactions,,,,,,,,,106.81,Q2,0,2026,2,1,Saturday,1,0,2026-02-21 05:22:03.002694,2026-05-22 05:22:03.002649,0,76,2,Occasional,False,False,False,False,False,False,False,True,76,2,106.81
1872.0,CUST_00377,2026-06-30 05:22:03.002700,53.34,5.0,clothing,Credit Card,False,transactions,,,,,,,,,1291.2,Q1,0,2026,6,2,Tuesday,0,0,2025-11-12 05:22:02.995617,2026-07-07 05:22:02.992600,230,31,9,Regular,False,False,True,False,False,False,False,False,31,9,1291.2
1873.0,CUST_00409,2025-11-18 05:22:03.002705,45.08,1.0,toys,Debit Card,True,transactions,,,,,,,,,45.08,Q1,0,2025,11,4,Tuesday,0,1,2025-11-18 05:22:03.002705,2025-11-18 05:22:03.002705,0,261,1,One-time,False,False,False,False,False,False,False,True,261,1,45.08
1874.0,CUST_00393,2025-08-22 05:22:03.002710,108.58,4.0,books,Debit Card,False,transactions,,,,,,,,,1145.53,Q3,0,2025,8,3,Friday,0,0,2025-08-22 05:22:03.002710,2026-06-10 05:22:02.999544,0,58,10,Regular,False,True,False,False,False,False,False,False,58,10,1145.53
1875.0,CUST_00038,2026-05-06 05:22:03.002716,181.79,5.0,beauty,Wallet,True,transactions,,,,,,,,,686.39,Q4,1,2026,5,2,Wednesday,0,0,2025-12-06 05:22:02.999867,2026-07-11 05:22:02.994684,151,27,6,Regular,True,False,False,False,False,False,False,False,27,6,686.39
1876.0,CUST_00206,2025-10-17 05:22:03.002721,186.89,3.0,electronics,Wallet,False,transactions,,,,,,,,,1233.1399999999999,Q4,1,2025,10,4,Friday,0,0,2025-09-25 05:22:02.999905,2026-06-26 05:22:02.993468,22,42,8,Regular,False,False,False,True,False,False,False,False,42,8,1233.1399999999999
1877.0,CUST_00116,2026-02-23 05:22:03.002726,60.22,4.0,home  garden,Debit Card,False,transactions,,,,,,,,,273.93,Q2,0,2026,2,1,Monday,0,0,2025-08-26 05:22:02.991773,2026-04-28 05:22:02.991079,181,101,4,Occasional,False,False,False,False,False,True,False,False,101,4,273.93
1878.0,CUST_00394,2026-02-21 05:22:03.002731,28.33,5.0,toys,Debit Card,True,transactions,,,,,,,,,602.33,Q1,0,2026,2,1,Saturday,1,0,2026-02-21 05:22:03.002731,2026-08-04 05:22:02.997832,0,3,6,Regular,False,False,False,False,False,False,False,True,3,6,602.33
1879.0,CUST_00295,2026-02-07 05:22:03.002737,133.07,5.0,home  garden,Debit Card,False,transactions,,,,,,,,,742.64,Q3,0,2026,2,1,Saturday,1,0,2025-12-31 05:22:02.992052,2026-08-06 05:22:02.996409,38,1,6,Regular,False,False,False,False,False,True,False,False,1,6,742.64
1880.0,CUST_00093,2026-06-17 05:22:03.002742,95.84,1.0,electronics,PayPal,True,transactions,,,,,,,,,387.45000000000005,Q3,0,2026,6,2,Wednesday,0,0,2025-10-09 05:22:03.003342,2026-06-17 05:22:03.002742,250,50,3,Occasional,False,False,False,True,False,False,False,False,50,3,387.45000000000005
1881.0,CUST_00168,2026-02-27 05:22:03.002747,225.2,2.0,sports,Debit Card,False,transactions,,,,,,,,,447.82,Q4,1,2026,2,1,Friday,0,0,2025-10-18 05:22:03.002656,2026-03-16 05:22:03.001995,132,143,4,Occasional,False,False,False,False,False,False,True,False,143,4,447.82
1882.0,CUST_00139,2026-04-10 05:22:03.002753,192.79,2.0,,Wallet,False,transactions,,,,,,,,,468.51,Q4,1,2026,4,2,Friday,0,0,2025-09-23 05:22:02.994300,2026-07-17 05:22:03.000947,199,21,4,Occasional,False,False,False,False,False,False,False,False,21,4,468.51
1883.0,CUST_00486,2026-01-27 05:22:03.002758,96.41,1.0,toys,Debit Card,False,transactions,,,,,,,,,536.38,Q3,0,2026,1,1,Tuesday,0,0,2025-08-14 05:22:02.992589,2026-04-15 05:22:02.996091,166,114,6,Regular,False,False,False,False,False,False,False,True,114,6,536.38
1884.0,CUST_00229,2025-12-26 05:22:03.002763,269.94,4.0,sports,Wallet,False,transactions,,,,,,,,,822.6800000000001,Q4,1,2025,12,4,Friday,0,1,2025-08-14 05:22:02.994966,2026-06-29 05:22:02.997936,134,39,5,Occasional,False,False,False,False,False,False,True,False,39,5,822.6800000000001
1885.0,CUST_00064,2026-06-21 05:22:03.002772,114.02,2.0,clothing,Debit Card,False,transactions,,,,,,,,,409.7,Q3,0,2026,6,2,Sunday,1,0,2025-08-24 05:22:02.994052,2026-06-21 05:22:03.002772,301,46,5,Occasional,False,False,True,False,False,False,False,False,46,5,409.7
1886.0,CUST_00251,2025-10-02 05:22:03.002777,79.73,3.0,beauty,Debit Card,True,transactions,,,,,,,,,116.47,Q2,0,2025,10,4,Thursday,0,0,2025-10-02 05:22:03.002777,2026-04-03 05:22:03.000587,0,126,2,Occasional,True,False,False,False,False,False,False,False,126,2,116.47
1887.0,CUST_00410,2025-11-21 05:22:03.002783,21.57,3.0,toys,Credit Card,True,transactions,,,,,,,,,102.74000000000001,Q1,0,2025,11,4,Friday,0,1,2025-11-06 05:22:02.993211,2026-01-03 05:22:02.995102,15,216,3,Occasional,False,False,False,False,False,False,False,True,216,3,102.74000000000001
1888.0,CUST_00009,2026-08-04 05:22:03.002788,45.79,4.0,groceries,Credit Card,False,transactions,,,,,,,,,663.55,Q1,0,2026,8,3,Tuesday,0,0,2025-12-01 05:22:02.996540,2026-08-04 05:22:03.002788,246,2,6,Regular,False,False,False,False,True,False,False,False,2,6,663.55
1889.0,CUST_00485,2026-03-02 05:22:03.002793,82.31,1.0,groceries,PayPal,False,transactions,,,,,,,,,505.88,Q2,0,2026,3,1,Monday,0,0,2025-08-18 05:22:02.996741,2026-07-05 05:22:03.002436,196,32,6,Regular,False,False,False,False,True,False,False,False,32,6,505.88
1890.0,CUST_00360,2026-06-25 05:22:03.002798,74.68,4.0,,PayPal,True,transactions,,,,,,,,,119.64000000000001,Q2,0,2026,6,2,Thursday,0,0,2026-02-13 05:22:03.000643,2026-06-25 05:22:03.002798,132,42,2,Occasional,False,False,False,False,False,False,False,False,42,2,119.64000000000001
1891.0,CUST_00460,2026-02-23 05:22:03.002803,123.5,1.0,home  garden,Debit Card,False,transactions,,,,,,,,,197.6,Q3,0,2026,2,1,Monday,0,0,2026-02-23 05:22:03.002803,2026-03-03 05:22:03.000129,0,157,2,Occasional,False,False,False,False,False,True,False,False,157,2,197.6
1892.0,CUST_00066,2025-11-15 05:22:03.002811,62.9,2.0,home  garden,Credit Card,False,transactions,,,,,,,,,711.38,Q2,0,2025,11,4,Saturday,1,1,2025-11-15 05:22:03.002811,2026-07-22 05:22:02.996628,0,16,7,Regular,False,False,False,False,False,True,False,False,16,7,711.38
1893.0,CUST_00411,2026-04-22 05:22:03.002817,169.07,3.0,beauty,Debit Card,False,transactions,,,,,,,,,672.35,Q4,1,2026,4,2,Wednesday,0,0,2025-09-01 05:22:02.992733,2026-04-22 05:22:03.002817,233,106,8,Regular,True,False,False,False,False,False,False,False,106,8,672.35
1894.0,CUST_00090,2025-11-15 05:22:03.002822,125.3,2.0,home  garden,Credit Card,True,transactions,,,,,,,,,544.84,Q3,0,2025,11,4,Saturday,1,1,2025-09-06 05:22:03.000824,2026-07-23 05:22:02.993689,70,15,6,Regular,False,False,False,False,False,True,False,False,15,6,544.84
1895.0,CUST_00016,2025-11-26 05:22:03.002828,175.61,2.0,books,PayPal,True,transactions,,,,,,,,,273.96000000000004,Q4,1,2025,11,4,Wednesday,0,1,2025-10-12 05:22:02.999022,2025-11-26 05:22:03.002828,45,253,2,Occasional,False,True,False,False,False,False,False,False,253,2,273.96000000000004
1896.0,CUST_00136,2025-09-23 05:22:03.002833,100.78,3.0,electronics,PayPal,False,transactions,,,,,,,,,499.83000000000004,Q3,0,2025,9,3,Tuesday,0,0,2025-09-23 05:22:03.002833,2026-06-09 05:22:02.996293,0,59,4,Occasional,False,False,False,True,False,False,False,False,59,4,499.83000000000004
1897.0,CUST_00241,2026-07-21 05:22:03.002838,190.88,2.0,,Wallet,True,transactions,,,,,,,,,854.38,Q4,1,2026,7,3,Tuesday,0,0,2025-11-22 05:22:02.996662,2026-07-21 05:22:03.002838,241,16,7,Regular,False,False,False,False,False,False,False,False,16,7,854.38
1898.0,CUST_00370,2025-11-12 05:22:03.002843,67.93,2.0,home  garden,PayPal,True,transactions,,,,,,,,,255.55,Q2,0,2025,11,4,Wednesday,0,1,2025-11-12 05:22:03.002843,2026-04-18 05:22:02.998697,0,111,4,Occasional,False,False,False,False,False,True,False,False,111,4,255.55
1899.0,CUST_00048,2026-01-05 05:22:03.002848,70.76,1.0,clothing,Wallet,True,transactions,,,,,,,,,709.69,Q2,0,2026,1,1,Monday,0,0,2025-08-15 05:22:02.996085,2026-03-07 05:22:02.995900,143,153,6,Regular,False,False,True,False,False,False,False,False,153,6,709.69
1900.0,CUST_00439,2025-11-06 05:22:03.002853,84.16,4.0,home  garden,Credit Card,False,transactions,,,,,,,,,289.96,Q2,0,2025,11,4,Thursday,0,1,2025-08-14 05:22:02.999079,2025-12-10 05:22:03.000167,84,240,5,Occasional,False,False,False,False,False,True,False,False,240,5,289.96
1901.0,CUST_00241,2026-03-29 05:22:03.002859,212.95,2.0,beauty,PayPal,True,transactions,,,,,,,,,854.38,Q4,1,2026,3,1,Sunday,1,0,2025-11-22 05:22:02.996662,2026-07-21 05:22:03.002838,127,16,7,Regular,True,False,False,False,False,False,False,False,16,7,854.38
1902.0,CUST_00343,2026-06-19 05:22:03.002864,45.32,4.0,toys,Debit Card,False,transactions,,,,,,,,,1101.07,Q1,0,2026,6,2,Friday,0,0,2025-11-09 05:22:02.992646,2026-07-29 05:22:02.995660,222,9,9,Regular,False,False,False,False,False,False,False,True,9,9,1101.07
1903.0,CUST_00264,2026-06-02 05:22:03.002869,100.72,2.0,sports,Credit Card,True,transactions,,,,,,,,,251.14999999999998,Q3,0,2026,6,2,Tuesday,0,0,2025-08-22 05:22:02.999400,2026-06-02 05:22:03.002869,284,65,4,Occasional,False,False,False,False,False,False,True,False,65,4,251.14999999999998
1904.0,CUST_00145,2025-09-27 05:22:03.002877,120.15,1.0,sports,Debit Card,True,transactions,,,,,,,,,599.3100000000001,Q3,0,2025,9,3,Saturday,1,0,2025-08-19 05:22:02.997773,2026-07-23 05:22:02.996175,39,15,5,Occasional,False,False,False,False,False,False,True,False,15,5,599.3100000000001
1905.0,CUST_00155,2026-02-20 05:22:03.002882,72.67,4.0,books,Debit Card,False,transactions,,,,,,,,,504.53,Q2,0,2026,2,1,Friday,0,0,2025-08-31 05:22:02.997015,2026-03-23 05:22:02.993076,173,137,7,Regular,False,True,False,False,False,False,False,False,137,7,504.53
1906.0,CUST_00192,2025-09-03 05:22:03.002888,35.13,2.0,electronics,Wallet,False,transactions,,,,,,,,,842.55,Q1,0,2025,9,3,Wednesday,0,0,2025-08-13 05:22:02.994451,2026-07-26 05:22:03.002614,21,11,10,Regular,False,False,False,True,False,False,False,False,11,10,842.55
1907.0,CUST_00407,2026-04-28 05:22:03.002893,131.2,2.0,electronics,Credit Card,True,transactions,,,,,,,,,377.78,Q3,0,2026,4,2,Tuesday,0,0,2025-08-25 05:22:02.996157,2026-06-27 05:22:02.999074,246,41,5,Occasional,False,False,False,True,False,False,False,False,41,5,377.78
1908.0,CUST_00122,2026-05-17 05:22:03.002898,23.84,4.0,,Wallet,False,transactions,,,,,,,,,413.86,Q1,0,2026,5,2,Sunday,1,0,2025-09-03 05:22:02.996285,2026-05-17 05:22:03.002898,256,81,5,Occasional,False,False,False,False,False,False,False,False,81,5,413.86
1909.0,CUST_00177,2026-05-03 05:22:03.002903,116.22,5.0,groceries,Debit Card,False,transactions,,,,,,,,,347.28999999999996,Q3,0,2026,5,2,Sunday,1,0,2025-11-03 05:22:02.993939,2026-05-03 05:22:03.002903,181,95,3,Occasional,False,False,False,False,True,False,False,False,95,3,347.28999999999996
1910.0,CUST_00135,2025-11-01 05:22:03.002909,165.61,4.0,clothing,PayPal,False,transactions,,,,,,,,,654.96,Q4,1,2025,11,4,Saturday,1,1,2025-08-23 05:22:03.000023,2026-06-25 05:22:02.995605,70,43,6,Regular,False,False,True,False,False,False,False,False,43,6,654.96
1911.0,CUST_00457,2026-05-04 05:22:03.002915,94.71,3.0,beauty,Wallet,True,transactions,,,,,,,,,802.2,Q3,0,2026,5,2,Monday,0,0,2025-08-29 05:22:02.998146,2026-05-04 05:22:03.002915,248,94,5,Occasional,True,False,False,False,False,False,False,False,94,5,802.2
1912.0,CUST_00234,2025-09-02 05:22:03.002920,173.22,1.0,beauty,PayPal,False,transactions,,,,,,,,,308.83000000000004,Q4,1,2025,9,3,Tuesday,0,0,2025-09-02 05:22:03.002920,2026-02-14 05:22:02.994435,0,174,2,Occasional,True,False,False,False,False,False,False,False,174,2,308.83000000000004
1913.0,CUST_00188,2026-01-01 05:22:03.002925,101.17,1.0,home  garden,Wallet,True,transactions,,,,,,,,,101.17,Q3,0,2026,1,1,Thursday,0,0,2026-01-01 05:22:03.002925,2026-01-01 05:22:03.002925,0,217,1,One-time,False,False,False,False,False,True,False,False,217,1,101.17
1914.0,CUST_00062,2025-10-30 05:22:03.002933,116.09,3.0,home  garden,PayPal,False,transactions,,,,,,,,,363.98,Q3,0,2025,10,4,Thursday,0,0,2025-10-24 05:22:02.997794,2026-06-04 05:22:03.000427,6,64,4,Occasional,False,False,False,False,False,True,False,False,64,4,363.98
1915.0,CUST_00284,2026-06-26 05:22:03.002941,85.46,5.0,home  garden,Debit Card,False,transactions,,,,,,,,,211.82999999999998,Q2,0,2026,6,2,Friday,0,0,2025-11-04 05:22:02.993896,2026-06-26 05:22:03.002941,234,41,3,Occasional,False,False,False,False,False,True,False,False,41,3,211.82999999999998
1916.0,CUST_00349,2026-04-16 05:22:03.002947,200.94,1.0,sports,PayPal,False,transactions,,,,,,,,,578.79,Q4,1,2026,4,2,Thursday,0,0,2025-10-12 05:22:02.993039,2026-07-03 05:22:03.000570,186,35,4,Occasional,False,False,False,False,False,False,True,False,35,4,578.79
1917.0,CUST_00400,2026-05-22 05:22:03.002958,117.03,5.0,electronics,PayPal,False,transactions,,,,,,,,,388.72,Q3,0,2026,5,2,Friday,0,0,2026-04-20 05:22:02.994068,2026-07-03 05:22:02.996414,32,35,3,Occasional,False,False,False,True,False,False,False,False,35,3,388.72
1918.0,CUST_00356,2025-11-09 05:22:03.002963,50.63,2.0,beauty,Debit Card,False,transactions,,,,,,,,,240.66000000000003,Q1,0,2025,11,4,Sunday,1,1,2025-10-09 05:22:02.996122,2026-03-07 05:22:02.991697,31,153,4,Occasional,True,False,False,False,False,False,False,False,153,4,240.66000000000003
1919.0,CUST_00440,2025-09-25 05:22:03.002969,212.45,2.0,home  garden,Wallet,True,transactions,,,,,,,,,821.35,Q4,1,2025,9,3,Thursday,0,0,2025-09-25 05:22:03.002969,2026-06-24 05:22:02.999378,0,44,7,Regular,False,False,False,False,False,True,False,False,44,7,821.35
1920.0,CUST_00143,2026-07-13 05:22:03.002974,275.16,4.0,books,Wallet,True,transactions,,,,,,,,,560.87,Q4,1,2026,7,3,Monday,0,0,2025-10-20 05:22:02.998176,2026-07-13 05:22:03.002974,266,24,5,Occasional,False,True,False,False,False,False,False,False,24,5,560.87
1921.0,CUST_00240,2026-02-24 05:22:03.002979,78.9,2.0,,PayPal,True,transactions,,,,,,,,,1090.39,Q2,0,2026,2,1,Tuesday,0,0,2025-09-03 05:22:02.996364,2026-03-21 05:22:02.992685,174,139,9,Regular,False,False,False,False,False,False,False,False,139,9,1090.39
1922.0,CUST_00343,2026-03-01 05:22:03.002985,190.47,2.0,clothing,Wallet,False,transactions,,,,,,,,,1101.07,Q4,1,2026,3,1,Sunday,1,0,2025-11-09 05:22:02.992646,2026-07-29 05:22:02.995660,112,9,9,Regular,False,False,True,False,False,False,False,False,9,9,1101.07
1923.0,CUST_00247,2026-05-17 05:22:03.002990,60.71,2.0,groceries,Wallet,False,transactions,,,,,,,,,366.05,Q2,0,2026,5,2,Sunday,1,0,2025-09-24 05:22:02.998344,2026-05-17 05:22:03.002990,235,81,4,Occasional,False,False,False,False,True,False,False,False,81,4,366.05
1924.0,CUST_00100,2026-04-02 05:22:03.002999,148.08,3.0,clothing,PayPal,False,transactions,,,,,,,,,912.4100000000001,Q4,1,2026,4,2,Thursday,0,0,2025-09-06 05:22:03.001808,2026-08-07 05:22:02.995932,208,0,7,Regular,False,False,True,False,False,False,False,False,0,7,912.4100000000001
1925.0,CUST_00206,2026-06-05 05:22:03.003005,274.39,5.0,home  garden,Debit Card,False,transactions,,,,,,,,,1233.1399999999999,Q4,1,2026,6,2,Friday,0,0,2025-09-25 05:22:02.999905,2026-06-26 05:22:02.993468,253,42,8,Regular,False,False,False,False,False,True,False,False,42,8,1233.1399999999999
1927.0,CUST_00307,2025-12-09 05:22:03.003025,117.99,2.0,toys,Credit Card,False,transactions,,,,,,,,,313.85,Q3,0,2025,12,4,Tuesday,0,1,2025-09-16 05:22:03.002147,2026-03-18 05:22:03.002268,84,141,3,Occasional,False,False,False,False,False,False,False,True,141,3,313.85
1928.0,CUST_00313,2025-12-18 05:22:03.003030,125.68,2.0,clothing,PayPal,True,transactions,,,,,,,,,938.87,Q3,0,2025,12,4,Thursday,0,1,2025-09-21 05:22:02.998309,2026-06-23 05:22:02.996228,88,45,7,Regular,False,False,True,False,False,False,False,False,45,7,938.87
1929.0,CUST_00487,2026-07-18 05:22:03.003035,75.0,4.0,books,Wallet,False,transactions,,,,,,,,,367.36,Q2,0,2026,7,3,Saturday,1,0,2025-10-21 05:22:02.992343,2026-07-31 05:22:02.994230,270,7,5,Occasional,False,True,False,False,False,False,False,False,7,5,367.36
1930.0,CUST_00087,2025-08-09 05:22:03.003041,64.19,4.0,books,Credit Card,False,transactions,,,,,,,,,385.53000000000003,Q2,0,2025,8,3,Saturday,1,0,2025-08-09 05:22:03.003041,2026-04-04 05:22:02.998092,0,125,5,Occasional,False,True,False,False,False,False,False,False,125,5,385.53000000000003
1931.0,CUST_00375,2025-10-03 05:22:03.003046,75.53,5.0,beauty,Wallet,True,transactions,,,,,,,,,144.76,Q2,0,2025,10,4,Friday,0,0,2025-10-03 05:22:03.003046,2026-01-10 05:22:03.002301,0,208,2,Occasional,True,False,False,False,False,False,False,False,208,2,144.76
1932.0,CUST_00494,2025-12-29 05:22:03.003051,49.91,4.0,electronics,PayPal,True,transactions,,,,,,,,,558.7,Q1,0,2025,12,4,Monday,0,1,2025-08-19 05:22:02.997706,2026-06-02 05:22:02.993649,132,66,7,Regular,False,False,False,True,False,False,False,False,66,7,558.7
1933.0,CUST_00376,2026-03-19 05:22:03.003057,120.83,3.0,beauty,PayPal,True,transactions,,,,,,,,,832.61,Q3,0,2026,3,1,Thursday,0,0,2025-10-17 05:22:02.996932,2026-06-17 05:22:03.002037,153,50,7,Regular,True,False,False,False,False,False,False,False,50,7,832.61
1934.0,CUST_00043,2026-08-01 05:22:03.003062,89.37,1.0,toys,Wallet,False,transactions,,,,,,,,,421.98,Q2,0,2026,8,3,Saturday,1,0,2025-11-05 05:22:02.996853,2026-08-01 05:22:03.003062,269,5,5,Occasional,False,False,False,False,False,False,False,True,5,5,421.98
1935.0,CUST_00223,2025-09-01 05:22:03.003067,82.38,3.0,clothing,Wallet,False,transactions,,,,,,,,,270.52,Q2,0,2025,9,3,Monday,0,0,2025-09-01 05:22:03.003067,2026-05-19 05:22:02.993891,0,80,3,Occasional,False,False,True,False,False,False,False,False,80,3,270.52
1936.0,CUST_00429,2025-10-22 05:22:03.003075,204.42,4.0,,Credit Card,False,transactions,,,,,,,,,721.2,Q4,1,2025,10,4,Wednesday,0,0,2025-09-25 05:22:02.995077,2026-01-21 05:22:02.995433,27,198,5,Occasional,False,False,False,False,False,False,False,False,198,5,721.2
1937.0,CUST_00407,2025-09-12 05:22:03.003080,44.14,1.0,clothing,Debit Card,False,transactions,,,,,,,,,377.78,Q1,0,2025,9,3,Friday,0,0,2025-08-25 05:22:02.996157,2026-06-27 05:22:02.999074,18,41,5,Occasional,False,False,True,False,False,False,False,False,41,5,377.78
1938.0,CUST_00345,2025-08-09 05:22:03.003086,62.34,5.0,groceries,Credit Card,False,transactions,,,,,,,,,161.38,Q2,0,2025,8,3,Saturday,1,0,2025-08-09 05:22:03.003086,2026-03-03 05:22:02.992761,0,157,3,Occasional,False,False,False,False,True,False,False,False,157,3,161.38
1939.0,CUST_00404,2025-12-25 05:22:03.003091,69.47,4.0,electronics,Wallet,False,transactions,,,,,,,,,130.38,Q2,0,2025,12,4,Thursday,0,1,2025-12-25 05:22:03.003091,2026-01-06 05:22:03.002587,0,212,2,Occasional,False,False,False,True,False,False,False,False,212,2,130.38
1940.0,CUST_00014,2026-04-19 05:22:03.003096,199.19,5.0,,PayPal,False,transactions,,,,,,,,,613.27,Q4,1,2026,4,2,Sunday,1,0,2025-08-16 05:22:02.999860,2026-06-01 05:22:02.991895,246,67,6,Regular,False,False,False,False,False,False,False,False,67,6,613.27
1941.0,CUST_00472,2026-01-08 05:22:03.003101,96.3,1.0,toys,PayPal,False,transactions,,,,,,,,,1449.15,Q3,0,2026,1,1,Thursday,0,0,2025-08-28 05:22:02.994535,2026-04-25 05:22:02.993473,133,104,10,Regular,False,False,False,False,False,False,False,True,104,10,1449.15
1942.0,CUST_00350,2026-02-12 05:22:03.003107,161.79,3.0,sports,Credit Card,False,transactions,,,,,,,,,354.59000000000003,Q4,1,2026,2,1,Thursday,0,0,2025-10-29 05:22:02.999598,2026-04-01 05:22:02.994566,106,128,4,Occasional,False,False,False,False,False,False,True,False,128,4,354.59000000000003
1943.0,CUST_00358,2025-09-16 05:22:03.003114,118.42,3.0,home  garden,PayPal,True,transactions,,,,,,,,,679.42,Q3,0,2025,9,3,Tuesday,0,0,2025-09-16 05:22:03.003114,2026-07-10 05:22:03.003393,0,27,7,Regular,False,False,False,False,False,True,False,False,27,7,679.42
1944.0,CUST_00386,2026-02-10 05:22:03.003120,108.09,2.0,toys,PayPal,False,transactions,,,,,,,,,860.97,Q3,0,2026,2,1,Tuesday,0,0,2025-08-10 05:22:02.998125,2026-06-14 05:22:03.001297,184,54,7,Regular,False,False,False,False,False,False,False,True,54,7,860.97
1945.0,CUST_00276,2026-04-13 05:22:03.003125,136.29,3.0,books,Credit Card,False,transactions,,,,,,,,,253.01999999999998,Q3,0,2026,4,2,Monday,0,0,2025-12-16 05:22:03.001685,2026-04-13 05:22:03.003125,118,115,2,Occasional,False,True,False,False,False,False,False,False,115,2,253.01999999999998
1946.0,CUST_00161,2025-09-23 05:22:03.003130,133.04,4.0,home  garden,Debit Card,False,transactions,,,,,,,,,787.8,Q3,0,2025,9,3,Tuesday,0,0,2025-09-23 05:22:03.003130,2026-05-11 05:22:02.992605,0,88,6,Regular,False,False,False,False,False,True,False,False,88,6,787.8
1947.0,CUST_00363,2025-12-02 05:22:03.003136,27.5,3.0,beauty,PayPal,True,transactions,,,,,,,,,707.75,Q1,0,2025,12,4,Tuesday,0,1,2025-12-02 05:22:03.003136,2026-06-25 05:22:02.992150,0,43,6,Regular,True,False,False,False,False,False,False,False,43,6,707.75
1948.0,CUST_00492,2026-05-13 05:22:03.003141,186.95,3.0,electronics,PayPal,True,transactions,,,,,,,,,877.08,Q4,1,2026,5,2,Wednesday,0,0,2025-09-12 05:22:02.999432,2026-05-13 05:22:03.003141,243,85,8,Regular,False,False,False,True,False,False,False,False,85,8,877.08
1950.0,CUST_00357,2026-06-30 05:22:03.003151,65.82,2.0,clothing,Wallet,True,transactions,,,,,,,,,770.7,Q2,0,2026,6,2,Tuesday,0,0,2025-09-11 05:22:02.999315,2026-07-08 05:22:02.994366,292,30,8,Regular,False,False,True,False,False,False,False,False,30,8,770.7
1951.0,CUST_00075,2026-02-14 05:22:03.003156,168.25,5.0,beauty,Wallet,False,transactions,,,,,,,,,407.97,Q4,1,2026,2,1,Saturday,1,0,2025-11-09 05:22:02.996307,2026-07-11 05:22:02.994560,97,27,4,Occasional,True,False,False,False,False,False,False,False,27,4,407.97
1952.0,CUST_00490,2026-03-10 05:22:03.003162,62.94,5.0,clothing,Debit Card,False,transactions,,,,,,,,,380.08,Q2,0,2026,3,1,Tuesday,0,0,2025-10-29 05:22:02.992420,2026-05-05 05:22:02.994623,132,94,4,Occasional,False,False,True,False,False,False,False,False,94,4,380.08
1953.0,CUST_00021,2026-04-04 05:22:03.003167,53.19,5.0,home  garden,PayPal,False,transactions,,,,,,,,,280.83,Q1,0,2026,4,2,Saturday,1,0,2025-10-31 05:22:02.994318,2026-06-26 05:22:02.997056,155,42,3,Occasional,False,False,False,False,False,True,False,False,42,3,280.83
1954.0,CUST_00115,2025-08-17 05:22:03.003172,122.91,2.0,sports,Wallet,False,transactions,,,,,,,,,258.1,Q3,0,2025,8,3,Sunday,1,0,2025-08-17 05:22:03.003172,2026-07-14 05:22:02.998262,0,24,3,Occasional,False,False,False,False,False,False,True,False,24,3,258.1
1955.0,CUST_00111,2026-05-25 05:22:03.003178,60.18,1.0,books,Credit Card,True,transactions,,,,,,,,,481.33,Q2,0,2026,5,2,Monday,0,0,2025-11-27 05:22:02.999162,2026-05-25 05:22:03.003178,179,73,4,Occasional,False,True,False,False,False,False,False,False,73,4,481.33
1956.0,CUST_00248,2025-12-26 05:22:03.003185,98.95,4.0,sports,Wallet,False,transactions,,,,,,,,,228.96,Q3,0,2025,12,4,Friday,0,1,2025-12-26 05:22:03.003185,2026-05-05 05:22:03.000776,0,94,3,Occasional,False,False,False,False,False,False,True,False,94,3,228.96
1957.0,CUST_00455,2026-01-21 05:22:03.003191,244.51,3.0,beauty,PayPal,False,transactions,,,,,,,,,729.98,Q4,1,2026,1,1,Wednesday,0,0,2025-11-02 05:22:02.997875,2026-07-12 05:22:02.995339,80,26,6,Regular,True,False,False,False,False,False,False,False,26,6,729.98
1958.0,CUST_00187,2026-04-09 05:22:03.003196,197.5,3.0,beauty,Debit Card,False,transactions,,,,,,,,,750.36,Q4,1,2026,4,2,Thursday,0,0,2025-08-25 05:22:02.999141,2026-06-10 05:22:03.000279,227,58,6,Regular,True,False,False,False,False,False,False,False,58,6,750.36
1959.0,CUST_00424,2025-08-13 05:22:03.003202,137.69,2.0,home  garden,Wallet,False,transactions,,,,,,,,,273.58000000000004,Q3,0,2025,8,3,Wednesday,0,0,2025-08-13 05:22:03.003202,2026-07-08 05:22:03.002349,0,29,3,Occasional,False,False,False,False,False,True,False,False,29,3,273.58000000000004
1960.0,CUST_00054,2025-10-02 05:22:03.003207,72.5,2.0,beauty,Debit Card,False,transactions,,,,,,,,,415.49,Q2,0,2025,10,4,Thursday,0,0,2025-10-02 05:22:03.003207,2026-03-22 05:22:02.999803,0,138,4,Occasional,True,False,False,False,False,False,False,False,138,4,415.49
1961.0,CUST_00295,2026-07-11 05:22:03.003213,180.16,4.0,toys,Wallet,False,transactions,,,,,,,,,742.64,Q4,1,2026,7,3,Saturday,1,0,2025-12-31 05:22:02.992052,2026-08-06 05:22:02.996409,192,1,6,Regular,False,False,False,False,False,False,False,True,1,6,742.64
1962.0,CUST_00088,2026-07-27 05:22:03.003218,116.52,5.0,toys,Credit Card,True,transactions,,,,,,,,,620.36,Q3,0,2026,7,3,Monday,0,0,2026-01-27 05:22:02.993877,2026-07-29 05:22:02.998740,181,9,6,Regular,False,False,False,False,False,False,False,True,9,6,620.36
1963.0,CUST_00245,2025-08-11 05:22:03.003232,92.99,2.0,clothing,Credit Card,True,transactions,,,,,,,,,216.07,Q3,0,2025,8,3,Monday,0,0,2025-08-11 05:22:03.003232,2026-08-07 05:22:02.993797,0,0,3,Occasional,False,False,True,False,False,False,False,False,0,3,216.07
1964.0,CUST_00142,2025-10-20 05:22:03.003238,171.84,3.0,electronics,Wallet,False,transactions,,,,,,,,,442.38,Q4,1,2025,10,4,Monday,0,0,2025-09-14 05:22:02.994100,2026-03-28 05:22:03.001123,36,132,4,Occasional,False,False,False,True,False,False,False,False,132,4,442.38
1965.0,CUST_00392,2026-05-31 05:22:03.003244,135.84,4.0,sports,PayPal,False,transactions,,,,,,,,,705.46,Q3,0,2026,5,2,Sunday,1,0,2025-10-17 05:22:02.991142,2026-05-31 05:22:03.003244,226,67,7,Regular,False,False,False,False,False,False,True,False,67,7,705.46
1966.0,CUST_00346,2026-03-05 05:22:03.003249,105.43,3.0,sports,Wallet,False,transactions,,,,,,,,,315.64,Q3,0,2026,3,1,Thursday,0,0,2025-11-29 05:22:02.997072,2026-07-20 05:22:02.995014,96,18,5,Occasional,False,False,False,False,False,False,True,False,18,5,315.64
1967.0,CUST_00277,2025-08-24 05:22:03.003254,125.29,5.0,beauty,Credit Card,True,transactions,,,,,,,,,673.65,Q3,0,2025,8,3,Sunday,1,0,2025-08-24 05:22:03.003254,2026-04-06 05:22:02.999095,0,123,5,Occasional,True,False,False,False,False,False,False,False,123,5,673.65
1968.0,CUST_00184,2025-10-11 05:22:03.003259,28.72,1.0,clothing,Wallet,True,transactions,,,,,,,,,70.07,Q1,0,2025,10,4,Saturday,1,0,2025-10-11 05:22:03.003259,2026-05-31 05:22:02.995379,0,68,3,Occasional,False,False,True,False,False,False,False,False,68,3,70.07
1969.0,CUST_00376,2026-04-30 05:22:03.003265,87.7,2.0,home  garden,Credit Card,False,transactions,,,,,,,,,832.61,Q2,0,2026,4,2,Thursday,0,0,2025-10-17 05:22:02.996932,2026-06-17 05:22:03.002037,195,50,7,Regular,False,False,False,False,False,True,False,False,50,7,832.61
1970.0,CUST_00254,2026-06-07 05:22:03.003270,110.96,3.0,clothing,Wallet,False,transactions,,,,,,,,,449.11,Q3,0,2026,6,2,Sunday,1,0,2025-10-06 05:22:02.992489,2026-06-07 05:22:03.003270,244,60,4,Occasional,False,False,True,False,False,False,False,False,60,4,449.11
1971.0,CUST_00486,2025-08-22 05:22:03.003275,65.66,4.0,groceries,Wallet,False,transactions,,,,,,,,,536.38,Q2,0,2025,8,3,Friday,0,0,2025-08-14 05:22:02.992589,2026-04-15 05:22:02.996091,8,114,6,Regular,False,False,False,False,True,False,False,False,114,6,536.38
1972.0,CUST_00176,2026-05-06 05:22:03.003287,39.21,1.0,books,Wallet,True,transactions,,,,,,,,,663.98,Q1,0,2026,5,2,Wednesday,0,0,2025-09-10 05:22:02.993189,2026-05-06 05:22:03.003287,238,92,7,Regular,False,True,False,False,False,False,False,False,92,7,663.98
1973.0,CUST_00256,2026-06-22 05:22:03.003292,95.21,2.0,books,Debit Card,False,transactions,,,,,,,,,272.3,Q3,0,2026,6,2,Monday,0,0,2025-08-25 05:22:02.997117,2026-06-22 05:22:03.003292,301,45,3,Occasional,False,True,False,False,False,False,False,False,45,3,272.3
1974.0,CUST_00332,2025-09-17 05:22:03.003297,30.82,1.0,beauty,Credit Card,False,transactions,,,,,,,,,179.9,Q1,0,2025,9,3,Wednesday,0,0,2025-09-17 05:22:03.003297,2026-03-01 05:22:02.997179,0,159,3,Occasional,True,False,False,False,False,False,False,False,159,3,179.9
1975.0,CUST_00011,2025-10-01 05:22:03.003302,17.93,1.0,electronics,Credit Card,False,transactions,,,,,,,,,396.49,Q1,0,2025,10,4,Wednesday,0,0,2025-10-01 05:22:03.003302,2026-03-02 05:22:02.999722,0,158,5,Occasional,False,False,False,True,False,False,False,False,158,5,396.49
1976.0,CUST_00494,2025-11-10 05:22:03.003308,33.49,1.0,electronics,PayPal,False,transactions,,,,,,,,,558.7,Q1,0,2025,11,4,Monday,0,1,2025-08-19 05:22:02.997706,2026-06-02 05:22:02.993649,83,66,7,Regular,False,False,False,True,False,False,False,False,66,7,558.7
1977.0,CUST_00464,2025-10-21 05:22:03.003313,51.15,5.0,beauty,Debit Card,False,transactions,,,,,,,,,276.76,Q1,0,2025,10,4,Tuesday,0,0,2025-10-21 05:22:03.003313,2026-07-20 05:22:02.997284,0,18,3,Occasional,True,False,False,False,False,False,False,False,18,3,276.76
1978.0,CUST_00318,2025-11-25 05:22:03.003318,40.8,2.0,sports,Credit Card,True,transactions,,,,,,,,,312.58,Q1,0,2025,11,4,Tuesday,0,1,2025-09-26 05:22:02.993732,2026-07-03 05:22:02.994751,60,35,3,Occasional,False,False,False,False,False,False,True,False,35,3,312.58
1979.0,CUST_00468,2026-05-20 05:22:03.003323,129.8,5.0,beauty,Wallet,True,transactions,,,,,,,,,462.56000000000006,Q3,0,2026,5,2,Wednesday,0,0,2025-09-06 05:22:02.993578,2026-07-29 05:22:02.998081,256,9,5,Occasional,True,False,False,False,False,False,False,False,9,5,462.56000000000006
1980.0,CUST_00451,2026-05-09 05:22:03.003328,59.46,5.0,home  garden,Wallet,False,transactions,,,,,,,,,792.92,Q2,0,2026,5,2,Saturday,1,0,2025-08-18 05:22:03.000549,2026-06-21 05:22:02.993320,264,47,6,Regular,False,False,False,False,False,True,False,False,47,6,792.92
1981.0,CUST_00020,2025-11-05 05:22:03.003333,63.92,1.0,books,Credit Card,False,transactions,,,,,,,,,276.2,Q2,0,2025,11,4,Wednesday,0,1,2025-10-06 05:22:02.996563,2026-06-05 05:22:02.998939,30,63,5,Occasional,False,True,False,False,False,False,False,False,63,5,276.2
1982.0,CUST_00093,2025-10-09 05:22:03.003342,190.74,5.0,home  garden,Wallet,False,transactions,,,,,,,,,387.45000000000005,Q4,1,2025,10,4,Thursday,0,0,2025-10-09 05:22:03.003342,2026-06-17 05:22:03.002742,0,50,3,Occasional,False,False,False,False,False,True,False,False,50,3,387.45000000000005
1984.0,CUST_00484,2026-06-09 05:22:03.003353,273.83,5.0,clothing,PayPal,False,transactions,,,,,,,,,442.57,Q4,1,2026,6,2,Tuesday,0,0,2026-01-14 05:22:02.991583,2026-06-09 05:22:03.003353,146,58,2,Occasional,False,False,True,False,False,False,False,False,58,2,442.57
1985.0,CUST_00492,2025-11-29 05:22:03.003358,22.77,2.0,,Credit Card,True,transactions,,,,,,,,,877.08,Q1,0,2025,11,4,Saturday,1,1,2025-09-12 05:22:02.999432,2026-05-13 05:22:03.003141,78,85,8,Regular,False,False,False,False,False,False,False,False,85,8,877.08
1986.0,CUST_00472,2025-12-05 05:22:03.003364,270.68,5.0,clothing,Credit Card,False,transactions,,,,,,,,,1449.15,Q4,1,2025,12,4,Friday,0,1,2025-08-28 05:22:02.994535,2026-04-25 05:22:02.993473,99,104,10,Regular,False,False,True,False,False,False,False,False,104,10,1449.15
1987.0,CUST_00165,2025-11-11 05:22:03.003369,103.21,5.0,groceries,Debit Card,False,transactions,,,,,,,,,578.1,Q3,0,2025,11,4,Tuesday,0,1,2025-11-11 05:22:03.003369,2026-04-21 05:22:02.999587,0,108,4,Occasional,False,False,False,False,True,False,False,False,108,4,578.1
1988.0,CUST_00070,2025-12-21 05:22:03.003374,67.47,2.0,books,Wallet,False,transactions,,,,,,,,,175.92000000000002,Q2,0,2025,12,4,Sunday,1,1,2025-12-10 05:22:02.998923,2025-12-21 05:22:03.003374,11,228,2,Occasional,False,True,False,False,False,False,False,False,228,2,175.92000000000002
1989.0,CUST_00194,2026-06-26 05:22:03.003380,264.67,4.0,electronics,PayPal,False,transactions,,,,,,,,,657.15,Q4,1,2026,6,2,Friday,0,0,2025-09-06 05:22:03.001479,2026-06-26 05:22:03.003380,293,41,5,Occasional,False,False,False,True,False,False,False,False,41,5,657.15
1990.0,CUST_00313,2026-01-20 05:22:03.003387,122.36,3.0,toys,PayPal,True,transactions,,,,,,,,,938.87,Q3,0,2026,1,1,Tuesday,0,0,2025-09-21 05:22:02.998309,2026-06-23 05:22:02.996228,121,45,7,Regular,False,False,False,False,False,False,False,True,45,7,938.87
1991.0,CUST_00358,2026-07-10 05:22:03.003393,81.53,5.0,electronics,Credit Card,False,transactions,,,,,,,,,679.42,Q2,0,2026,7,3,Friday,0,0,2025-09-16 05:22:03.003114,2026-07-10 05:22:03.003393,297,27,7,Regular,False,False,False,True,False,False,False,False,27,7,679.42
1992.0,CUST_00301,2025-10-19 05:22:03.003398,88.45,5.0,home  garden,Credit Card,False,transactions,,,,,,,,,156.04000000000002,Q2,0,2025,10,4,Sunday,1,0,2025-10-19 05:22:03.003398,2026-04-08 05:22:02.998071,0,121,2,Occasional,False,False,False,False,False,True,False,False,121,2,156.04000000000002
1993.0,CUST_00025,2026-03-05 05:22:03.003403,58.42,4.0,sports,Credit Card,True,transactions,,,,,,,,,203.23000000000002,Q1,0,2026,3,1,Thursday,0,0,2026-01-18 05:22:03.000393,2026-05-24 05:22:02.996792,46,75,3,Occasional,False,False,False,False,False,False,True,False,75,3,203.23000000000002
1994.0,CUST_00351,2025-12-28 05:22:03.003409,36.37,5.0,home  garden,Credit Card,True,transactions,,,,,,,,,824.26,Q1,0,2025,12,4,Sunday,1,1,2025-08-08 05:22:03.000714,2026-06-18 05:22:02.994021,142,50,8,Regular,False,False,False,False,False,True,False,False,50,8,824.26
1995.0,CUST_00051,2025-12-16 05:22:03.003414,83.15,2.0,sports,Credit Card,True,transactions,,,,,,,,,317.92,Q2,0,2025,12,4,Tuesday,0,1,2025-08-09 05:22:03.000206,2026-02-20 05:22:03.002452,129,167,3,Occasional,False,False,False,False,False,False,True,False,167,3,317.92
1996.0,CUST_00254,2026-04-24 05:22:03.003419,138.78,5.0,,Wallet,False,transactions,,,,,,,,,449.11,Q3,0,2026,4,2,Friday,0,0,2025-10-06 05:22:02.992489,2026-06-07 05:22:03.003270,200,60,4,Occasional,False,False,False,False,False,False,False,False,60,4,449.11
1997.0,CUST_00353,2026-06-09 05:22:03.003424,75.44,3.0,electronics,PayPal,True,transactions,,,,,,,,,871.96,Q2,0,2026,6,2,Tuesday,0,0,2025-09-25 05:22:03.002103,2026-06-28 05:22:02.993020,257,40,8,Regular,False,False,False,True,False,False,False,False,40,8,871.96
1998.0,CUST_00200,2026-04-13 05:22:03.003430,93.3,3.0,,Debit Card,False,transactions,,,,,,,,,358.39,Q3,0,2026,4,2,Monday,0,0,2025-08-20 05:22:03.002630,2026-04-13 05:22:03.003430,236,115,4,Occasional,False,False,False,False,False,False,False,False,115,4,358.39
1999.0,CUST_00319,2025-08-30 05:22:03.003435,61.78,3.0,groceries,PayPal,False,transactions,,,,,,,,,471.9,Q2,0,2025,8,3,Saturday,1,0,2025-08-30 05:22:03.003435,2026-06-13 05:22:03.000314,0,55,5,Occasional,False,False,False,False,True,False,False,False,55,5,471.9
2000.0,CUST_00450,2025-09-07 05:22:03.003440,59.74,3.0,groceries,Wallet,True,transactions,,,,,,,,,135.92000000000002,Q2,0,2025,9,3,Sunday,1,0,2025-09-07 05:22:03.003440,2026-07-17 05:22:02.995798,0,21,2,Occasional,False,False,False,False,True,False,False,False,21,2,135.92000000000002
